gutenberg_id	title	author	sentence
1342	Pride and Prejudice	Jane Austen	From the drawing-room they could distinguish nothing in the lane, and were indebted to Mr
345	Dracula	Bram Stoker	Thus, in fine, if he escape not on shore to-night, or before dawn, there will be the whole day lost to him
1661	The Adventures of Sherlock Holmes	Arthur Conan Doyle	Twice burglars in my pay ransacked her house
345	Dracula	Bram Stoker	For an instant or two we paused at the door to listen, but there was no sound that we could hear
345	Dracula	Bram Stoker	Let me hear how she died; for all that I know of her, I shall be very grateful
1342	Pride and Prejudice	Jane Austen	You ought all to have learned
1661	The Adventures of Sherlock Holmes	Arthur Conan Doyle	One of the farms which he held, that of Hatherley, was let to Mr
1661	The Adventures of Sherlock Holmes	Arthur Conan Doyle	I shall call with the King to-morrow, and with you, if you care to come with us
1661	The Adventures of Sherlock Holmes	Arthur Conan Doyle	There was never any mystery in the matter, though, as I said yesterday, some of the details are of interest
1661	The Adventures of Sherlock Holmes	Arthur Conan Doyle	Outside the wind still screamed and the rain splashed and pattered against the windows
345	Dracula	Bram Stoker	He made me sit next to him on his right, and asked me to act as secretary; Jonathan sat next to me
345	Dracula	Bram Stoker	The qualitative analysis gives a quite normal condition, and shows, I should infer, in itself a vigorous state of health
1661	The Adventures of Sherlock Holmes	Arthur Conan Doyle	Bring him into the sitting-room
1661	The Adventures of Sherlock Holmes	Arthur Conan Doyle	In ten days I had the money and had paid the debt
345	Dracula	Bram Stoker	To-day, then, is ours; and in it rests our hope
1342	Pride and Prejudice	Jane Austen	No one who has ever seen you together can doubt his affection; Miss Bingley, I am sure, cannot: she is not such a simpleton
1342	Pride and Prejudice	Jane Austen	I must conclude, for I cannot be long from my poor mother
1661	The Adventures of Sherlock Holmes	Arthur Conan Doyle	My father had a small factory at Coventry, which he enlarged at the time of the invention of bicycling
1661	The Adventures of Sherlock Holmes	Arthur Conan Doyle	Jones, of Scotland Yard
1661	The Adventures of Sherlock Holmes	Arthur Conan Doyle	His brows were drawn into two hard black lines, while his eyes shone out from beneath them with a steely glitter
1661	The Adventures of Sherlock Holmes	Arthur Conan Doyle	But then, when I found how I had betrayed myself, I began to think
345	Dracula	Bram Stoker	I am glad to say that, though I was crying, I was able to look into Mr
1661	The Adventures of Sherlock Holmes	Arthur Conan Doyle	His dress was rich with a richness which would, in England, be looked upon as akin to bad taste
345	Dracula	Bram Stoker	The man is an undeveloped homicidal maniac
1342	Pride and Prejudice	Jane Austen	But before she had been three minutes in her own room, her mother followed her
345	Dracula	Bram Stoker	I feel there is something ominous in his calm, and shall not forget this night
1342	Pride and Prejudice	Jane Austen	At that moment she cared for no other
1661	The Adventures of Sherlock Holmes	Arthur Conan Doyle	Besides, I knew that my assistant was a good man, and that he would see to anything that turned up
345	Dracula	Bram Stoker	A terrible desire came upon me to rid the world of such a monster
1661	The Adventures of Sherlock Holmes	Arthur Conan Doyle	There are not many in London which charge at that rate
345	Dracula	Bram Stoker	These Szgany are gipsies; I have notes of them in my book
345	Dracula	Bram Stoker	I wish I could put down all he said exactly as he said it, for to me it was most fascinating
345	Dracula	Bram Stoker	Ever since then I have taken care not to take off my hat or veil, and so have escaped their suspicions
1661	The Adventures of Sherlock Holmes	Arthur Conan Doyle	My life is spent in one long effort to escape from the commonplaces of existence
1342	Pride and Prejudice	Jane Austen	I fancy she was wanted about the mince-pies
1342	Pride and Prejudice	Jane Austen	She seldom listened to anybody for more than half a minute, and never attended to Mary at all
345	Dracula	Bram Stoker	This time he had broken out through the window of his room, and was running down the avenue
1342	Pride and Prejudice	Jane Austen	He could not help seeing that you were about five times as pretty as every other woman in the room
1342	Pride and Prejudice	Jane Austen	He drew a chair near her
345	Dracula	Bram Stoker	That he is not here already shows that he went to Mile End next
345	Dracula	Bram Stoker	Van Helsing, I have nothing to say
345	Dracula	Bram Stoker	The castle is on the very edge of a terrible precipice
1342	Pride and Prejudice	Jane Austen	Bingley thought her quite beautiful, and danced with her twice
1661	The Adventures of Sherlock Holmes	Arthur Conan Doyle	I assure you that your little problem promises to be the most interesting which has come my way for some months
345	Dracula	Bram Stoker	Mother did not seem to take to my proposal
1661	The Adventures of Sherlock Holmes	Arthur Conan Doyle	If you have not, you are not fitted for the rearing of a child who may some day play a considerable part in the history of the country
1342	Pride and Prejudice	Jane Austen	I shall entreat his pardon for not having done it earlier
1342	Pride and Prejudice	Jane Austen	My dear aunt, how could you think of it
1342	Pride and Prejudice	Jane Austen	Wickham; and nothing less than a dance on Tuesday could have made such a Friday, Saturday, Sunday, and Monday endurable to Kitty and Lydia
345	Dracula	Bram Stoker	At length she grew more calm and turning to him said, sweetly, but oh
1661	The Adventures of Sherlock Holmes	Arthur Conan Doyle	I wish she had been of my own station
1661	The Adventures of Sherlock Holmes	Arthur Conan Doyle	It had ceased ere I was wide awake, but it had left an impression behind it as though a window had gently closed somewhere
1342	Pride and Prejudice	Jane Austen	Colonel Fitzwilliam was no longer an object
1661	The Adventures of Sherlock Holmes	Arthur Conan Doyle	I thought at the time that this might be the maid and her sweetheart, of whom you had already spoken to me, and inquiry showed it was so
1342	Pride and Prejudice	Jane Austen	And what do you think she said besides
1342	Pride and Prejudice	Jane Austen	Forster, the wife of the colonel of the regiment, to accompany her to Brighton
1661	The Adventures of Sherlock Holmes	Arthur Conan Doyle	She listened for an instant, threw up her hands with a despairing gesture, and vanished as suddenly and as noiselessly as she had come
1661	The Adventures of Sherlock Holmes	Arthur Conan Doyle	It exists because of the efforts of hundreds of volunteers and donations from people in all walks of life
1342	Pride and Prejudice	Jane Austen	He bore it, however, with admirable calmness
345	Dracula	Bram Stoker	We had dinner and went to bed early
1342	Pride and Prejudice	Jane Austen	_Their_ situation was awkward enough; but _hers_ she thought was still worse
345	Dracula	Bram Stoker	I know now what men feel in battle when the call to action is heard
345	Dracula	Bram Stoker	Be wise also, my friends
345	Dracula	Bram Stoker	She has not been so calm, within my seeing, since the sunset
345	Dracula	Bram Stoker	They wore high boots, with their trousers tucked into them, and had long black hair and heavy black moustaches
1342	Pride and Prejudice	Jane Austen	Miss Lucas perceived him from an upper window as he walked towards the house, and instantly set out to meet him accidentally in the lane
1342	Pride and Prejudice	Jane Austen	In her kind schemes for Elizabeth, she sometimes planned her marrying Colonel Fitzwilliam
1661	The Adventures of Sherlock Holmes	Arthur Conan Doyle	Angel began to call, for it was obvious that the matter should be pushed as far as it would go if a real effect were to be produced
345	Dracula	Bram Stoker	Why, your explanation makes it a harder puzzle than before
1342	Pride and Prejudice	Jane Austen	Could he expect to be noticed again by the regiment, after such an affront to Colonel Forster
1661	The Adventures of Sherlock Holmes	Arthur Conan Doyle	We soothed and comforted her by such words as we could find
345	Dracula	Bram Stoker	Then there was the sound of rattling chains and the clanking of massive bolts drawn back
1661	The Adventures of Sherlock Holmes	Arthur Conan Doyle	After an hour or so, Mr
345	Dracula	Bram Stoker	Somewhere high overhead, probably on the tower, I heard the voice of the Count calling in his harsh, metallic whisper
345	Dracula	Bram Stoker	To her I have explained my situation, but without the horrors which I may only surmise
1342	Pride and Prejudice	Jane Austen	It gives me pain to speak ill of a Darcy; but she is too much like her brother,--very, very proud
345	Dracula	Bram Stoker	At length we saw a four-wheeler drive up
345	Dracula	Bram Stoker	Not a detail that I can recall must be forgotten; in all calmness I must proceed
345	Dracula	Bram Stoker	Not knowing what to trust, I did not know what to do; and so had only to keep on working in what had hitherto been the groove of my life
1661	The Adventures of Sherlock Holmes	Arthur Conan Doyle	We should have acted before this
345	Dracula	Bram Stoker	But as to the odour itself, how shall I describe it
345	Dracula	Bram Stoker	When I have returned you will be master of all the facts, and we can then better enter on our inquisition
345	Dracula	Bram Stoker	I daresay it is the waiting which disturbs her; she will be all right when he arrives
345	Dracula	Bram Stoker	He must, indeed, have been that Voivode Dracula who won his name against the Turk, over the great river on the very frontier of Turkey-land
1661	The Adventures of Sherlock Holmes	Arthur Conan Doyle	The salesman nodded and shot a questioning glance at my companion
1342	Pride and Prejudice	Jane Austen	And as I come back, I can call on Lady Lucas and Mrs
345	Dracula	Bram Stoker	Presently we both began to be conscious that the heat was beginning to be of some effect
1342	Pride and Prejudice	Jane Austen	Collins, gratefully accepted, and immediately ordered
1342	Pride and Prejudice	Jane Austen	It cannot be for _me_, it cannot be for _my_ sake that his manners are thus softened
1342	Pride and Prejudice	Jane Austen	Wickham has created, a suspicion of their nature shall not prevent me from unfolding his real character
345	Dracula	Bram Stoker	If you will not help us in our effort to choose the wisest course, how can we perform the duty which you yourself put upon us
345	Dracula	Bram Stoker	The band on the pier is playing a harsh waltz in good time, and further along the quay there is a Salvation Army meeting in a back street
1661	The Adventures of Sherlock Holmes	Arthur Conan Doyle	It was no wonder that no one was stirring
1342	Pride and Prejudice	Jane Austen	Here are officers enough at Meryton to disappoint all the young ladies in the country
1342	Pride and Prejudice	Jane Austen	The other is Miss De Bourgh
1661	The Adventures of Sherlock Holmes	Arthur Conan Doyle	She is waiting now in the sitting-room
345	Dracula	Bram Stoker	I had expected a rush of gas from the week-old corpse
345	Dracula	Bram Stoker	When he saw Renfield on the ground, he looked keenly at him a moment, and then turned to me
345	Dracula	Bram Stoker	You are nearest and dearest and all the world to me; our souls are knit into one, for all life and all time
1342	Pride and Prejudice	Jane Austen	My visit was not long, as Caroline and Mrs
345	Dracula	Bram Stoker	And oh, my friend, I am taking a great--a terrible--risk; but I believe it is right
345	Dracula	Bram Stoker	I suppose that we women are such cowards that we think a man will save us from fears, and we marry him
1342	Pride and Prejudice	Jane Austen	Wickham walked with the young ladies to the door of Mr
345	Dracula	Bram Stoker	All said they expected something of the kind, but would not say more than there was _something_ aboard
1661	The Adventures of Sherlock Holmes	Arthur Conan Doyle	You must yourself have remarked how worn, wrinkled, and stained they were
1661	The Adventures of Sherlock Holmes	Arthur Conan Doyle	How quiet and sweet and wholesome the garden looked in the moonlight, and it could not be more than thirty feet down
345	Dracula	Bram Stoker	Arthur looked on, very pale but silent; when the lid was removed he stepped forward
1661	The Adventures of Sherlock Holmes	Arthur Conan Doyle	I hardened my heart, and took the smoke-rocket from under my ulster
1661	The Adventures of Sherlock Holmes	Arthur Conan Doyle	I need not point out to you that your refusal to answer will prejudice your case considerably in any future proceedings which may arise
1661	The Adventures of Sherlock Holmes	Arthur Conan Doyle	Miss Hunter screamed and shrunk against the wall at the sight of him, but Sherlock Holmes sprang forward and confronted him
1661	The Adventures of Sherlock Holmes	Arthur Conan Doyle	At the time the circumstances made a deep impression upon me, and the lapse of two years has hardly served to weaken the effect
345	Dracula	Bram Stoker	Harker, most sincerely; I fear I must have frightened you terribly
345	Dracula	Bram Stoker	Let me be prosaic so far as facts can be; it will help me to bear up, and imagination must not run riot with me
1342	Pride and Prejudice	Jane Austen	To have his errors made public might ruin him for ever
345	Dracula	Bram Stoker	But I have them here, and we shall for the present say nothing of them
345	Dracula	Bram Stoker	We are bringing a good deal of ready money, as we are to buy a carriage and horses
1342	Pride and Prejudice	Jane Austen	Allowing for the common demands of the game, Mr
1342	Pride and Prejudice	Jane Austen	They were within twenty yards of each other; and so abrupt was his appearance, that it was impossible to avoid his sight
1661	The Adventures of Sherlock Holmes	Arthur Conan Doyle	Should I stop the service and make a scene in the church
1342	Pride and Prejudice	Jane Austen	She could think only of her letter
1342	Pride and Prejudice	Jane Austen	In a fortnight they were to go, and once gone, she hoped there could be nothing more to plague her on his account
345	Dracula	Bram Stoker	We all kept somehow close together, with Van Helsing slightly in front as he led the way
1342	Pride and Prejudice	Jane Austen	I am sure Wickham would like a place at court very much; and I do not think we shall have quite money enough to live upon without some help
1342	Pride and Prejudice	Jane Austen	I flatter myself, at least, that you will be able to do so
1661	The Adventures of Sherlock Holmes	Arthur Conan Doyle	Holmes was silent and buried in thought with a pained expression upon his face, as one who finds himself in a perplexing position
345	Dracula	Bram Stoker	He slipped through it, and when I tried to cling to Him, He raised me up and flung me down
345	Dracula	Bram Stoker	I only do for your good; but there is much virtue to you in those so common flowers
345	Dracula	Bram Stoker	Take heart afresh, dear husband of Madam Mina
345	Dracula	Bram Stoker	Our interview was short
345	Dracula	Bram Stoker	No sleep for any one
1661	The Adventures of Sherlock Holmes	Arthur Conan Doyle	The lamps had been lit, but the blinds had not been drawn, so that I could see Holmes as he lay upon the couch
345	Dracula	Bram Stoker	There was a pause and a sharp little cry, such as a child gives in sleep, or a dog as it lies before the fire and dreams
1661	The Adventures of Sherlock Holmes	Arthur Conan Doyle	It must, then, be something out of the house
345	Dracula	Bram Stoker	The dilemma had me between his horns
1661	The Adventures of Sherlock Holmes	Arthur Conan Doyle	It is not a common experience among employers in this age
345	Dracula	Bram Stoker	Do not think that I am not sad, though I laugh
345	Dracula	Bram Stoker	The instant we had closed the door he stepped quickly along the passage to the next door, which was open
1661	The Adventures of Sherlock Holmes	Arthur Conan Doyle	Now, how can that be unless it were by a left-handed man
1342	Pride and Prejudice	Jane Austen	She talked on, therefore, without interruption from any of them till they were joined by Mr
1342	Pride and Prejudice	Jane Austen	Elizabeth, who had expected to find in her as acute and unembarrassed an observer as ever Mr
345	Dracula	Bram Stoker	Seward, and I called on Messrs
345	Dracula	Bram Stoker	If this new phase was spontaneous, or in any way due to her unconscious influence, she must have some rare gift or power
345	Dracula	Bram Stoker	They should have kept their energies for use closer to home
345	Dracula	Bram Stoker	We have done all that we can at present
11	Alice's Adventures in Wonderland	Lewis Carroll	down she came upon a heap of sticks and dry leaves, and the fall was over
345	Dracula	Bram Stoker	Bistritz._--Left Munich at 8:35 P
345	Dracula	Bram Stoker	I have something that I must say before I die; or before my poor crushed brain dies anyhow
345	Dracula	Bram Stoker	Her lips are curved and her face beams with happiness
1342	Pride and Prejudice	Jane Austen	Family pride, and _filial_ pride, for he is very proud of what his father was, have done this
11	Alice's Adventures in Wonderland	Lewis Carroll	THE END *** END OF THE PROJECT GUTENBERG EBOOK 11 ***
1661	The Adventures of Sherlock Holmes	Arthur Conan Doyle	But Holmes shook his head gravely
1342	Pride and Prejudice	Jane Austen	Gardiner, who was several years younger than Mrs
345	Dracula	Bram Stoker	Round the rock he had drawn a circle, such as we had found shelter in last night
1342	Pride and Prejudice	Jane Austen	Give me further particulars
1342	Pride and Prejudice	Jane Austen	do anything rather than marry without affection
1342	Pride and Prejudice	Jane Austen	We accordingly went--and there I readily engaged in the office of pointing out to my friend the certain evils of such a choice
345	Dracula	Bram Stoker	TO MY DEAR FRIEND HOMMY-BEG Contents CHAPTER I
345	Dracula	Bram Stoker	As I was leaving the room it struck me that the clothes she wore might give me some clue to her dreaming intention
1661	The Adventures of Sherlock Holmes	Arthur Conan Doyle	It was useless, however
345	Dracula	Bram Stoker	Such will, of course, immensely simplify our labour, and the sooner the matter is attended to the better
1661	The Adventures of Sherlock Holmes	Arthur Conan Doyle	Getting a vacancy did not seem to be such a very easy matter, after all
1661	The Adventures of Sherlock Holmes	Arthur Conan Doyle	No wind, and not a cloud in the sky
1342	Pride and Prejudice	Jane Austen	As to his real character, had information been in her power, she had never felt a wish of inquiring
1661	The Adventures of Sherlock Holmes	Arthur Conan Doyle	On the very first day that I was at the Copper Beeches, Mr
1661	The Adventures of Sherlock Holmes	Arthur Conan Doyle	It is nearly five now
345	Dracula	Bram Stoker	Godalming and Morris had rushed out into the yard, and Harker had lowered himself from the window to follow the Count
1661	The Adventures of Sherlock Holmes	Arthur Conan Doyle	I could see at a glance that she was sick with fear, and the sight sent a chill to my own heart
11	Alice's Adventures in Wonderland	Lewis Carroll	The Caterpillar was the first to speak
345	Dracula	Bram Stoker	how can I disbelieve
345	Dracula	Bram Stoker	On the water he is powerless except at night; even then he can only summon fog and storm and snow and his wolves
345	Dracula	Bram Stoker	Professor Van Helsing and I are to leave by the 11:40 train to-night for Veresti, where we are to get a carriage to drive to the Borgo Pass
1661	The Adventures of Sherlock Holmes	Arthur Conan Doyle	We must come back to that
1661	The Adventures of Sherlock Holmes	Arthur Conan Doyle	It is true that you have missed everything of importance, but you have hit upon the method, and you have a quick eye for colour
1342	Pride and Prejudice	Jane Austen	This event had at last been despaired of, but it was then too late to be saving
1661	The Adventures of Sherlock Holmes	Arthur Conan Doyle	They were a gang, and a rough one, too
345	Dracula	Bram Stoker	Arthur and Quincey drew near also, as they too were curious
345	Dracula	Bram Stoker	I told him I would see him as soon as I knew about Lucy, and went up to her room
345	Dracula	Bram Stoker	We seem to be drifting to some terrible doom
345	Dracula	Bram Stoker	In such cases men do not need much expression
1661	The Adventures of Sherlock Holmes	Arthur Conan Doyle	I knew my man, however, and I clapped a pistol to his head before he could strike
345	Dracula	Bram Stoker	Those ideas of his might work out dangerously with strangers
1661	The Adventures of Sherlock Holmes	Arthur Conan Doyle	Insensibly one begins to twist facts to suit theories, instead of theories to suit facts
1661	The Adventures of Sherlock Holmes	Arthur Conan Doyle	They are not very exacting, after all
11	Alice's Adventures in Wonderland	Lewis Carroll	Here the other guinea-pig cheered, and was suppressed
345	Dracula	Bram Stoker	It was not wide open, but the catch of the lock had not caught
345	Dracula	Bram Stoker	I think that it took me an effort and a little time to realise where I was, and that it was Jonathan who was bending over me
1661	The Adventures of Sherlock Holmes	Arthur Conan Doyle	This case, I presume, contains the coronet
1342	Pride and Prejudice	Jane Austen	Be so kind as to apologize for us to Miss Darcy
1342	Pride and Prejudice	Jane Austen	The whole party have left Netherfield by this time, and are on their way to town; and without any intention of coming back again
1342	Pride and Prejudice	Jane Austen	How could his will be disregarded
1342	Pride and Prejudice	Jane Austen	What sister would think herself at liberty to do it, unless there were something very objectionable
1342	Pride and Prejudice	Jane Austen	In a doleful voice Mrs
345	Dracula	Bram Stoker	Send me word how Lucy is
1661	The Adventures of Sherlock Holmes	Arthur Conan Doyle	Suddenly, however, as I ran, a deadly dizziness and sickness came over me
1342	Pride and Prejudice	Jane Austen	I promised them so faithfully
1342	Pride and Prejudice	Jane Austen	They saw much to interest, but nothing to justify inquiry
1342	Pride and Prejudice	Jane Austen	It has been said that no one ever was like him
345	Dracula	Bram Stoker	For answer, all four men of our party threw themselves from their horses and dashed towards the cart
1342	Pride and Prejudice	Jane Austen	What advantage can it be to you to offend Mr
1661	The Adventures of Sherlock Holmes	Arthur Conan Doyle	But you will find that all I say is really to the point
1661	The Adventures of Sherlock Holmes	Arthur Conan Doyle	The invalidity or unenforceability of any provision of this agreement shall not void the remaining provisions
345	Dracula	Bram Stoker	You must stay with me
1342	Pride and Prejudice	Jane Austen	Bingley, who seems good-humour itself, and is, I really believe, truly amiable, be in friendship with such a man
345	Dracula	Bram Stoker	Hawkins, who is always so kind, sent me a letter from him
345	Dracula	Bram Stoker	One of the greatest and suddenest storms on record has just been experienced here, with results both strange and unique
1342	Pride and Prejudice	Jane Austen	But the morrow passed off much better than she expected; for Mrs
1661	The Adventures of Sherlock Holmes	Arthur Conan Doyle	I think myself that it is a page from some private diary
1661	The Adventures of Sherlock Holmes	Arthur Conan Doyle	Copyright laws in most countries are in a constant state of change
1342	Pride and Prejudice	Jane Austen	Collins, however, was not discouraged from speaking again, and Mr
345	Dracula	Bram Stoker	They implored me to let them; and when I said it was Dr
345	Dracula	Bram Stoker	They be nowt but air-blebs
345	Dracula	Bram Stoker	There was of course a considerable concussion as the vessel drove up on the sand heap
345	Dracula	Bram Stoker	Aha, my pretty miss, that bring the so nice nose all straight again
345	Dracula	Bram Stoker	A key was turned with the loud grating noise of long disuse, and the great door swung back
1661	The Adventures of Sherlock Holmes	Arthur Conan Doyle	The will is very clear upon that point
345	Dracula	Bram Stoker	The Consul is away, and the Vice-Consul sick; so the routine work has been attended to by a clerk
345	Dracula	Bram Stoker	Solicitor--for just before leaving London I got word that my examination was successful; and I am now a full-blown solicitor
345	Dracula	Bram Stoker	Arthur and Quincey went away together to the station, and Van Helsing and I came on here
345	Dracula	Bram Stoker	The wind came now in fierce bursts, and the snow was driven with fury as it swept upon us in circling eddies
345	Dracula	Bram Stoker	Her lips were slightly parted, and her breast rose and fell with the regularity of a pendulum
1342	Pride and Prejudice	Jane Austen	Bennet and Kitty walked off, and as soon as they were gone, Mr
1661	The Adventures of Sherlock Holmes	Arthur Conan Doyle	Recently he has been drinking hard, and yesterday evening he was very drunk; and when I came upstairs there was the key in the door
1342	Pride and Prejudice	Jane Austen	It adds even another motive
1661	The Adventures of Sherlock Holmes	Arthur Conan Doyle	I should recommend you also to send a note by the cabman to your wife to say that you have thrown in your lot with me
345	Dracula	Bram Stoker	The stake we play for is life and death, or more than these, and we must not flinch
1342	Pride and Prejudice	Jane Austen	What do I not owe you
1661	The Adventures of Sherlock Holmes	Arthur Conan Doyle	I have been cut to the quick
345	Dracula	Bram Stoker	But I am captain, and I must not leave my ship
1661	The Adventures of Sherlock Holmes	Arthur Conan Doyle	By the way, in view of recent occurrences, perhaps I ought to ask Mrs
1661	The Adventures of Sherlock Holmes	Arthur Conan Doyle	There was one about three miles off
1342	Pride and Prejudice	Jane Austen	Reynolds then directed their attention to one of Miss Darcy, drawn when she was only eight years old
1342	Pride and Prejudice	Jane Austen	Miss Darcy, though with a diffidence which marked her little in the habit of giving invitations, readily obeyed
345	Dracula	Bram Stoker	And, my good friend John, let me caution you
1661	The Adventures of Sherlock Holmes	Arthur Conan Doyle	The next instant I threw myself through, and lay half-fainting upon the other side
345	Dracula	Bram Stoker	When I came back to my seat, I found that Lucy had moved slightly, and had torn away the garlic flowers from her throat
1342	Pride and Prejudice	Jane Austen	But Jane was to go home with her, and at Longbourn there would be leisure enough for observation
345	Dracula	Bram Stoker	He would not give me any further clue
1342	Pride and Prejudice	Jane Austen	I never in my life saw anything more elegant than their dresses
345	Dracula	Bram Stoker	Morris telling us his stories, and Arthur never told any, and yet---- My dear, I am somewhat previous
1342	Pride and Prejudice	Jane Austen	Accept my thanks for the compliment you are paying me
345	Dracula	Bram Stoker	Van Helsing will operate
345	Dracula	Bram Stoker	The gypsies may not have known the language, but there was no mistaking the tone, in whatever tongue the words were spoken
1342	Pride and Prejudice	Jane Austen	She resolved to give her the information herself; and therefore charged Mr
345	Dracula	Bram Stoker	When I was in my room and about to lie down, I thought I heard a whispering at my door
345	Dracula	Bram Stoker	You must struggle and strive to live, though death would seem a boon unspeakable
1342	Pride and Prejudice	Jane Austen	She was at least free from the offence of Mr
345	Dracula	Bram Stoker	But this is not altogether for the law
1661	The Adventures of Sherlock Holmes	Arthur Conan Doyle	So determined was their denial that the inspector was staggered, and had almost come to believe that Mrs
345	Dracula	Bram Stoker	Then she paused, and I could hear the churning sound of her tongue as it licked her teeth and lips, and could feel the hot breath on my neck
1661	The Adventures of Sherlock Holmes	Arthur Conan Doyle	It was not yet three when we found ourselves in our rooms once more
345	Dracula	Bram Stoker	Oh, why must a man like that be made unhappy when there are lots of girls about who would worship the very ground he trod on
345	Dracula	Bram Stoker	Did he get his brain fever, and then write all those terrible things, or had he some cause for it all
1342	Pride and Prejudice	Jane Austen	But I wonder how long you _would_ have gone on, if you had been left to yourself
345	Dracula	Bram Stoker	Then he held the door partly open, steadying it with his knees, whilst he fitted a key to the lock
345	Dracula	Bram Stoker	When we had gone about a mile, I was tired with the heavy walking and sat down to rest
1342	Pride and Prejudice	Jane Austen	Your character was unfolded in the recital which I received many months ago from Mr
345	Dracula	Bram Stoker	It is now but very, very slight; but it is to be seen if we have eyes to notice without to prejudge
1661	The Adventures of Sherlock Holmes	Arthur Conan Doyle	You must lock yourself up from him to-night
1661	The Adventures of Sherlock Holmes	Arthur Conan Doyle	I took a step forward
1661	The Adventures of Sherlock Holmes	Arthur Conan Doyle	Give him an arm back into his chair, Watson
345	Dracula	Bram Stoker	Had I known at the first what now I know--nay, had I even guess at him--one so precious life had been spared to many of us who did love her
1342	Pride and Prejudice	Jane Austen	Send back your answer as soon as you can, and be careful to write explicitly
345	Dracula	Bram Stoker	I am willing to accept
345	Dracula	Bram Stoker	If he be not at the place whither he is bound, he can only change himself at noon or at exact sunrise or sunset
345	Dracula	Bram Stoker	Can it be that there is a malign influence of the sun at periods which affects certain natures--as at times the moon does others
1342	Pride and Prejudice	Jane Austen	He addressed himself directly to Miss Bennet with a polite congratulation; Mr
1661	The Adventures of Sherlock Holmes	Arthur Conan Doyle	Where were we going, and what were we to do
345	Dracula	Bram Stoker	I flew to him, for the Holy circle did not now keep me back; so did the two doctors
1342	Pride and Prejudice	Jane Austen	Bingley she had likewise seen for an instant, and in that short period saw him looking both pleased and embarrassed
1342	Pride and Prejudice	Jane Austen	had I known what I ought, what I dared to do
1342	Pride and Prejudice	Jane Austen	Darcy was eyeing him with unrestrained wonder; and when at last Mr
1342	Pride and Prejudice	Jane Austen	I understand that Mr
1342	Pride and Prejudice	Jane Austen	At such a time much might have been said, and silence was very awkward
1342	Pride and Prejudice	Jane Austen	Some people call him proud; but I am sure I never saw anything of it
345	Dracula	Bram Stoker	When we closed in on him he fought like a tiger
1661	The Adventures of Sherlock Holmes	Arthur Conan Doyle	I am lost without my Boswell
1342	Pride and Prejudice	Jane Austen	Bingley was to bring twelve ladies and seven gentlemen with him to the assembly
1342	Pride and Prejudice	Jane Austen	She will be married at sixteen
1661	The Adventures of Sherlock Holmes	Arthur Conan Doyle	It is very natural that the pledge of secrecy which we have exacted from you should have aroused your curiosity
345	Dracula	Bram Stoker	He had evidently read it, and was thinking it over as he sat with his hand to his brow
1661	The Adventures of Sherlock Holmes	Arthur Conan Doyle	Turner has brought in the tray I will make it clear to you
1342	Pride and Prejudice	Jane Austen	[Illustration] CHAPTER XVIII
1342	Pride and Prejudice	Jane Austen	Bingley for his kindness to Jane, with an apology for troubling him also with Lizzy
1342	Pride and Prejudice	Jane Austen	But it was not till the evening of the dance at Netherfield that I had any apprehension of his feeling a serious attachment
345	Dracula	Bram Stoker	Fear there will be some trouble, as either he or the men will do some violence
1661	The Adventures of Sherlock Holmes	Arthur Conan Doyle	To me, who knew his every mood and habit, his attitude and manner told their own story
345	Dracula	Bram Stoker	Outside the air was sweet, the sun shone, and the birds sang, and it seemed as if all nature were tuned to a different pitch
1342	Pride and Prejudice	Jane Austen	Every sentence of kindness was a fresh source of happiness to Jane
345	Dracula	Bram Stoker	Through them I have come to know your great England; and to know her is to love her
345	Dracula	Bram Stoker	She did not in any way make objection, but looked at me gratefully whenever I caught her eye
345	Dracula	Bram Stoker	It contains in all some twenty acres, quite surrounded by the solid stone wall above mentioned
345	Dracula	Bram Stoker	When we came away from his room we were silent till we got back to the study
1342	Pride and Prejudice	Jane Austen	Bennet very dull for several days
1342	Pride and Prejudice	Jane Austen	Reynolds, either from pride or attachment, had evidently great pleasure in talking of her master and his sister
1342	Pride and Prejudice	Jane Austen	has she frightened away some of your lovers
11	Alice's Adventures in Wonderland	Lewis Carroll	Here one of the guinea-pigs cheered, and was immediately suppressed by the officers of the court
345	Dracula	Bram Stoker	Then he stood up and bowed
345	Dracula	Bram Stoker	Van Helsing slept in his chair a lot of the time
345	Dracula	Bram Stoker	His brows are knit; his face is drawn with pain
345	Dracula	Bram Stoker	I looked round instinctively, but could see nothing
345	Dracula	Bram Stoker	Harker that she might rest in peace
1661	The Adventures of Sherlock Holmes	Arthur Conan Doyle	It is, of course, a trifle, but there is nothing so important as trifles
345	Dracula	Bram Stoker	God forgive me, but the mate was right to jump overboard
1342	Pride and Prejudice	Jane Austen	Jane looked a little paler than usual, but more sedate than Elizabeth had expected
1342	Pride and Prejudice	Jane Austen	To the civil inquiries which then poured in, and amongst which she had the pleasure of distinguishing the much superior solicitude of Mr
345	Dracula	Bram Stoker	Soldier, statesman, and alchemist--which latter was the highest development of the science-knowledge of his time
1342	Pride and Prejudice	Jane Austen	Jane was beyond competition her favourite child
345	Dracula	Bram Stoker	But it is best as it is
1661	The Adventures of Sherlock Holmes	Arthur Conan Doyle	Holmes walked slowly round and examined each and all of them with the keenest interest
1661	The Adventures of Sherlock Holmes	Arthur Conan Doyle	The Boscombe Pool is thickly wooded round, with just a fringe of grass and of reeds round the edge
345	Dracula	Bram Stoker	In a little while the Professor signalled to me, so I got up and joined him
345	Dracula	Bram Stoker	I have suffered enough to-night, God knows, without the dread of his harming you
345	Dracula	Bram Stoker	When we met at early breakfast there was more general cheerfulness than any of us had ever expected to experience again
1661	The Adventures of Sherlock Holmes	Arthur Conan Doyle	Sherlock Holmes was already at breakfast when I came down
1661	The Adventures of Sherlock Holmes	Arthur Conan Doyle	Besides, we must be prompt, for this marriage may mean a complete change in her life and habits
345	Dracula	Bram Stoker	Now we come to what the Count must have done after his arrival--_on land_, at Galatz
345	Dracula	Bram Stoker	The man who took them pressed them to his heart and bowed, and then put them in his cap
345	Dracula	Bram Stoker	The secret is here, and I do not want to know it
345	Dracula	Bram Stoker	I am thinking still, and as yet have come to no definite conclusion
345	Dracula	Bram Stoker	I looked out over the beautiful expanse, bathed in soft yellow moonlight till it was almost as light as day
1342	Pride and Prejudice	Jane Austen	You refuse to obey the claims of duty, honour, and gratitude
345	Dracula	Bram Stoker	I must put down every detail in order
1342	Pride and Prejudice	Jane Austen	Oh that I had been with you
345	Dracula	Bram Stoker	Before we parted, we discussed what our next step was to be, but we could arrive at no result
345	Dracula	Bram Stoker	The reaction came in excessive pallor as she turned imploring eyes on me
345	Dracula	Bram Stoker	It might be done if there were only a sufficient cause
345	Dracula	Bram Stoker	Jonathan knelt behind him and the wounded man laid back his head on his shoulder
345	Dracula	Bram Stoker	I, who have read your so sweet letter to poor Lucy of your marriage and your trust, not know you
1342	Pride and Prejudice	Jane Austen	Well, if they can be easy with an estate that is not lawfully their own, so much the better
1342	Pride and Prejudice	Jane Austen	It is done, however, and it was done for the best
1661	The Adventures of Sherlock Holmes	Arthur Conan Doyle	So were the tinted spectacles and the curious voice, which both hinted at a disguise, as did the bushy whiskers
1661	The Adventures of Sherlock Holmes	Arthur Conan Doyle	The lining had been of red silk, but was a good deal discoloured
345	Dracula	Bram Stoker	He is cunning, as I know from Mr
1342	Pride and Prejudice	Jane Austen	Stay, stay, I will go myself
1342	Pride and Prejudice	Jane Austen	I am sorry to say it of them, but so it is
1342	Pride and Prejudice	Jane Austen	We passed each other several times
1342	Pride and Prejudice	Jane Austen	It has been most unconsciously done, however, and I hope will be of short duration
345	Dracula	Bram Stoker	It was odd to notice that by common consent we had all put on black clothes
345	Dracula	Bram Stoker	It was so near the time of starting that I had no time to ask any one else, for it was all very mysterious and not by any means comforting
1342	Pride and Prejudice	Jane Austen	I have known him too long and too well to be a fair judge
1342	Pride and Prejudice	Jane Austen	Elizabeth was in agonies
345	Dracula	Bram Stoker	But that is gone; and we must so work, that other poor souls perish not, whilst we can save
1661	The Adventures of Sherlock Holmes	Arthur Conan Doyle	We have had some skirmishes, but we had never set eyes upon each other before
1661	The Adventures of Sherlock Holmes	Arthur Conan Doyle	In the first place, we may start with a strong presumption that Colonel Openshaw had some very strong reason for leaving America
1661	The Adventures of Sherlock Holmes	Arthur Conan Doyle	Ferguson remained outside, and the colonel ushered me in
345	Dracula	Bram Stoker	Suddenly, away on our left, I saw a faint flickering blue flame
1661	The Adventures of Sherlock Holmes	Arthur Conan Doyle	Well, he has always answered me like that
345	Dracula	Bram Stoker	All was in dead, grim silence only that the horses whinnied and cowered, as if in terror of the worst
1661	The Adventures of Sherlock Holmes	Arthur Conan Doyle	I shall look into the matter between this and then
1342	Pride and Prejudice	Jane Austen	I did not know before that I had _two_ daughters on the brink of matrimony
1342	Pride and Prejudice	Jane Austen	Bennet: one communication would, therefore, do for all
1661	The Adventures of Sherlock Holmes	Arthur Conan Doyle	laws alone swamp our small staff
345	Dracula	Bram Stoker	But he cannot flourish without this diet; he eat not as others
345	Dracula	Bram Stoker	After a while, finding no response, I knocked and rang again; still no answer
345	Dracula	Bram Stoker	It may have been that his breath was rank, but a horrible feeling of nausea came over me, which, do what I would, I could not conceal
345	Dracula	Bram Stoker	Then the beautiful eyes of the fair woman open and look love, and the voluptuous mouth present to a kiss--and man is weak
1342	Pride and Prejudice	Jane Austen	You could scarcely escape discredit and misery
1342	Pride and Prejudice	Jane Austen	When my niece Georgiana went to Ramsgate last summer, I made a point of her having two men-servants go with her
1661	The Adventures of Sherlock Holmes	Arthur Conan Doyle	Then he passed his handkerchief over his brow, set his lips tight, and turned his face towards us
345	Dracula	Bram Stoker	The coastguard ran aft, and when he came beside the wheel, bent over to examine it, and recoiled at once as though under some sudden emotion
345	Dracula	Bram Stoker	So I can finish this diary; and God only knows if I shall ever begin another
1342	Pride and Prejudice	Jane Austen	Bennet could have no hesitation in acceding to the proposal before him
345	Dracula	Bram Stoker	I feared to wake her mother, who has been more than usually ill lately, so threw on some clothes and got ready to look for her
1661	The Adventures of Sherlock Holmes	Arthur Conan Doyle	He came back alone, for Lestrade was staying in lodgings in the town
11	Alice's Adventures in Wonderland	Lewis Carroll	I gave her one, they gave him two, You gave us three or more; They all returned from him to you, Though they were mine before
345	Dracula	Bram Stoker	The original vendors are the executors of the late Mr
11	Alice's Adventures in Wonderland	Lewis Carroll	Who ever saw one that size
1342	Pride and Prejudice	Jane Austen	Is this your gratitude for my attentions to you last spring
345	Dracula	Bram Stoker	He doubted me when I took him from her kiss when she was dying
1342	Pride and Prejudice	Jane Austen	Lady Catherine rose also, and they turned back
345	Dracula	Bram Stoker	Alas, but that sentence is a puddle; is it not
345	Dracula	Bram Stoker	Then the mountains seemed to come nearer to us on each side and to frown down upon us; we were entering on the Borgo Pass
1342	Pride and Prejudice	Jane Austen	Elizabeth was excessively disappointed: she had set her heart on seeing the Lakes; and still thought there might have been time enough
1661	The Adventures of Sherlock Holmes	Arthur Conan Doyle	They spoke of those hours of burrowing
1342	Pride and Prejudice	Jane Austen	In society so superior to what she had generally known, her improvement was great
1342	Pride and Prejudice	Jane Austen	We now come to the point
345	Dracula	Bram Stoker	Forgive me that I make you so much pain, but it is necessary
1342	Pride and Prejudice	Jane Austen	It would be dreadful
345	Dracula	Bram Stoker	Whilst I live on here there is but one thing to hope for, that I may not go mad, if, indeed, I be not mad already
345	Dracula	Bram Stoker	He has not forgotten you or what he owes to you
345	Dracula	Bram Stoker	It seemed a little uncanny to me, and I listened to her breathlessly
345	Dracula	Bram Stoker	Again I waked with a sense of guilt and of time passed, and found Madam Mina still sleeping, and the sun low down
1342	Pride and Prejudice	Jane Austen	She danced four dances with him at Meryton; she saw him one morning at his own house, and has since dined in company with him four times
345	Dracula	Bram Stoker	I asked him if that was all; he replied that it was all he heard
1661	The Adventures of Sherlock Holmes	Arthur Conan Doyle	But there I was firm
1342	Pride and Prejudice	Jane Austen	I told my sister Philips so the other day
345	Dracula	Bram Stoker	And oh, my dear, if it is to be that I must meet death at any hand, let it be at the hand of him that loves me best
345	Dracula	Bram Stoker	And yet you saw how she thanked me, with her so beautiful dying eyes, her voice, too, so weak, and she kiss my rough old hand and bless me
345	Dracula	Bram Stoker	He is usually respectful to the attendant and at times servile; but to-night, the man tells me, he was quite haughty
345	Dracula	Bram Stoker	How was it that all the people at Bistritz and on the coach had some terrible fear for me
345	Dracula	Bram Stoker	We sat late, and talked it all over
1342	Pride and Prejudice	Jane Austen	Darcy is not so well worth listening to as his friend, is he
345	Dracula	Bram Stoker	no telling to others that make so inquisitive questions
345	Dracula	Bram Stoker	Seward, that you hardly apprehend my wish
345	Dracula	Bram Stoker	He ask no person; he choose no time of suitability
1342	Pride and Prejudice	Jane Austen	Jane had sent Caroline an early answer to her letter, and was counting the days till she might reasonably hope to hear again
1342	Pride and Prejudice	Jane Austen	Darcy could not have
1342	Pride and Prejudice	Jane Austen	Lydia left a few lines for his wife, informing her of their intention
345	Dracula	Bram Stoker	We closed the door behind us, lest when we should have lit our lamps we should possibly attract attention from the road
11	Alice's Adventures in Wonderland	Lewis Carroll	Oh my fur and whiskers
1342	Pride and Prejudice	Jane Austen	Had she found Jane in any apparent danger, Mrs
345	Dracula	Bram Stoker	But there is no possible way
1661	The Adventures of Sherlock Holmes	Arthur Conan Doyle	I could, however, see that his face was deadly pale and filled with horror and loathing
345	Dracula	Bram Stoker	This he knows, and will not
1342	Pride and Prejudice	Jane Austen	Such doings discomposed Mr
345	Dracula	Bram Stoker	We are trying to do our duty in a very sad and terrible case; we can only do as we deem best
345	Dracula	Bram Stoker	I came back to my room and threw myself on my knees
1342	Pride and Prejudice	Jane Austen	But I knew I should persuade you at last
345	Dracula	Bram Stoker	We never refer to it; so I said nothing, and we went home to dinner
1661	The Adventures of Sherlock Holmes	Arthur Conan Doyle	It is a hat of the very best quality
345	Dracula	Bram Stoker	To me it seems only yesterday that my whole life ended with my new hope, and that truly I began a new record
345	Dracula	Bram Stoker	We want here no more concealments
345	Dracula	Bram Stoker	We wanted Arthur to go to rest also, but he refused at first
1342	Pride and Prejudice	Jane Austen	Importance may sometimes be purchased too dearly
345	Dracula	Bram Stoker	Lucy slept till I woke her and seemed not to have even changed her side
1342	Pride and Prejudice	Jane Austen	Jane should therefore make the most of every half hour in which she can command his attention
1661	The Adventures of Sherlock Holmes	Arthur Conan Doyle	Charming rural place
1661	The Adventures of Sherlock Holmes	Arthur Conan Doyle	Sometimes I think that I am myself
1661	The Adventures of Sherlock Holmes	Arthur Conan Doyle	A man entered who could hardly have been less than six feet six inches in height, with the chest and limbs of a Hercules
345	Dracula	Bram Stoker	With the tools which we had brought with us we opened them, one by one, and treated them as we had treated those others in the old chapel
345	Dracula	Bram Stoker	He unlocked the door, and we entered, closing it behind us
345	Dracula	Bram Stoker	Van Helsing went on with a sort of cheerfulness which showed that the serious work had begun
1342	Pride and Prejudice	Jane Austen	She would not even wish for any renewal of his attentions
345	Dracula	Bram Stoker	Renfield asked if he might see me
1342	Pride and Prejudice	Jane Austen	Not a soul knew of it, but Colonel and Mrs
345	Dracula	Bram Stoker	I could see that the poor dear was torn about in his mind
345	Dracula	Bram Stoker	He opened it, and for an instant his face fell
1342	Pride and Prejudice	Jane Austen	In this quiet way the first fortnight of her visit soon passed away
1342	Pride and Prejudice	Jane Austen	The adieu is charity itself
345	Dracula	Bram Stoker	I cannot leave her, and I am alone, save for the sleeping servants, whom some one has drugged
345	Dracula	Bram Stoker	Van Helsing has gone away to prepare for the meeting, and his painful part of it
11	Alice's Adventures in Wonderland	Lewis Carroll	The Hatter shook his head mournfully
1342	Pride and Prejudice	Jane Austen	I was never more annoyed
345	Dracula	Bram Stoker	The service was very simple and very solemn
345	Dracula	Bram Stoker	His words may be worth many lives; I have been thinking so, as I stood here
1661	The Adventures of Sherlock Holmes	Arthur Conan Doyle	You would certainly have been burned, had you lived a few centuries ago
1661	The Adventures of Sherlock Holmes	Arthur Conan Doyle	Rucastle were both downstairs, and the child was with them, so that I had an admirable opportunity
1342	Pride and Prejudice	Jane Austen	Collins was punctual to his time, and was received with great politeness by the whole family
345	Dracula	Bram Stoker	At the moment he seemed as sane as any one I ever saw
1661	The Adventures of Sherlock Holmes	Arthur Conan Doyle	Holder, that I am giving you a strong proof of the confidence which I have in you, founded upon all that I have heard of you
345	Dracula	Bram Stoker	I have friends--good friends--like you, Dr
1661	The Adventures of Sherlock Holmes	Arthur Conan Doyle	For a minute or more the hand, with its writhing fingers, protruded out of the floor
1342	Pride and Prejudice	Jane Austen	It might seem as if she had purposely thrown herself in his way again
345	Dracula	Bram Stoker	Billington could give me, so I went down to the port and saw the coastguards, the Customs officers and the harbour-master
345	Dracula	Bram Stoker	The Szgany are quartered somewhere in the castle and are doing work of some kind
1342	Pride and Prejudice	Jane Austen	But, if I were you, I would stand by the nephew
1342	Pride and Prejudice	Jane Austen	He has children of his own, and may have more
345	Dracula	Bram Stoker	When I went into the dining-room, breakfast was prepared; but I could not find the Count anywhere
345	Dracula	Bram Stoker	The road was rugged, but still we seemed to fly over it with a feverish haste
345	Dracula	Bram Stoker	Oh, but I am grateful to you, you so clever woman
345	Dracula	Bram Stoker	This is the key that lock the tomb
1342	Pride and Prejudice	Jane Austen	Darcy took up a book
345	Dracula	Bram Stoker	And then there was silence over everything, silence so profound that it startled me, and I got up and looked out of the window
1661	The Adventures of Sherlock Holmes	Arthur Conan Doyle	Problems may be solved in the study which have baffled all those who have sought a solution by the aid of their senses
345	Dracula	Bram Stoker	He is evidently the Sir Oracle of them, and I should think must have been in his time a most dictatorial person
345	Dracula	Bram Stoker	I asked one or two of the grooms and helpers whom I saw around if they could tell me anything about the empty house
1342	Pride and Prejudice	Jane Austen	But I know the foundation is unjust
1342	Pride and Prejudice	Jane Austen	Human nature is so prone to fall into it
1661	The Adventures of Sherlock Holmes	Arthur Conan Doyle	Puzzle as I would, I could make nothing at all of what it meant
1342	Pride and Prejudice	Jane Austen	It was an encouragement of vice; and had I been the rector of Longbourn, I should very strenuously have opposed it
1342	Pride and Prejudice	Jane Austen	Only think what an establishment it would be for one of them
1342	Pride and Prejudice	Jane Austen	Jenkinson, who lives with them
1661	The Adventures of Sherlock Holmes	Arthur Conan Doyle	Holmes, in the conjecture which seemed to us to be probable in your rooms at Baker Street
1342	Pride and Prejudice	Jane Austen	Neither could she deny the justice of his description of Jane
345	Dracula	Bram Stoker	We went to his room, and within a minute Lord Godalming, Dr
345	Dracula	Bram Stoker	But by this time the Professor had gained his feet, and was holding towards him the envelope which contained the Sacred Wafer
1342	Pride and Prejudice	Jane Austen	Mary and Kitty were both with Mrs
1342	Pride and Prejudice	Jane Austen	Darcy smiled; but Elizabeth thought she could perceive that he was rather offended, and therefore checked her laugh
345	Dracula	Bram Stoker	There is no time to be lost
345	Dracula	Bram Stoker	I hope the meeting to-night has not upset her
1661	The Adventures of Sherlock Holmes	Arthur Conan Doyle	Some states do not allow disclaimers of certain implied warranties or the exclusion or limitation of certain types of damages
1661	The Adventures of Sherlock Holmes	Arthur Conan Doyle	It was a very ordinary black hat of the usual round shape, hard and much the worse for wear
345	Dracula	Bram Stoker	We could distinguish clearly the individuals of each party, the pursued and the pursuers
345	Dracula	Bram Stoker	But I can be of other service; I can fight in other way
345	Dracula	Bram Stoker	I went out on the stairs, and found a room looking towards the South
345	Dracula	Bram Stoker	In a hard and warlike time he was celebrate that he have more iron nerve, more subtle brain, more braver heart, than any man
345	Dracula	Bram Stoker	His door was ajar, so that he could hear the opening of the door of our room
1661	The Adventures of Sherlock Holmes	Arthur Conan Doyle	Be one of them, and you will know all that there is to know
1342	Pride and Prejudice	Jane Austen	No, Kitty, I have at least learnt to be cautious, and you will feel the effects of it
345	Dracula	Bram Stoker	I told you of him, Dr
1661	The Adventures of Sherlock Holmes	Arthur Conan Doyle	She states that while she was there she saw, at the border of the wood and close by the lake, Mr
1342	Pride and Prejudice	Jane Austen	I cannot quite agree with you _there_
345	Dracula	Bram Stoker	We shall tell him nothing, but only that we wish to learn
345	Dracula	Bram Stoker	Was it that I wanted, now so late, revenge for that time when you saved my life, and from a fearful death
11	Alice's Adventures in Wonderland	Lewis Carroll	Pennyworth only of beautiful Soup
1342	Pride and Prejudice	Jane Austen	Darcy exposed to all the parading and obsequious civility of her husband
1342	Pride and Prejudice	Jane Austen	Collins were once silent
1342	Pride and Prejudice	Jane Austen	I will put on my things in a moment
345	Dracula	Bram Stoker	So we take it easy, and have each a long rest in turn
345	Dracula	Bram Stoker	And then I started, broad awake and in full possession of my senses, and ran screaming from the place
1342	Pride and Prejudice	Jane Austen	In a short time, I shall have a daughter married
1342	Pride and Prejudice	Jane Austen	[Illustration] The next day opened a new scene at Longbourn
345	Dracula	Bram Stoker	I want to tell you something
1342	Pride and Prejudice	Jane Austen	This was exactly as it should be; for the young man wanted only regimentals to make him completely charming
345	Dracula	Bram Stoker	But you must not work always
345	Dracula	Bram Stoker	They will be home by this
1661	The Adventures of Sherlock Holmes	Arthur Conan Doyle	It may be some time before I get back
1342	Pride and Prejudice	Jane Austen	There is something very pompous in his style
1342	Pride and Prejudice	Jane Austen	The part which I acted is now to be explained
1661	The Adventures of Sherlock Holmes	Arthur Conan Doyle	A vague feeling of impending misfortune impressed me
1661	The Adventures of Sherlock Holmes	Arthur Conan Doyle	I was conscious of a dull pain, my grip loosened, and I fell into the garden below
1342	Pride and Prejudice	Jane Austen	Her heart did whisper that he had done it for her
345	Dracula	Bram Stoker	The slow, careful steps came along the hall; the Count was evidently prepared for some surprise--at least he feared it
1342	Pride and Prejudice	Jane Austen	If her world is a microcosm, the cosmic quality of it is at least as eminent as the littleness
1661	The Adventures of Sherlock Holmes	Arthur Conan Doyle	Then she threw open a door which led into a bedroom, through the window of which the moon was shining brightly
1342	Pride and Prejudice	Jane Austen	Their reception from Mr
345	Dracula	Bram Stoker	Harker began to clap her hands and her eyes sparkled
1342	Pride and Prejudice	Jane Austen	Miss Bennet had slept ill, and though up, was very feverish, and not well enough to leave her room
1342	Pride and Prejudice	Jane Austen	I rather wished than believed him to be sincere; but, at any rate, was perfectly ready to accede to his proposal
1342	Pride and Prejudice	Jane Austen	I am glad he dines here on Tuesday
1661	The Adventures of Sherlock Holmes	Arthur Conan Doyle	It was of the same peculiar tint, and the same thickness
345	Dracula	Bram Stoker	His arguments were pointed with specie--we doing the punctuation--and with a little bargaining he told us what he knew
345	Dracula	Bram Stoker	But these shall not occur again
345	Dracula	Bram Stoker	I could only clasp her hand
345	Dracula	Bram Stoker	The great drops of sweat sprang from his forehead, and his breath came in broken gasps
1661	The Adventures of Sherlock Holmes	Arthur Conan Doyle	Then there was a loud and authoritative tap
345	Dracula	Bram Stoker	Well, my dear, I got to Hull all right, and caught the boat to Hamburg, and then the train on here
1661	The Adventures of Sherlock Holmes	Arthur Conan Doyle	Let me know your train
345	Dracula	Bram Stoker	Again he went into the grounds of the deserted house, and we found him in the same place, pressed against the old chapel door
345	Dracula	Bram Stoker	Westenra coming out of the morning room
345	Dracula	Bram Stoker	He insists that I shall go with him on another expedition
345	Dracula	Bram Stoker	This man belongs to me
345	Dracula	Bram Stoker	We were at a standstill again
1661	The Adventures of Sherlock Holmes	Arthur Conan Doyle	I knew the firm for which this man worked
1342	Pride and Prejudice	Jane Austen	Gardiner did not write again, till he had received an answer from Colonel Forster; and then he had nothing of a pleasant nature to send
345	Dracula	Bram Stoker	I have written this in the train
1342	Pride and Prejudice	Jane Austen	The distance is nothing, when one has a motive; only three miles
1342	Pride and Prejudice	Jane Austen	It was the favourite wish of _his_ mother, as well as of hers
1342	Pride and Prejudice	Jane Austen	It was more than civil; it was really attentive; and there was no necessity for such attention
345	Dracula	Bram Stoker	May it be that I see you
1661	The Adventures of Sherlock Holmes	Arthur Conan Doyle	It was one of the main arteries which conveyed the traffic of the City to the north and west
1661	The Adventures of Sherlock Holmes	Arthur Conan Doyle	For that matter, Reading, and possibly other large towns, were within that radius, so the place might not be so secluded, after all
1661	The Adventures of Sherlock Holmes	Arthur Conan Doyle	I paid the man and hurried into the church
1342	Pride and Prejudice	Jane Austen	Philips was very thankful for his compliance, but could not wait for his reason
1342	Pride and Prejudice	Jane Austen	Collins had been taken in; thirdly, she trusted that they would never be happy together; and, fourthly, that the match might be broken off
345	Dracula	Bram Stoker	God bless him for it
345	Dracula	Bram Stoker	Now let us to-day put all our affairs in order
345	Dracula	Bram Stoker	There was something wild and uncanny about the place
345	Dracula	Bram Stoker	But were he wrecked, the living water would engulf him, helpless; and he would indeed be lost
1661	The Adventures of Sherlock Holmes	Arthur Conan Doyle	And your address had been given me
345	Dracula	Bram Stoker	I learn more here with each hour
1661	The Adventures of Sherlock Holmes	Arthur Conan Doyle	This is my intimate friend and associate, Dr
345	Dracula	Bram Stoker	The air was clear, and the sun bright, and there was a cool breeze
345	Dracula	Bram Stoker	They are like little white dots with red centres
1342	Pride and Prejudice	Jane Austen	And, above all things, keep Mr
345	Dracula	Bram Stoker	There was no time to think of what might happen; a vague, overmastering fear obscured all details
345	Dracula	Bram Stoker	_Note left by Van Helsing in his portmanteau, Berkeley Hotel directed to John Seward, M
345	Dracula	Bram Stoker	In particular, by some trick of the light, the canine teeth looked longer and sharper than the rest
345	Dracula	Bram Stoker	Billington had ready in his office all the papers concerning the consignment of boxes
345	Dracula	Bram Stoker	But we need not despair
1661	The Adventures of Sherlock Holmes	Arthur Conan Doyle	I did not breathe freely until I had taken it upstairs and locked it in the bureau of my dressing-room
1342	Pride and Prejudice	Jane Austen	She owed her greatest relief to her friend Miss Lucas, who often joined them, and good-naturedly engaged Mr
1342	Pride and Prejudice	Jane Austen	She shared in their attendance on Mrs
1661	The Adventures of Sherlock Holmes	Arthur Conan Doyle	It is precisely for that reason that we are going to Stoke Moran this day
1342	Pride and Prejudice	Jane Austen	My feelings will not be repressed
345	Dracula	Bram Stoker	The whole room behind me was displayed; but there was no sign of a man in it, except myself
11	Alice's Adventures in Wonderland	Lewis Carroll	The twelve jurors were all writing very busily on slates
1342	Pride and Prejudice	Jane Austen	Attention, forbearance, patience with Darcy, was injury to Wickham
1342	Pride and Prejudice	Jane Austen	There is nothing else to be done
1661	The Adventures of Sherlock Holmes	Arthur Conan Doyle	So say the Serpentine-mews, to a man
1342	Pride and Prejudice	Jane Austen	There could be no conversation in the noise of Mrs
345	Dracula	Bram Stoker	We shuddered with horror
345	Dracula	Bram Stoker	I implore your pardon, madam
345	Dracula	Bram Stoker	I was told that this road is in summertime excellent, but that it had not yet been put in order after the winter snows
1342	Pride and Prejudice	Jane Austen	From these instructions they were summoned by the arrival of the coach; and with many speeches of thankfulness on Mr
345	Dracula	Bram Stoker	Our work was not over, and would never be until we should have found the missing box
345	Dracula	Bram Stoker	Then we will comfort you and poor dear Madam Mina with new hope
345	Dracula	Bram Stoker	By her side lay Lucy, with face white and still more drawn
1661	The Adventures of Sherlock Holmes	Arthur Conan Doyle	From that appointment he never came back alive
345	Dracula	Bram Stoker	If ever a face meant death--if looks could kill--we saw it at that moment
1342	Pride and Prejudice	Jane Austen	He was storing his memory with anecdotes and noble names
345	Dracula	Bram Stoker	Your letters are sacred to me
345	Dracula	Bram Stoker	He is to report to me, and I shall advise you, for of course I was not present all the time
345	Dracula	Bram Stoker	Indeed, it was no wonder that my friends were alarmed, and insisted on my being put under control
1661	The Adventures of Sherlock Holmes	Arthur Conan Doyle	Let the matter drop and say no more
345	Dracula	Bram Stoker	I have locked the door, and the key is tied to my wrist, so perhaps I shall not be again disturbed
345	Dracula	Bram Stoker	I shall try to see the carter who took away the boxes from Carfax when Renfield attacked them
345	Dracula	Bram Stoker	I kept away from my friend for a few days, so that I might notice if there were any change
1342	Pride and Prejudice	Jane Austen	He had not been long seated before he complimented Mrs
1661	The Adventures of Sherlock Holmes	Arthur Conan Doyle	Now it was clear to me that our lady of to-day had nothing in the house more precious to her than what we are in quest of
1342	Pride and Prejudice	Jane Austen	These causes must be stated, though briefly
345	Dracula	Bram Stoker	If I only knew what to do, and could do anything
345	Dracula	Bram Stoker	Harker has gone back, and is again collating his material
345	Dracula	Bram Stoker	This could not be true, because up to then he had understood it perfectly; at least, he answered my questions exactly as if he did
1342	Pride and Prejudice	Jane Austen	My daughter and my nephew are formed for each other
1342	Pride and Prejudice	Jane Austen	Not that I mean to find fault with _you_, for such things, I know, are all chance in this world
1661	The Adventures of Sherlock Holmes	Arthur Conan Doyle	And now, you see, I had narrowed the field down considerably
1342	Pride and Prejudice	Jane Austen	Bennet had seen her eldest daughter much admired by the Netherfield party
1342	Pride and Prejudice	Jane Austen	Bennet, as the carriage drove up to the door; her husband looked impenetrably grave; her daughters, alarmed, anxious, uneasy
1342	Pride and Prejudice	Jane Austen	A regard for the requester would often make one readily yield to a request, without waiting for arguments to reason one into it
1342	Pride and Prejudice	Jane Austen	Darcy is impatient to see his sister; and to confess the truth, _we_ are scarcely less eager to meet her again
1661	The Adventures of Sherlock Holmes	Arthur Conan Doyle	So then I promised to wait for him to the end of time and pledged myself not to marry anyone else while he lived
1342	Pride and Prejudice	Jane Austen	He began to wish to know more of her; and, as a step towards conversing with her himself, attended to her conversation with others
1342	Pride and Prejudice	Jane Austen	Collins was impossible or non-existent at the end of the eighteenth century
345	Dracula	Bram Stoker	Our task is now in reality more difficult than ever, and this new trouble makes every hour of the direst importance
1342	Pride and Prejudice	Jane Austen	I will read it to you
1342	Pride and Prejudice	Jane Austen	I believe I have now told you everything
345	Dracula	Bram Stoker	The careful Professor had replaced it where it had come from, lest on waking she should be alarmed
345	Dracula	Bram Stoker	I should not be here speaking to you as I am now if I did not believe you clean grit, right through to the very depths of your soul
1342	Pride and Prejudice	Jane Austen	Every time they met, it was more decided and remarkable
345	Dracula	Bram Stoker	And besides there is nothing in all the world that can give me more pain than I have already endured--than I suffer now
345	Dracula	Bram Stoker	Morris sat down beside me and looked as happy and jolly as he could, but I could see all the same that he was very nervous
1661	The Adventures of Sherlock Holmes	Arthur Conan Doyle	My father had fallen over one of the deep chalk-pits which abound in the neighbourhood, and was lying senseless, with a shattered skull
1661	The Adventures of Sherlock Holmes	Arthur Conan Doyle	I have driven down to tell you so
1342	Pride and Prejudice	Jane Austen	Do you pay no regard to the wishes of his friends--to his tacit engagement with Miss de Bourgh
1342	Pride and Prejudice	Jane Austen	Philips first brought her the news)
1661	The Adventures of Sherlock Holmes	Arthur Conan Doyle	Head attendant at the Hotel Cosmopolitan
345	Dracula	Bram Stoker	We have got horses, and we follow on the track
345	Dracula	Bram Stoker	The Professor watched whilst I went downstairs with Quincey Morris, and sent one of the maids to pay off one of the cabmen who were waiting
345	Dracula	Bram Stoker	His brain and his heart are all right; this I swear, before I have even seen him; so be at rest
345	Dracula	Bram Stoker	After breakfast I did a little exploring in the castle
345	Dracula	Bram Stoker	So far there is much that is strange
345	Dracula	Bram Stoker	I thought it was the best thing for him, so did not disturb him
1342	Pride and Prejudice	Jane Austen	When dinner was over, she returned directly to Jane, and Miss Bingley began abusing her as soon as she was out of the room
1342	Pride and Prejudice	Jane Austen	But so they always are
345	Dracula	Bram Stoker	I expected to see him in some shape go back to Carfax; but he evidently sought some other lair
1661	The Adventures of Sherlock Holmes	Arthur Conan Doyle	About two in the morning, then, I was awakened by some sound in the house
1661	The Adventures of Sherlock Holmes	Arthur Conan Doyle	I had just finished my tea when he returned, evidently in excellent spirits, swinging an old elastic-sided boot in his hand
345	Dracula	Bram Stoker	Harker is better out of it
1661	The Adventures of Sherlock Holmes	Arthur Conan Doyle	Deeply as I have sinned, I have led a life of martyrdom to atone for it
345	Dracula	Bram Stoker	He had, I knew, been very genuinely and devotedly attached to his father; and to lose him, and at such a time, was a bitter blow to him
345	Dracula	Bram Stoker	We have now passed into the Bistritza; and if we are wrong in our surmise our chance is gone
345	Dracula	Bram Stoker	Now I know well that you medical men speak _in camera_, and that a man must not expect to know what they consult about in private
11	Alice's Adventures in Wonderland	Lewis Carroll	The Mouse gave a sudden leap out of the water, and seemed to quiver all over with fright
1342	Pride and Prejudice	Jane Austen	Collins was also in the same state of angry pride
345	Dracula	Bram Stoker	It was with a feeling of personal pride that I could see a faint tinge of colour steal back into the pallid cheeks and lips
1342	Pride and Prejudice	Jane Austen	He is the kind of man, indeed, to whom I should never dare refuse anything, which he condescended to ask
1342	Pride and Prejudice	Jane Austen	Mary petitioned for the use of the library at Netherfield; and Kitty begged very hard for a few balls there every winter
1342	Pride and Prejudice	Jane Austen	I do not trust my own partiality
345	Dracula	Bram Stoker	As we burst into the room, the Count turned his face, and the hellish look that I had heard described seemed to leap into it
1661	The Adventures of Sherlock Holmes	Arthur Conan Doyle	It was the same good friend whose warning I had so foolishly rejected
1661	The Adventures of Sherlock Holmes	Arthur Conan Doyle	The rapidity with which such a poison would take effect would also, from his point of view, be an advantage
345	Dracula	Bram Stoker	It looks like religious mania, and he will soon think that he himself is God
345	Dracula	Bram Stoker	With a little trouble we found the key on the bunch and opened the door
345	Dracula	Bram Stoker	He seemed quite certain of him
345	Dracula	Bram Stoker	Bless that good, good woman who hung the crucifix round my neck
1661	The Adventures of Sherlock Holmes	Arthur Conan Doyle	It is a very sweet little problem, and I would not have missed it for a good deal
345	Dracula	Bram Stoker	No, do not ask them; think what you will
1661	The Adventures of Sherlock Holmes	Arthur Conan Doyle	I assure you that it has not detracted in the tiniest iota from your appearance
345	Dracula	Bram Stoker	I am so glad that she consented to hold back and let us men do the work
1661	The Adventures of Sherlock Holmes	Arthur Conan Doyle	Here we may take it that there is a love matter, but that the maiden is not so much angry as perplexed, or grieved
345	Dracula	Bram Stoker	Every window and door was fastened and locked, and I returned baffled to the porch
1661	The Adventures of Sherlock Holmes	Arthur Conan Doyle	unless a copyright notice is included
1342	Pride and Prejudice	Jane Austen	She had never heard of his having had any relations, except a father and mother, both of whom had been dead many years
345	Dracula	Bram Stoker	You come to me not alone as agent of my friend Peter Hawkins, of Exeter, to tell me all about my new estate in London
345	Dracula	Bram Stoker	This is his highest fear; and in order to prevent his being betrayed he has repelled, so far as he can, even his victim--me
345	Dracula	Bram Stoker	Then tell me--for I am student of the brain--how you accept the hypnotism and reject the thought reading
1342	Pride and Prejudice	Jane Austen	He immediately offered to fetch her others; all that his library afforded
1661	The Adventures of Sherlock Holmes	Arthur Conan Doyle	I waited until midnight, but there was no sign of his return, so I retired to my room
345	Dracula	Bram Stoker	To the general disappointment, however, it was not to be found; it seems to have disappeared entirely from the town
1342	Pride and Prejudice	Jane Austen	At length the chaise arrived, the trunks were fastened on, the parcels placed within, and it was pronounced to be ready
1342	Pride and Prejudice	Jane Austen	Yes, Miss Bennet, interest; for do not expect to be noticed by his family or friends, if you wilfully act against the inclinations of all
1342	Pride and Prejudice	Jane Austen	You could not make _me_ happy, and I am convinced that I am the last woman in the world who would make _you_ so
1661	The Adventures of Sherlock Holmes	Arthur Conan Doyle	Let us follow it out to the bitter end
345	Dracula	Bram Stoker	Lucy was sleeping gently, but her breathing was stronger; I could see the counterpane move as her breast heaved
1342	Pride and Prejudice	Jane Austen	Elizabeth, at work in the opposite corner, saw it all with great delight
345	Dracula	Bram Stoker	The wine was Golden Mediasch, which produces a queer sting on the tongue, which is, however, not disagreeable
1661	The Adventures of Sherlock Holmes	Arthur Conan Doyle	He would seize the coat, then, and be in the act of throwing it out, when it would occur to him that it would swim and not sink
1342	Pride and Prejudice	Jane Austen	Lady Catherine will not think the worse of you for being simply dressed
1342	Pride and Prejudice	Jane Austen	Howsoever that may be, you are grievously to be pitied; in which opinion I am not only joined by Mrs
345	Dracula	Bram Stoker	It is of Jonathan, and must be next my heart, for he is _in_ my heart
1661	The Adventures of Sherlock Holmes	Arthur Conan Doyle	Then it flashed through my mind that the pain of my death would depend very much upon the position in which I met it
1661	The Adventures of Sherlock Holmes	Arthur Conan Doyle	His hand closed like a vice upon my wrist in his agitation
345	Dracula	Bram Stoker	Gradually her eyes closed, and she sat, stock still; only by the gentle heaving of her bosom could one know that she was alive
1661	The Adventures of Sherlock Holmes	Arthur Conan Doyle	I read suspicion there and annoyance, but no jest
1342	Pride and Prejudice	Jane Austen	I know you will do him such ample justice, that I am growing every moment more unconcerned and indifferent
1661	The Adventures of Sherlock Holmes	Arthur Conan Doyle	I have taken you fully into my confidence now, Mr
1342	Pride and Prejudice	Jane Austen	Gardiner could not be seen; and Mr
345	Dracula	Bram Stoker	You go wake those maids
1342	Pride and Prejudice	Jane Austen	Bennet, with little cessation, of his house and garden at Hunsford
345	Dracula	Bram Stoker	He must hypnotise me before the dawn, and then I shall be able to speak
1342	Pride and Prejudice	Jane Austen	Could there be finer symptoms
345	Dracula	Bram Stoker	He opened it with much impressment--assumed, of course--and showed a great bundle of white flowers
1661	The Adventures of Sherlock Holmes	Arthur Conan Doyle	She will not be up, so that we shall have a clear field
345	Dracula	Bram Stoker	I am afraid, my dear, he has to invent it all, for it fits exactly into whatever else he has to say
1661	The Adventures of Sherlock Holmes	Arthur Conan Doyle	Were it not for the ugly wound upon my hand, all that had passed during those dreadful hours might have been an evil dream
345	Dracula	Bram Stoker	I waited here all the night till the sun rose, but I saw nothing
345	Dracula	Bram Stoker	The Professor and I crouched down behind our rock, and held our weapons ready; I could see that he was determined that they should not pass
1661	The Adventures of Sherlock Holmes	Arthur Conan Doyle	Folk who were in grief came to my wife like birds to a lighthouse
345	Dracula	Bram Stoker	Popular Copyrighted Fiction_ GROSSET & DUNLAP, _Publishers_, NEW YORK *** END OF THE PROJECT GUTENBERG EBOOK 345 ***
345	Dracula	Bram Stoker	There, in one of the great boxes, of which there were fifty in all, on a pile of newly dug earth, lay the Count
1342	Pride and Prejudice	Jane Austen	Gardiner were half a quarter of a mile behind
345	Dracula	Bram Stoker	I believe we forgot everything except, of course, personal fear, and it seemed to wipe the slate clean and give us a fresh start
1342	Pride and Prejudice	Jane Austen	and his sisters are charming women
1342	Pride and Prejudice	Jane Austen	Elizabeth had hoped that his resentment might shorten his visit, but his plan did not appear in the least affected by it
1661	The Adventures of Sherlock Holmes	Arthur Conan Doyle	I have no wish to commit you to anything without your having it all laid before you
1661	The Adventures of Sherlock Holmes	Arthur Conan Doyle	Then he walked slowly up the street, and then down again to the corner, still looking keenly at the houses
1342	Pride and Prejudice	Jane Austen	of that kind of love which I suppose him to have felt
1661	The Adventures of Sherlock Holmes	Arthur Conan Doyle	Air and scenery perfect
345	Dracula	Bram Stoker	Its emptiness spoke eloquent to make certain what I knew
345	Dracula	Bram Stoker	The very prospect of beer which my expected coming had opened to him had proved too much, and he had begun too early on his expected debauch
345	Dracula	Bram Stoker	One end of it was hardened by charring in the fire, and was sharpened to a fine point
1661	The Adventures of Sherlock Holmes	Arthur Conan Doyle	I know it, and I want you to start upon your work knowing it, too
1661	The Adventures of Sherlock Holmes	Arthur Conan Doyle	It is just possible, however, that that also may not be wanting in this new investigation
1661	The Adventures of Sherlock Holmes	Arthur Conan Doyle	Of course, that is only just for the time
1342	Pride and Prejudice	Jane Austen	He expressed no regret for what he had done which satisfied her; his style was not penitent, but haughty
1661	The Adventures of Sherlock Holmes	Arthur Conan Doyle	On following him they found the dead body stretched out upon the grass beside the pool
1342	Pride and Prejudice	Jane Austen	The room in which the ladies sat was backwards
345	Dracula	Bram Stoker	It is, I know, much to ask; and when you know what it is I propose to do you will know, and only then, how much
1342	Pride and Prejudice	Jane Austen	I shall never be quite happy till I have been all round the park
1342	Pride and Prejudice	Jane Austen	He could number the fields in every direction, and could tell how many trees there were in the most distant clump
345	Dracula	Bram Stoker	Then he have no place where he can move and hide
1661	The Adventures of Sherlock Holmes	Arthur Conan Doyle	Rucastle to be back before three
345	Dracula	Bram Stoker	for it is a comfort and a strength to me whenever I touch it
345	Dracula	Bram Stoker	Work of officers thorough, but quick
1342	Pride and Prejudice	Jane Austen	Your mother insists upon your accepting it
345	Dracula	Bram Stoker	For why should I give myself so much of labour and so much of sorrow
1342	Pride and Prejudice	Jane Austen	But, though this might be imaginary, she could not be deceived as to his behaviour to Miss Darcy, who had been set up as a rival to Jane
345	Dracula	Bram Stoker	It must be Quincey and John
345	Dracula	Bram Stoker	What does it all mean
345	Dracula	Bram Stoker	I dread Jonathan leaving me, and I know that he would surely go if the others went
1342	Pride and Prejudice	Jane Austen	I can no longer help thanking you for your unexampled kindness to my poor sister
1661	The Adventures of Sherlock Holmes	Arthur Conan Doyle	If the former, she had probably transferred the photograph to his keeping
1342	Pride and Prejudice	Jane Austen	She may even have been one in the further sense that, like her own Mr
11	Alice's Adventures in Wonderland	Lewis Carroll	They all made a rush at Alice the moment she appeared; but she ran off as hard as she could, and soon found herself safe in a thick wood
345	Dracula	Bram Stoker	So he began to help; and then, when he found that this be all-right, he try to move them all alone
345	Dracula	Bram Stoker	Now I want you to make your home here with me
345	Dracula	Bram Stoker	I feel I am dying of weakness, and have barely strength to write, but it must be done if I die in the doing
1342	Pride and Prejudice	Jane Austen	He saw Wickham, and afterwards insisted on seeing Lydia
1342	Pride and Prejudice	Jane Austen	At length, however, our kind friend procured the wished-for direction
345	Dracula	Bram Stoker	Tells me heard cry and ran, but no sign of man on watch
1342	Pride and Prejudice	Jane Austen	They were excessively sorry to go
1342	Pride and Prejudice	Jane Austen	Bennet, before you take any, or all of these houses, for your son and daughter, let us come to a right understanding
1661	The Adventures of Sherlock Holmes	Arthur Conan Doyle	And yet, what could have happened
1342	Pride and Prejudice	Jane Austen	I will go directly to Mr
1342	Pride and Prejudice	Jane Austen	And in the first place, let us hear what has happened to you all since you went away
1661	The Adventures of Sherlock Holmes	Arthur Conan Doyle	I want to see whether the objections are fatal, or if they may be explained away
1661	The Adventures of Sherlock Holmes	Arthur Conan Doyle	When an actor I had, of course, learned all the secrets of making up, and had been famous in the green-room for my skill
1342	Pride and Prejudice	Jane Austen	She longed to speak, but could think of nothing to say; and after a short silence Mrs
1342	Pride and Prejudice	Jane Austen	Caroline did not return my visit till yesterday; and not a note, not a line, did I receive in the meantime
345	Dracula	Bram Stoker	Sunrise this morning was anxiously looked for by us all
1661	The Adventures of Sherlock Holmes	Arthur Conan Doyle	It had been hacked or torn right out from the roots
345	Dracula	Bram Stoker	Some way it affected me much; I am crying when I think of him
1342	Pride and Prejudice	Jane Austen	Darcy took her place by her niece, and they walked on together
345	Dracula	Bram Stoker	Westenra; I should never forgive myself if any act of mine, were it even a negative one, brought harm on poor dear Lucy
345	Dracula	Bram Stoker	God knows that there is ground for my terrible fear in this accursed place
345	Dracula	Bram Stoker	It pleases me that the Un-Dead, Miss Lucy, shall not leave to-night, that so on the morrow night she may be more eager
345	Dracula	Bram Stoker	That habit came back to the poor dear, and that awful night on the cliff must have made her ill
1342	Pride and Prejudice	Jane Austen	At last she recollected that she had been travelling, and they talked of Matlock and Dovedale with great perseverance
345	Dracula	Bram Stoker	I seek not gaiety nor mirth, not the bright voluptuousness of much sunshine and sparkling waters which please the young and gay
1342	Pride and Prejudice	Jane Austen	Philips, and she ventured, without any permission, to do the same by all her neighbours in Meryton
345	Dracula	Bram Stoker	I am too agitated to sleep
345	Dracula	Bram Stoker	With white faces and trembling hands, we opened the door gently, and entered the room
1661	The Adventures of Sherlock Holmes	Arthur Conan Doyle	When I had listened to all they had to tell, I began to walk up and down near Briony Lodge once more, and to think over my plan of campaign
345	Dracula	Bram Stoker	Then it is a human life he looks to
345	Dracula	Bram Stoker	The thought that has been buzzing about my brain lately is complete, and the theory proved
1342	Pride and Prejudice	Jane Austen	No, no; I feel he may defy us there
345	Dracula	Bram Stoker	Last night there was no exodus, so to-night before the sundown I took away my garlic and other things
345	Dracula	Bram Stoker	She said nothing, however, till the narration was all done, and matters had been brought right up to the present time
11	Alice's Adventures in Wonderland	Lewis Carroll	The Dormouse slowly opened his eyes
1661	The Adventures of Sherlock Holmes	Arthur Conan Doyle	Rucastle, showing me a slit between two planks
1661	The Adventures of Sherlock Holmes	Arthur Conan Doyle	I saw no one near my father when I returned, and I have no idea how he came by his injuries
345	Dracula	Bram Stoker	The effect on Lucy was not bad, for the faint seemed to merge subtly into the narcotic sleep
1342	Pride and Prejudice	Jane Austen	If it be so, if I have been misled by such error to inflict pain on her, your resentment has not been unreasonable
1342	Pride and Prejudice	Jane Austen	Darcy gave her the letter, did not expect it to contain a renewal of his offers, she had formed no expectation at all of its contents
1661	The Adventures of Sherlock Holmes	Arthur Conan Doyle	Grimesby Roylott, of Stoke Moran
1342	Pride and Prejudice	Jane Austen	Is there nothing you could take to give you present relief
1342	Pride and Prejudice	Jane Austen	His revenge would have been complete indeed
345	Dracula	Bram Stoker	As I entered, the church was between me and the seat, and for a minute or so I lost sight of her
345	Dracula	Bram Stoker	You must be brave and strong, and help me through the horrible task
1661	The Adventures of Sherlock Holmes	Arthur Conan Doyle	Then Sherlock Holmes pulled down from the shelf one of the ponderous commonplace books in which he placed his cuttings
1342	Pride and Prejudice	Jane Austen	That _she_ could be in any danger from the deception never entered my head
345	Dracula	Bram Stoker	I could hear his voice in the hall, asking the way to the nearest telegraph office
1661	The Adventures of Sherlock Holmes	Arthur Conan Doyle	Our cabs were dismissed, and, following the guidance of Mr
345	Dracula	Bram Stoker	The keen wind still carried the howling of the dogs, though this grew fainter as we went on our way
1342	Pride and Prejudice	Jane Austen	and her calling here was prodigiously civil
1661	The Adventures of Sherlock Holmes	Arthur Conan Doyle	Now, you remark in this note of yours, Mr
345	Dracula	Bram Stoker	And her so fine husband
1661	The Adventures of Sherlock Holmes	Arthur Conan Doyle	Why, Watson, let us put their own devilish trade-mark upon them
345	Dracula	Bram Stoker	I took a big, heavy shawl and ran out
1342	Pride and Prejudice	Jane Austen	A day or two passed before Jane had courage to speak of her feelings to Elizabeth; but at last, on Mrs
1342	Pride and Prejudice	Jane Austen	In talking over their route the evening before, Mrs
1342	Pride and Prejudice	Jane Austen	All the minor passages--the loves of Jane and Bingley, the advent of Mr
1342	Pride and Prejudice	Jane Austen	When I last saw her, she was not very promising
1342	Pride and Prejudice	Jane Austen	Darcy it was now a matter of anxiety to think well; and, as far as their acquaintance reached, there was no fault to find
345	Dracula	Bram Stoker	Van Helsing did not go to bed at all
1661	The Adventures of Sherlock Holmes	Arthur Conan Doyle	He takes the obvious course of keeping her at home and forbidding her to seek the company of people of her own age
345	Dracula	Bram Stoker	I have no hesitation in asking you, as I know a certain lady is engaged to a certain dinner-party, and that you are free
1661	The Adventures of Sherlock Holmes	Arthur Conan Doyle	There was an old chest of drawers in the room, the two upper ones empty and open, the lower one locked
345	Dracula	Bram Stoker	Is not that gentleman Dr
1661	The Adventures of Sherlock Holmes	Arthur Conan Doyle	It was not merely that Holmes changed his costume
1342	Pride and Prejudice	Jane Austen	The dejection was almost universal
345	Dracula	Bram Stoker	This battle is but begun, and in the end we shall win--so sure as that God sits on high to watch over His children
345	Dracula	Bram Stoker	She did not speak, even when she wrote that which she wished to be known later
345	Dracula	Bram Stoker	Forgive me, but I had to begin to inquire somewhere, and there was none to ask
345	Dracula	Bram Stoker	I was at first interested and somewhat amused, for it is wonderful how small a matter will interest and amuse a man when he is a prisoner
345	Dracula	Bram Stoker	He must not stay here
1342	Pride and Prejudice	Jane Austen	Everything nourishes what is strong already
345	Dracula	Bram Stoker	I was suspicious, and examined the decanter
345	Dracula	Bram Stoker	This I know: that if ever there was a woman who was all perfection, that one is my poor wronged darling
1342	Pride and Prejudice	Jane Austen	Wickham should invent such a history of himself as he gave me last night; names, facts, everything mentioned without ceremony
1342	Pride and Prejudice	Jane Austen	My father and mother knew nothing of that; they only felt how imprudent a match it must be
345	Dracula	Bram Stoker	Now he make his most effort to escape us
345	Dracula	Bram Stoker	There is this peculiarity in criminals
345	Dracula	Bram Stoker	She seems better, poor dear
1661	The Adventures of Sherlock Holmes	Arthur Conan Doyle	Look out for me to-morrow, about eleven
1661	The Adventures of Sherlock Holmes	Arthur Conan Doyle	This fellow will not go wrong again; he is too terribly frightened
345	Dracula	Bram Stoker	The Count suddenly stopped, just as poor Lucy had done outside the tomb, and cowered back
1342	Pride and Prejudice	Jane Austen	Collins was not left long to the silent contemplation of his successful love; for Mrs
1661	The Adventures of Sherlock Holmes	Arthur Conan Doyle	I was determined to preserve my disguise as long as possible, and hence my preference for a dirty face
345	Dracula	Bram Stoker	He tries this on very much with me, but I flatter myself he has got a tough nut to crack
1661	The Adventures of Sherlock Holmes	Arthur Conan Doyle	She said nothing, but I am convinced that she had divined that I had a mirror in my hand and had seen what was behind me
1342	Pride and Prejudice	Jane Austen	There is one point on which I want your advice
345	Dracula	Bram Stoker	It will be a whole idea soon, and then, oh, unconscious cerebration
1661	The Adventures of Sherlock Holmes	Arthur Conan Doyle	Next day I was inclined to think that I had made a mistake, and by the day after I was sure of it
345	Dracula	Bram Stoker	I told him that if he could get me the address it would be worth another half-sovereign to him
345	Dracula	Bram Stoker	He says the amount of responsibility which it puts upon him makes him nervous
1342	Pride and Prejudice	Jane Austen	The latter was much more agreeable than his companion expected
345	Dracula	Bram Stoker	Fifty years ago a series of great fires took place, which made terrible havoc on five separate occasions
1661	The Adventures of Sherlock Holmes	Arthur Conan Doyle	It was indeed a gigantic one, and capable of exercising enormous pressure
1342	Pride and Prejudice	Jane Austen	Hurst nothing at all
1342	Pride and Prejudice	Jane Austen	You must send John with the young ladies, Mrs
1342	Pride and Prejudice	Jane Austen	I know not what to think
1342	Pride and Prejudice	Jane Austen	She is grown so brown and coarse
1661	The Adventures of Sherlock Holmes	Arthur Conan Doyle	I will explain the state of things to you, as far as I have been able to understand it, in a very few words
1342	Pride and Prejudice	Jane Austen	And pray, Lizzy, what said Lady Catherine about this report
1661	The Adventures of Sherlock Holmes	Arthur Conan Doyle	Rucastle seemed to take no notice of it
1342	Pride and Prejudice	Jane Austen	They met several times, for there was much to be discussed
11	Alice's Adventures in Wonderland	Lewis Carroll	This time Alice waited patiently until it chose to speak again
345	Dracula	Bram Stoker	The systematic manner in which this was done made me think that he could not mean to confine himself to two sides of London
1342	Pride and Prejudice	Jane Austen	Jane resolutely kept her place at the table; but Elizabeth, to satisfy her mother, went to the window--she looked--she saw Mr
1661	The Adventures of Sherlock Holmes	Arthur Conan Doyle	He was a singular man, fierce and quick-tempered, very foul-mouthed when he was angry, and of a most retiring disposition
345	Dracula	Bram Stoker	I did not myself know whether our lethal weapons would avail us anything
345	Dracula	Bram Stoker	In starting I had cut myself slightly, but did not notice it at the moment
345	Dracula	Bram Stoker	For a few minutes our sorrowful hearts beat together, whilst the friends around us turned away their eyes that ran tears silently
345	Dracula	Bram Stoker	He has got the carriage and horses; we are to have some dinner, and to start in an hour
1342	Pride and Prejudice	Jane Austen	The express was sent off directly
1661	The Adventures of Sherlock Holmes	Arthur Conan Doyle	Many small donations ($1 to $5,000) are particularly important to maintaining tax exempt status with the IRS
1342	Pride and Prejudice	Jane Austen	Well, well, I only hope it will last
1342	Pride and Prejudice	Jane Austen	pray make haste and come into the dining-room, for there is such a sight to be seen
1342	Pride and Prejudice	Jane Austen	I would rather be paid the compliment of being believed sincere
345	Dracula	Bram Stoker	shall I ever--can I ever
345	Dracula	Bram Stoker	He come again, and again, and again
345	Dracula	Bram Stoker	What I saw appalled me
1661	The Adventures of Sherlock Holmes	Arthur Conan Doyle	Evidently there was a skylight which let in light from above
345	Dracula	Bram Stoker	Lucy was up and in cheerful spirits
345	Dracula	Bram Stoker	There is, however, one good thing which has arisen from it; Mrs
345	Dracula	Bram Stoker	He took us to his house, where there were rooms for us all nice and comfortable, and we dined together
345	Dracula	Bram Stoker	I took off my boots, and ventured out on the desperate way
11	Alice's Adventures in Wonderland	Lewis Carroll	Who cares for fish, Game, or any other dish
345	Dracula	Bram Stoker	As his room is on this side of the house, I could hear it better than in the morning
345	Dracula	Bram Stoker	There is peace in its smell; I feel sleep coming already
345	Dracula	Bram Stoker	All the time of the burial he was, I could see, putting some terrible restraint on himself
345	Dracula	Bram Stoker	The air seems full of specks, floating and circling in the draught from the window, and the lights burn blue and dim
1661	The Adventures of Sherlock Holmes	Arthur Conan Doyle	Yet it was quite certain, from the absolute stillness, that we were in the country
1342	Pride and Prejudice	Jane Austen	It was hardly enough; but it pleased her
1342	Pride and Prejudice	Jane Austen	They have known her much longer than they have known me; no wonder if they love her better
1342	Pride and Prejudice	Jane Austen	And even Mary could assure her family that she had no disinclination for it
1661	The Adventures of Sherlock Holmes	Arthur Conan Doyle	Her lips, too, were bloodless, but her eyes were flushed with crying
345	Dracula	Bram Stoker	That purpose is remorseless
1342	Pride and Prejudice	Jane Austen	When alone with Elizabeth afterwards, she spoke more on the subject
1661	The Adventures of Sherlock Holmes	Arthur Conan Doyle	Oh, if you could see him killing cockroaches with a slipper
345	Dracula	Bram Stoker	I suppose I know the secret too, now
1661	The Adventures of Sherlock Holmes	Arthur Conan Doyle	For half an hour I sat with straining ears
345	Dracula	Bram Stoker	Then the thin man smile and say that of course he must go when he think fit; but he will be surprise if he go quite so soon
345	Dracula	Bram Stoker	I am now sitting by his bedside, where I can see his face while he sleeps
345	Dracula	Bram Stoker	But I shall precaution take
1661	The Adventures of Sherlock Holmes	Arthur Conan Doyle	The window was open, and she distinctly saw his face, which she describes as being terribly agitated
345	Dracula	Bram Stoker	They can judge it; it is well to be accurate, and every minute is precious
1661	The Adventures of Sherlock Holmes	Arthur Conan Doyle	If I cannot persuade you to take a lenient view of the matter, Lord St
345	Dracula	Bram Stoker	Mackenzie & Steinkoff, the agents of the London firm of Hapgood
1661	The Adventures of Sherlock Holmes	Arthur Conan Doyle	Creating the works from print editions not protected by U.S
1342	Pride and Prejudice	Jane Austen	Elizabeth could not but be pleased, could not but triumph
1342	Pride and Prejudice	Jane Austen	More thoughtfulness and less anxiety to please, than when they last met, were plainly expressed
345	Dracula	Bram Stoker	Well, my dear, number One came just before lunch
1342	Pride and Prejudice	Jane Austen	I am not afraid of being overpowered by the impression
1661	The Adventures of Sherlock Holmes	Arthur Conan Doyle	Thus, we do not necessarily keep eBooks in compliance with any particular paper edition
1661	The Adventures of Sherlock Holmes	Arthur Conan Doyle	Of course I might have fled from the house, but my curiosity was almost as strong as my fears
345	Dracula	Bram Stoker	I found him sitting out in the middle of the floor on his stool, a pose which is generally indicative of some mental energy on his part
1342	Pride and Prejudice	Jane Austen	Tell him I hope he will excuse me when he knows all, and tell him I will dance with him at the next ball we meet with great pleasure
345	Dracula	Bram Stoker	It was evident to us that the Count was not at present in the house, and we proceeded to search for any of his effects
1342	Pride and Prejudice	Jane Austen	I will write to my sister Gardiner about them directly
345	Dracula	Bram Stoker	Her teeth are some sharper, and at times her eyes are more hard
1342	Pride and Prejudice	Jane Austen	Maria thought speaking out of the question, and the gentlemen did nothing but eat and admire
1342	Pride and Prejudice	Jane Austen	Bennet was satisfied, and soon afterwards ordered her carriage
1661	The Adventures of Sherlock Holmes	Arthur Conan Doyle	At any rate, it was there, and I was keenly on the lookout for any chance to pass the forbidden door
345	Dracula	Bram Stoker	Lucy did not answer, and I ran on to the entrance of the churchyard
345	Dracula	Bram Stoker	Here was I almost making fun of this great-hearted, true gentleman
1342	Pride and Prejudice	Jane Austen	Generous, good man, I am afraid he has distressed himself
1661	The Adventures of Sherlock Holmes	Arthur Conan Doyle	The instant that we heard it, Holmes sprang from the bed, struck a match, and lashed furiously with his cane at the bell-pull
345	Dracula	Bram Stoker	It has always been at night-time that I have been molested or threatened, or in some way in danger or in fear
1342	Pride and Prejudice	Jane Austen	But Bingley has great natural modesty, with a stronger dependence on my judgment than on his own
345	Dracula	Bram Stoker	It seemed to me that all that he had of late been suffering in silence found a vent at once
345	Dracula	Bram Stoker	With heavy hearts we came home to the hotel to Mina
345	Dracula	Bram Stoker	m._--Our meeting for report
345	Dracula	Bram Stoker	Men more downcast than ever
1342	Pride and Prejudice	Jane Austen	The business was therefore soon settled
345	Dracula	Bram Stoker	She sleeps a great deal; throughout the journey she slept nearly all the time
1661	The Adventures of Sherlock Holmes	Arthur Conan Doyle	The trees and wayside hedges were just throwing out their first green shoots, and the air was full of the pleasant smell of the moist earth
11	Alice's Adventures in Wonderland	Lewis Carroll	either the locks were too large, or the key was too small, but at any rate it would not open any of them
345	Dracula	Bram Stoker	Hereafter it may be of interest to you to see how true you guess
1661	The Adventures of Sherlock Holmes	Arthur Conan Doyle	I was the only passenger who got out there, and there was no one upon the platform save a single sleepy porter with a lantern
345	Dracula	Bram Stoker	We promise you a hearty welcome, and a loving greeting, and a health as true as your own right hand
1342	Pride and Prejudice	Jane Austen	She is almost three-and-twenty
345	Dracula	Bram Stoker	I sent a short wire to Van Helsing and to Arthur, telling them of the excellent result of the operation
345	Dracula	Bram Stoker	This then was the Un-Dead home of the King-Vampire, to whom so many more were due
1342	Pride and Prejudice	Jane Austen	I inquired after their brother, of course
1661	The Adventures of Sherlock Holmes	Arthur Conan Doyle	He took a large villa, laid out the grounds very nicely, and lived generally in good style
1661	The Adventures of Sherlock Holmes	Arthur Conan Doyle	Holmes, for I wish you to thoroughly understand the situation
1342	Pride and Prejudice	Jane Austen	I know my own strength, and I shall never be embarrassed again by his coming
345	Dracula	Bram Stoker	We have learned to believe, all of us--is it not so
1342	Pride and Prejudice	Jane Austen	Her behaviour to my dear Charlotte is charming
345	Dracula	Bram Stoker	It was open, and led through a stone passage to a circular stairway, which went steeply down
1342	Pride and Prejudice	Jane Austen	She was teased by Mr
1342	Pride and Prejudice	Jane Austen	You forced me into visiting him last year, and promised, if I went to see him, he should marry one of my daughters
345	Dracula	Bram Stoker	After another hour Lucy waked from her sleep, fresh and bright and seemingly not much the worse for her terrible ordeal
1661	The Adventures of Sherlock Holmes	Arthur Conan Doyle	But what was she to do
345	Dracula	Bram Stoker	I am not sleepy, and, as I am not to be called till I awake, naturally I write till sleep comes
345	Dracula	Bram Stoker	That she is still journeying _somewhere_ is apparent, for Mrs
345	Dracula	Bram Stoker	It seems to me that her imagination is beginning to work
1342	Pride and Prejudice	Jane Austen	Collins, to be sure, was neither sensible nor agreeable: his society was irksome, and his attachment to her must be imaginary
345	Dracula	Bram Stoker	Van Helsing is sleeping
345	Dracula	Bram Stoker	One of the letters was directed to Samuel F
345	Dracula	Bram Stoker	Please God, I shall never, never forget them, nor the grave and sweet responsibilities I have taken upon me
345	Dracula	Bram Stoker	Harker, and especially would I like to oblige his lordship
345	Dracula	Bram Stoker	Frankly, however, I must admit that in this case any other form of disposition would have rendered impossible the carrying out of her wishes
345	Dracula	Bram Stoker	Mina if she survive is my sole heir
345	Dracula	Bram Stoker	The unexpected again
345	Dracula	Bram Stoker	Therefore I am glad that it is settled
345	Dracula	Bram Stoker	In no place save from the windows in the castle walls is there an available exit
1661	The Adventures of Sherlock Holmes	Arthur Conan Doyle	I ordered her to say nothing, but to get a few things packed and my ulster ready
345	Dracula	Bram Stoker	He says that I afford him a curious psychological study, and I humbly think I do
1661	The Adventures of Sherlock Holmes	Arthur Conan Doyle	There is a huge error which it may take some little time to rectify
1342	Pride and Prejudice	Jane Austen	They now walked on in silence; each of them deep in thought
1342	Pride and Prejudice	Jane Austen	Robinson: did not I mention it to you
345	Dracula	Bram Stoker	I shall try to run over to see you, dearest, if only for a few minutes
345	Dracula	Bram Stoker	The lips were red, nay redder than before; and on the cheeks was a delicate bloom
345	Dracula	Bram Stoker	Of this I am sure: the sun rises to-day on no more miserable house in all the great round of its daily course
1661	The Adventures of Sherlock Holmes	Arthur Conan Doyle	She was about to renew her entreaties when a door slammed overhead, and the sound of several footsteps was heard upon the stairs
1342	Pride and Prejudice	Jane Austen	Oh, Lizzy, to know that what I have to relate will give such pleasure to all my dear family
1342	Pride and Prejudice	Jane Austen	There is a lady, it seems, a Mrs
1342	Pride and Prejudice	Jane Austen	Assistance is impossible; condolence, insufferable
1342	Pride and Prejudice	Jane Austen	And do you really love him quite well enough
345	Dracula	Bram Stoker	He must be awfully old, for his face is all gnarled and twisted like the bark of a tree
1342	Pride and Prejudice	Jane Austen	And now do, when you get to town, find them out, wherever they may be; and if they are not married already, _make_ them marry
11	Alice's Adventures in Wonderland	Lewis Carroll	Who would not give all else for two p ennyworth only of beautiful Soup
1342	Pride and Prejudice	Jane Austen	At length, however, his civility was so far awakened as to inquire of Elizabeth after the health of her family
345	Dracula	Bram Stoker	Let me be calm, for out of that way lies madness indeed
1342	Pride and Prejudice	Jane Austen	What will Wickham say
345	Dracula	Bram Stoker	I feel strangely sad and low-spirited to-day
1661	The Adventures of Sherlock Holmes	Arthur Conan Doyle	Nearly all the individual works in the collection are in the public domain in the United States
345	Dracula	Bram Stoker	Van Helsing will not blame me; I have had so much trouble and anxiety of late that I feel I cannot bear more just at present
1342	Pride and Prejudice	Jane Austen	I have no pleasure in talking to undutiful children
1661	The Adventures of Sherlock Holmes	Arthur Conan Doyle	Think of the deeds of hellish cruelty, the hidden wickedness which may go on, year in, year out, in such places, and none the wiser
1661	The Adventures of Sherlock Holmes	Arthur Conan Doyle	Oh, do, do take my word for it that he is innocent
1342	Pride and Prejudice	Jane Austen	I always thought they were very unfit to have the charge of her; but I was over-ruled, as I always am
1342	Pride and Prejudice	Jane Austen	Yet he knew to the contrary himself
1661	The Adventures of Sherlock Holmes	Arthur Conan Doyle	But the deception could not be kept up forever
345	Dracula	Bram Stoker	Some of our caricaturists might, he says, take a lesson in the irony of grotesque by comparing the reality and the picture
345	Dracula	Bram Stoker	Then he took over the care of the case himself, saying that he would watch this night and the next and would send me word when to come
345	Dracula	Bram Stoker	We stopped our carriage, and got down so that there might be no disturbance
345	Dracula	Bram Stoker	The red light in them was lurid, as if the flames of hell-fire blazed behind them
11	Alice's Adventures in Wonderland	Lewis Carroll	This was not an encouraging opening for a conversation
345	Dracula	Bram Stoker	Had single watch to-night, as crew too tired to double
1342	Pride and Prejudice	Jane Austen	Vain, ignorant, idle, and absolutely uncontrolled
1661	The Adventures of Sherlock Holmes	Arthur Conan Doyle	Look at the band of ribbed silk and the excellent lining
1342	Pride and Prejudice	Jane Austen	Your superior knowledge of your sister must make the latter probable
345	Dracula	Bram Stoker	I read between the lines of your letter, and have been in an agony
1342	Pride and Prejudice	Jane Austen	What made you so shy of me, when you first called, and afterwards dined here
345	Dracula	Bram Stoker	It may be our own feelings, but the depression is strange
1661	The Adventures of Sherlock Holmes	Arthur Conan Doyle	Has only one male visitor, but a good deal of him
345	Dracula	Bram Stoker	It is then so near the end
345	Dracula	Bram Stoker	You shall know and understand it all in good time; but it will be later
345	Dracula	Bram Stoker	For myself I could hold it in my account with God to find such an euthanasia for you, even at this moment if it were best
345	Dracula	Bram Stoker	I got him on the subject of the legends, and he went off at once into a sort of sermon
1342	Pride and Prejudice	Jane Austen	I am not romantic, you know
345	Dracula	Bram Stoker	Hennessey had written to me
1342	Pride and Prejudice	Jane Austen	Bennet could hardly contain herself
1342	Pride and Prejudice	Jane Austen	It was necessary to laugh when she would rather have cried
345	Dracula	Bram Stoker	Seward to give me a little opiate of some kind, as I had not slept well the night before
1342	Pride and Prejudice	Jane Austen	I do not know the particulars, but I know very well that Mr
345	Dracula	Bram Stoker	The Roumanians were wild, and wanted me right or wrong to take out the box and fling it in the river
345	Dracula	Bram Stoker	go back to bed; it is all right
1342	Pride and Prejudice	Jane Austen	The journey would, moreover, give her a peep at Jane; and, in short, as the time drew near, she would have been very sorry for any delay
345	Dracula	Bram Stoker	No, I shall take none to-night
345	Dracula	Bram Stoker	But to fail here, is not mere life or death
1661	The Adventures of Sherlock Holmes	Arthur Conan Doyle	Clair by name, who appeared to have plenty of money
1661	The Adventures of Sherlock Holmes	Arthur Conan Doyle	I braved him to do his worst
345	Dracula	Bram Stoker	Their threats were, however, mingled with some sort of indirect apology for the defeat of the two of them by a feeble madman
345	Dracula	Bram Stoker	He will not admit anything, and downfaces everybody
1342	Pride and Prejudice	Jane Austen	He was as much awake to the novelty of attention in that quarter as Elizabeth herself could be, and unconsciously closed his book
1342	Pride and Prejudice	Jane Austen	I often tell young ladies, that no excellence in music is to be acquired without constant practice
345	Dracula	Bram Stoker	Do not answer this, as I shall take it that, if I do not hear, you will come to breakfast
345	Dracula	Bram Stoker	Early in the morning we both got up and went down to the harbour to see if anything had happened in the night
1342	Pride and Prejudice	Jane Austen	Darcy without being grieved to the soul by a thousand tender recollections
1342	Pride and Prejudice	Jane Austen	We may as well wait, perhaps, till the circumstance occurs, before we discuss the discretion of his behaviour thereupon
1661	The Adventures of Sherlock Holmes	Arthur Conan Doyle	Holmes, but I cannot do that
1342	Pride and Prejudice	Jane Austen	And who knows what _may_ happen
1661	The Adventures of Sherlock Holmes	Arthur Conan Doyle	Very retiring and gentlemanly he was
1661	The Adventures of Sherlock Holmes	Arthur Conan Doyle	He walked swiftly and in silence for some few minutes until we had turned down one of the quiet streets which lead towards the Edgeware Road
1342	Pride and Prejudice	Jane Austen	But, my dearest love, tell me what dish Mr
1342	Pride and Prejudice	Jane Austen	On the following morning he hastened to Rosings to pay his respects
1342	Pride and Prejudice	Jane Austen	Wickham, after a few moments, touched his hat--a salutation which Mr
345	Dracula	Bram Stoker	Rushed on deck, and ran against mate
1342	Pride and Prejudice	Jane Austen	I think it is no sacrifice to join occasionally in evening engagements
1661	The Adventures of Sherlock Holmes	Arthur Conan Doyle	With an apology for my intrusion, I was about to withdraw when Holmes pulled me abruptly into the room and closed the door behind me
345	Dracula	Bram Stoker	Then the captain replied that he wished that he and his box--old and with much bloom and blood--were in hell
1342	Pride and Prejudice	Jane Austen	Darcy, after inquiring of her how Mr
1661	The Adventures of Sherlock Holmes	Arthur Conan Doyle	I may want your help, and so may he
1342	Pride and Prejudice	Jane Austen	You never see a fault in anybody
1342	Pride and Prejudice	Jane Austen	My mind was more agreeably engaged
1661	The Adventures of Sherlock Holmes	Arthur Conan Doyle	My friend rose now and paced up and down the room, his hands in his pockets, and an expression of the most profound gravity upon his face
1342	Pride and Prejudice	Jane Austen	There was another reason, too, for her opposition
1342	Pride and Prejudice	Jane Austen	Bennet made no answer; and each of them, deep in thought, continued silent till they reached the house
345	Dracula	Bram Stoker	Devotion is so rare, and we are so grateful to those who show it unasked to those we love
345	Dracula	Bram Stoker	He then, of his own accord, spoke of going home, a subject he has never mentioned to my knowledge during his sojourn here
345	Dracula	Bram Stoker	I am so worried in my mind that I am apt to be irritable
345	Dracula	Bram Stoker	One of the saddles has a movable horn, and can be easily adapted for Mina, if required
1661	The Adventures of Sherlock Holmes	Arthur Conan Doyle	Nothing to complain of
1661	The Adventures of Sherlock Holmes	Arthur Conan Doyle	How shall I ever forget that dreadful vigil
1342	Pride and Prejudice	Jane Austen	Do not imagine, Miss Bennet, that your ambition will ever be gratified
345	Dracula	Bram Stoker	Our old fox is wily; oh
1342	Pride and Prejudice	Jane Austen	Bingley before, expressed to her sister how very much she admired him
345	Dracula	Bram Stoker	I love you all the more for it
1661	The Adventures of Sherlock Holmes	Arthur Conan Doyle	Holmes unlocked his strong-box and held up the blue carbuncle, which shone out like a star, with a cold, brilliant, many-pointed radiance
345	Dracula	Bram Stoker	Seemed scared, but would not speak out
1661	The Adventures of Sherlock Holmes	Arthur Conan Doyle	The Rucastles will be gone by that time, and Toller will, we hope, be incapable
1661	The Adventures of Sherlock Holmes	Arthur Conan Doyle	I struck him down with no more compunction than if he had been some foul and venomous beast
1661	The Adventures of Sherlock Holmes	Arthur Conan Doyle	The Five Orange Pips VI
1342	Pride and Prejudice	Jane Austen	Do not you know that Mr
1661	The Adventures of Sherlock Holmes	Arthur Conan Doyle	Above all, try to let Mr
345	Dracula	Bram Stoker	Van Helsing, will you read this, and tell me if it must go in
1342	Pride and Prejudice	Jane Austen	She assured him that no one intended to play, and the silence of the whole party on the subject seemed to justify her
345	Dracula	Bram Stoker	The door opposite mine I tried, but found it locked
1342	Pride and Prejudice	Jane Austen	I am so pleased--so happy
345	Dracula	Bram Stoker	He think, too, that as he cut himself off from knowing your mind, there can be no knowledge of him to you; there is where he fail
345	Dracula	Bram Stoker	The door flew open for an instant and closed again
345	Dracula	Bram Stoker	Harker a little before the time of sunset
345	Dracula	Bram Stoker	I was myself looking out of the study window, having a smoke after dinner, and saw one of them come up to the house
345	Dracula	Bram Stoker	A red streak shot up, and a rosy light seemed to diffuse itself through the room
1661	The Adventures of Sherlock Holmes	Arthur Conan Doyle	My mind was soon made up
1342	Pride and Prejudice	Jane Austen	To find a man agreeable whom one is determined to hate
1342	Pride and Prejudice	Jane Austen	Darcy, with an expression of half-laughing alarm
1342	Pride and Prejudice	Jane Austen	I thank you again and again for the honour you have done me in your proposals, but to accept them is absolutely impossible
345	Dracula	Bram Stoker	I pulled, and pulled, at the door, and shook it till, massive as it was, it rattled in its casement
345	Dracula	Bram Stoker	There must be transfusion of blood at once
345	Dracula	Bram Stoker	Well, my dear, number Two came after lunch
1661	The Adventures of Sherlock Holmes	Arthur Conan Doyle	The gentleman, however, seeing perhaps the look of incredulity upon my face, opened a pocket-book and took out a note
1661	The Adventures of Sherlock Holmes	Arthur Conan Doyle	He locked the door and hurried past me without a word or a look
345	Dracula	Bram Stoker	All, big and little, must go down; perhaps at the end the little things may teach us most
1342	Pride and Prejudice	Jane Austen	He was most highly esteemed by Mr
1342	Pride and Prejudice	Jane Austen	Had they no apprehension of anything before the elopement took place
1342	Pride and Prejudice	Jane Austen	Till I have your disposition, your goodness, I never can have your happiness
345	Dracula	Bram Stoker	Lucy went out visiting with her mother, and as they were only duty calls, I did not go
1661	The Adventures of Sherlock Holmes	Arthur Conan Doyle	I know that she will do it
1661	The Adventures of Sherlock Holmes	Arthur Conan Doyle	When Lee laid down his arms my uncle returned to his plantation, where he remained for three or four years
1342	Pride and Prejudice	Jane Austen	His choice is disinterested at least, for he must know my father can give her nothing
345	Dracula	Bram Stoker	If Jonathan and I were driving through it alone what a pleasure it would be
1661	The Adventures of Sherlock Holmes	Arthur Conan Doyle	It is only fair to them to say that
345	Dracula	Bram Stoker	Of course, we had then no alternative but to accept
1342	Pride and Prejudice	Jane Austen	[Illustration] CHAPTER XXXII
345	Dracula	Bram Stoker	The room and all round seemed to spin round
345	Dracula	Bram Stoker	It was now growing dusk, and the autumn night was closing in, so I did not lose any time
1342	Pride and Prejudice	Jane Austen	Darcy than they had before any idea of; it was evident that he was very much in love with her
345	Dracula	Bram Stoker	That he be all in black, except that he have a hat of straw which suit not him or the time
345	Dracula	Bram Stoker	If you will let me, I shall give you a paper to read
345	Dracula	Bram Stoker	We walked a little further, and then went in and sat for a while in the Green Park
1661	The Adventures of Sherlock Holmes	Arthur Conan Doyle	I had no idea that he was in front of me
1661	The Adventures of Sherlock Holmes	Arthur Conan Doyle	I was at once convinced from what you had told me that the latter was your son
1342	Pride and Prejudice	Jane Austen	Imprudent as a marriage between Mr
1342	Pride and Prejudice	Jane Austen	Bennet, you must not expect such girls to have the sense of their father and mother
1661	The Adventures of Sherlock Holmes	Arthur Conan Doyle	Sometimes Holmes would hurry on, sometimes stop dead, and once he made quite a little detour into the meadow
11	Alice's Adventures in Wonderland	Lewis Carroll	Would the fall _never_ come to an end
345	Dracula	Bram Stoker	Again I awoke in the night, and found Lucy sitting up in bed, still asleep, pointing to the window
1661	The Adventures of Sherlock Holmes	Arthur Conan Doyle	Now I am left to a lonely and dishonoured age
1342	Pride and Prejudice	Jane Austen	She has known him only a fortnight
1342	Pride and Prejudice	Jane Austen	His circumstances, he assured me, and I had no difficulty in believing it, were exceedingly bad
1342	Pride and Prejudice	Jane Austen	He replied, and was again silent
1342	Pride and Prejudice	Jane Austen	They had often attempted it before: but it was a subject on which Mrs
1661	The Adventures of Sherlock Holmes	Arthur Conan Doyle	I thought of my fifty-guinea fee, of my wearisome journey, and of the unpleasant night which seemed to be before me
345	Dracula	Bram Stoker	When we got in, and had washed our feet, and had said a prayer of thankfulness together, I tucked her into bed
345	Dracula	Bram Stoker	He have prepare for this in some way, and that last earth-box was ready to ship somewheres
1342	Pride and Prejudice	Jane Austen	Jane was already so much recovered as to intend leaving her room for a couple of hours that evening
1342	Pride and Prejudice	Jane Austen	The rapture of Lydia on this occasion, her adoration of Mrs
345	Dracula	Bram Stoker	By the way, I forgot to tell you that Arthur is here
345	Dracula	Bram Stoker	Despair has its own calms
1661	The Adventures of Sherlock Holmes	Arthur Conan Doyle	Holmes walked over to his desk, took out a little triangular piece of gold with three gems in it, and threw it down upon the table
1342	Pride and Prejudice	Jane Austen	Bennet, delighted to speak to a Lady Catherine
1342	Pride and Prejudice	Jane Austen	Bingley to see you all after him so soon; for, if I recollect right, he went but the day before
345	Dracula	Bram Stoker	It struck me as curious that the moment she became conscious she pressed the garlic flowers close to her
345	Dracula	Bram Stoker	I must stop, for Jonathan is waking--I must attend to my husband
1342	Pride and Prejudice	Jane Austen	There were two nephews of Lady Catherine to require them, for Mr
345	Dracula	Bram Stoker	Then he withdrew without a word
1342	Pride and Prejudice	Jane Austen	He then asked her to walk into the house--but she declared herself not tired, and they stood together on the lawn
345	Dracula	Bram Stoker	At sunrise the Count could appear in his own form
1342	Pride and Prejudice	Jane Austen	Collins could not have been so satisfactorily exhibited if his creatress had not adjusted so artfully to him the figures of Mr
1661	The Adventures of Sherlock Holmes	Arthur Conan Doyle	Was it possible that we could bring him back to her
345	Dracula	Bram Stoker	I am over-excited and weary, and I need rest, rest, rest
345	Dracula	Bram Stoker	Tell me the thesis, so that I may apply your knowledge as you go on
1661	The Adventures of Sherlock Holmes	Arthur Conan Doyle	I had been told that, if the King employed an agent, it would certainly be you
1342	Pride and Prejudice	Jane Austen	Collins was eloquent in her praise
1661	The Adventures of Sherlock Holmes	Arthur Conan Doyle	He was off in one of those hysterical outbursts which come upon a strong nature when some great crisis is over and gone
345	Dracula	Bram Stoker	They should have got to Veresti about noon on Wednesday
345	Dracula	Bram Stoker	It will be a painful task for you, I know, old friend, but it is for _her_ sake, and I must not hesitate to ask, or you to act
345	Dracula	Bram Stoker	The carriage went at a hard pace straight along, then we made a complete turn and went along another straight road
345	Dracula	Bram Stoker	We know from the record that he was on the water; so what we have to do is to ascertain _what_ water
1661	The Adventures of Sherlock Holmes	Arthur Conan Doyle	No doubt you will go to the prison to see James
1661	The Adventures of Sherlock Holmes	Arthur Conan Doyle	The lowest estimate would put the worth of the coronet at double the sum which I have asked
1661	The Adventures of Sherlock Holmes	Arthur Conan Doyle	I could not bear to see the smile fade even for a moment from his face
1661	The Adventures of Sherlock Holmes	Arthur Conan Doyle	But I hear the rumble of wheels
1661	The Adventures of Sherlock Holmes	Arthur Conan Doyle	But, you know, I have been trained as an actress myself
1342	Pride and Prejudice	Jane Austen	His appearance was greatly in his favour: he had all the best parts of beauty, a fine countenance, a good figure, and very pleasing address
1661	The Adventures of Sherlock Holmes	Arthur Conan Doyle	Ryder stood glaring with a drawn face, uncertain whether to claim or to disown it
1661	The Adventures of Sherlock Holmes	Arthur Conan Doyle	I have no doubt that I am myself to blame
1342	Pride and Prejudice	Jane Austen	Have you seen any pleasant men
345	Dracula	Bram Stoker	We both seem in good spirits; I think we make an effort each to cheer the other; in the doing so we cheer ourselves
1342	Pride and Prejudice	Jane Austen	We must not expect a lively young man to be always so guarded and circumspect
11	Alice's Adventures in Wonderland	Lewis Carroll	There ought to be a book written about me, that there ought
345	Dracula	Bram Stoker	I thought it well to humour him: so he is back in his room with the window open
345	Dracula	Bram Stoker	All at once the door opened under a slight push from him, and he and the two others entered the hall
1342	Pride and Prejudice	Jane Austen	Does your charge give you much trouble
1661	The Adventures of Sherlock Holmes	Arthur Conan Doyle	You do not know her, but she has a soul of steel
345	Dracula	Bram Stoker	If it were not that I had made my diary a duty I should not open it to-night
345	Dracula	Bram Stoker	We told her that either or both of us would now remain with her all the time, and that seemed to comfort her
1342	Pride and Prejudice	Jane Austen	How could I ever be foolish enough to expect a renewal of his love
345	Dracula	Bram Stoker	Were fortune other, then it were bad for those who have trusted, for I come to my friend when he call me to aid those he holds dear
1342	Pride and Prejudice	Jane Austen	Elizabeth joined them again only to say that her sister was worse, and that she could not leave her
345	Dracula	Bram Stoker	Would not condescend to talk with him at all
1661	The Adventures of Sherlock Holmes	Arthur Conan Doyle	I determined to wait until I got back to town before telling my story to the police
345	Dracula	Bram Stoker	I only slept a few hours when I went to bed, and feeling that I could not sleep any more, got up
1661	The Adventures of Sherlock Holmes	Arthur Conan Doyle	About this girl, Miss Holder
1661	The Adventures of Sherlock Holmes	Arthur Conan Doyle	By it he laid the box of matches and the stump of a candle
345	Dracula	Bram Stoker	The door was shut, but not locked, as I had left it
1342	Pride and Prejudice	Jane Austen	_Her_ mind was less difficult to develope
1342	Pride and Prejudice	Jane Austen	_I_ only want to think _you_ perfect, and you set yourself against it
1661	The Adventures of Sherlock Holmes	Arthur Conan Doyle	But, as a matter of fact, seven weeks elapsed
345	Dracula	Bram Stoker	It made us think of the empty chair at home; so we got up and walked down Piccadilly
1661	The Adventures of Sherlock Holmes	Arthur Conan Doyle	It was my coil of hair
1661	The Adventures of Sherlock Holmes	Arthur Conan Doyle	And then the incident of the grey cloth seen by young McCarthy
1342	Pride and Prejudice	Jane Austen	His name had never been voluntarily mentioned before them by her niece; and the kind of half-expectation which Mrs
1661	The Adventures of Sherlock Holmes	Arthur Conan Doyle	Once we diverted her luggage when she travelled
1342	Pride and Prejudice	Jane Austen	I have not the smallest hope
345	Dracula	Bram Stoker	With you I agree that there has been much blood lost; it has been, but is not
345	Dracula	Bram Stoker	He has his madmans to play with, and to bring them back to happiness, and to those that love them
345	Dracula	Bram Stoker	God bless and keep you
345	Dracula	Bram Stoker	We have here much data, and we must proceed to lay out our campaign
345	Dracula	Bram Stoker	They are _very, very_ superstitious
1661	The Adventures of Sherlock Holmes	Arthur Conan Doyle	I could not imagine a man of your habits looking at himself in an equal light and being satisfied with such a result
345	Dracula	Bram Stoker	But that you do not, cannot, comprehend
1342	Pride and Prejudice	Jane Austen	Darcy had been overrated, Elizabeth had never yet answered Mrs
1342	Pride and Prejudice	Jane Austen	Forster, and Kitty and me, except my aunt, for we were forced to borrow one of her gowns; and you cannot imagine how well he looked
1342	Pride and Prejudice	Jane Austen	[Illustration] The whole party were in hopes of a letter from Mr
345	Dracula	Bram Stoker	He has been under our care for nearly six weeks, suffering from a violent brain fever
1661	The Adventures of Sherlock Holmes	Arthur Conan Doyle	It is the more strange, since we know that Turner himself was averse to the idea
345	Dracula	Bram Stoker	I could see the bolt shot
345	Dracula	Bram Stoker	For a few seconds she lay in her helpless attitude and disarray
1342	Pride and Prejudice	Jane Austen	Every lingering struggle in his favour grew fainter and fainter; and in further justification of Mr
1342	Pride and Prejudice	Jane Austen	Bennet, and which she never failed to contradict as a most scandalous falsehood
345	Dracula	Bram Stoker	My dear, please Almighty God, your life may be all it promises: a long day of sunshine, with no harsh wind, no forgetting duty, no distrust
1661	The Adventures of Sherlock Holmes	Arthur Conan Doyle	We are but preventing her from injuring another
1342	Pride and Prejudice	Jane Austen	It was acknowledged, however, that he was a liberal man, and did much good among the poor
345	Dracula	Bram Stoker	The time and distance seemed endless, and my knees trembled and my breath came laboured as I toiled up the endless steps to the abbey
1342	Pride and Prejudice	Jane Austen	The certainty of meeting him had not been checked by any of those recollections that might not unreasonably have alarmed her
345	Dracula	Bram Stoker	I feel very solemn, but very, very happy
345	Dracula	Bram Stoker	He moved downwards in a sidelong way, some hundred feet down, and a good deal to the left
1661	The Adventures of Sherlock Holmes	Arthur Conan Doyle	It is most important, all the same
1661	The Adventures of Sherlock Holmes	Arthur Conan Doyle	With your permission, Mr
345	Dracula	Bram Stoker	you a surgeon, and so shocked
1342	Pride and Prejudice	Jane Austen	I had often seen him in love before
345	Dracula	Bram Stoker	We shall all act and act with desperate quick, when the time has come
345	Dracula	Bram Stoker	It was, however, light enough for our purposes
1661	The Adventures of Sherlock Holmes	Arthur Conan Doyle	There is that double possibility
345	Dracula	Bram Stoker	There was a nervous suspense over us all, as though overhead some dread bell would peal out powerfully when we should least expect it
345	Dracula	Bram Stoker	She was by then, when they told us, well out to sea
1342	Pride and Prejudice	Jane Austen	Respect, esteem, and confidence had vanished for ever; and all his views of domestic happiness were overthrown
1342	Pride and Prejudice	Jane Austen	But I cannot--I have never desired your good opinion, and you have certainly bestowed it most unwillingly
345	Dracula	Bram Stoker	Oh, how we are beset
1342	Pride and Prejudice	Jane Austen	There is, perhaps, a very faint shade of colour for the charge; but it seems to me very faint indeed
345	Dracula	Bram Stoker	But there was not of time
1342	Pride and Prejudice	Jane Austen	Bennet gone away, and I know he will fight Wickham, wherever he meets him, and then he will be killed, and what is to become of us all
1342	Pride and Prejudice	Jane Austen	There could not exist in the world _two_ men over whom Mr
345	Dracula	Bram Stoker	True, we did not know whence, or how, or when, the bolt would come; but I think we all expected that something strange would happen
345	Dracula	Bram Stoker	I must watch for proof
1342	Pride and Prejudice	Jane Austen	Conjectures as to the meaning of it, rapid and wild, hurried into her brain; but she was satisfied with none
1661	The Adventures of Sherlock Holmes	Arthur Conan Doyle	Clair, with the exception of his coat
345	Dracula	Bram Stoker	When they were there I remembered what Dr
345	Dracula	Bram Stoker	There was no sign of disease, but the edges were white and worn-looking, as if by some trituration
345	Dracula	Bram Stoker	Her breathing grew stertorous, the mouth opened, and the pale gums, drawn back, made the teeth look longer and sharper than ever
345	Dracula	Bram Stoker	He has won all hearts by his sweetness and gentleness
345	Dracula	Bram Stoker	This was repeated several times, with greater effort and with shorter pauses as the time moved on
1661	The Adventures of Sherlock Holmes	Arthur Conan Doyle	Rucastle are going on a visit, and will be away all the evening, so that I must look after the child
345	Dracula	Bram Stoker	He lies on the sofa hardly seeming to breathe, and his whole body appears in collapse
1661	The Adventures of Sherlock Holmes	Arthur Conan Doyle	It was of excellent material, a sort of beige, but it bore unmistakable signs of having been worn before
345	Dracula	Bram Stoker	Come, I tell you what I propose: first, that we go off now and see that child in the hospital
1342	Pride and Prejudice	Jane Austen	Bennet was privileged to whisper it to Mrs
345	Dracula	Bram Stoker	I must keep it private for the present from all
345	Dracula	Bram Stoker	It was a slight matter in itself, but it gave me an evident chance, and I secured a few drops of the blood and have analysed them
345	Dracula	Bram Stoker	He removed the flowers and lifted the silk handkerchief from her throat
1661	The Adventures of Sherlock Holmes	Arthur Conan Doyle	He was dressed in a sombre yet rich style, in black frock-coat, shining hat, neat brown gaiters, and well-cut pearl-grey trousers
345	Dracula	Bram Stoker	I must go back home and think
345	Dracula	Bram Stoker	Crew dissatisfied about something
1342	Pride and Prejudice	Jane Austen	The evening altogether passed off pleasantly to the whole family
1342	Pride and Prejudice	Jane Austen	Elizabeth soon observed, and instantly understood it
1342	Pride and Prejudice	Jane Austen	[Illustration] Elizabeth had the satisfaction of receiving an answer to her letter as soon as she possibly could
1661	The Adventures of Sherlock Holmes	Arthur Conan Doyle	His manner was not effusive
345	Dracula	Bram Stoker	At its foot a man may sleep--as a man
1342	Pride and Prejudice	Jane Austen	Her younger sisters soon began to make interest with her for objects of happiness which she might in future be able to dispense
1661	The Adventures of Sherlock Holmes	Arthur Conan Doyle	You have been brought there to personate someone, and the real person is imprisoned in this chamber
1342	Pride and Prejudice	Jane Austen	Darcy appeared again, when, looking at him, she was a little relieved by his smile
345	Dracula	Bram Stoker	It is much to do, and, oh, but there are rewards, in that we can bestow such happiness
345	Dracula	Bram Stoker	Mina would not like that
1661	The Adventures of Sherlock Holmes	Arthur Conan Doyle	Without a word he grasped my arm and hurried me into a carriage, the door of which was standing open
1342	Pride and Prejudice	Jane Austen	The walk being here less sheltered than on the other side, allowed them to see him before they met
345	Dracula	Bram Stoker	But Van Helsing held up his hand warningly
1342	Pride and Prejudice	Jane Austen	Most earnestly did she labour to prove the probability of error, and seek to clear one, without involving the other
1661	The Adventures of Sherlock Holmes	Arthur Conan Doyle	Public disgrace I might have faced, although I am a man whose character has never yet borne a stain
1342	Pride and Prejudice	Jane Austen	You have employed your time much better
1342	Pride and Prejudice	Jane Austen	Their visitors stayed with them above half an hour; and when they arose to depart, Mr
345	Dracula	Bram Stoker	Then it began to dawn upon me that the air was heavy, and dank, and cold
345	Dracula	Bram Stoker	She was sleeping soundly--so soundly that even my coming did not wake her
1661	The Adventures of Sherlock Holmes	Arthur Conan Doyle	The evidence against him was so strong that the case has been referred to the Assizes
1661	The Adventures of Sherlock Holmes	Arthur Conan Doyle	Aloysius Doran, the Duchess of Balmoral, Lord Backwater, Lord Eustace and Lady Clara St
1342	Pride and Prejudice	Jane Austen	When she was discontented, she fancied herself nervous
345	Dracula	Bram Stoker	Indeed, I am writing now, with my book on my knee, and listening to the talk of three old men who are sitting beside me
345	Dracula	Bram Stoker	Still I try and try, till all at once I find her and myself in dark; so I look round, and find that the sun have gone down
1342	Pride and Prejudice	Jane Austen	I know of nobody that is coming, I am sure, unless Charlotte Lucas should happen to call in; and I hope _my_ dinners are good enough for her
345	Dracula	Bram Stoker	I attacked them at once and had very soon cut through three of them
345	Dracula	Bram Stoker	I am not afraid to think it or say it, now that I know
1342	Pride and Prejudice	Jane Austen	He spoke of it as a certain event, of which the time alone could be undecided
1661	The Adventures of Sherlock Holmes	Arthur Conan Doyle	There were four of them in a row, three of which were simply dirty, while the fourth was shuttered up
345	Dracula	Bram Stoker	The horses are nearly ready, and we are soon off
1342	Pride and Prejudice	Jane Austen	But however insincere _you_ may choose to be, you shall not find _me_ so
1342	Pride and Prejudice	Jane Austen	They were able to love each other, even as well as they intended
1661	The Adventures of Sherlock Holmes	Arthur Conan Doyle	It may stop his gossip
1342	Pride and Prejudice	Jane Austen	After this day, Jane said no more of her indifference
1342	Pride and Prejudice	Jane Austen	She says Lizzy had better have taken Mr
1661	The Adventures of Sherlock Holmes	Arthur Conan Doyle	I should not have thought there were so many in the whole country as were brought together by that single advertisement
1661	The Adventures of Sherlock Holmes	Arthur Conan Doyle	I have seldom heard him mention her under any other name
345	Dracula	Bram Stoker	There were also chains and ornaments, some jewelled, but all of them old and stained
1661	The Adventures of Sherlock Holmes	Arthur Conan Doyle	THE BOSCOMBE VALLEY MYSTERY We were seated at breakfast one morning, my wife and I, when the maid brought in a telegram
1342	Pride and Prejudice	Jane Austen	Bennet, he offered himself as his antagonist at backgammon
345	Dracula	Bram Stoker	Far off I hear the howling of wolves; the snow brings them down from the mountains, and there are dangers to all of us, and from all sides
1342	Pride and Prejudice	Jane Austen	Elizabeth blushed and blushed again with shame and vexation
1661	The Adventures of Sherlock Holmes	Arthur Conan Doyle	Someone in the next room had lit a dark-lantern
1661	The Adventures of Sherlock Holmes	Arthur Conan Doyle	If it had been written straight off, and then blotted, none would be of a deep black shade
345	Dracula	Bram Stoker	Van Helsing had placed at hand a bell which either of them was to sound in case of any emergency
345	Dracula	Bram Stoker	It was late when I got through, but Dr
1342	Pride and Prejudice	Jane Austen	Denny concerning whose return from London Lydia came to inquire, and he bowed as they passed
345	Dracula	Bram Stoker	A year ago which of us would have received such a possibility, in the midst of our scientific, sceptical, matter-of-fact nineteenth century
1342	Pride and Prejudice	Jane Austen	Elizabeth dared not lift up her eyes
1342	Pride and Prejudice	Jane Austen	The improvement of spending a night in London was added in time, and the plan became as perfect as plan could be
1342	Pride and Prejudice	Jane Austen	Why any fear of detection
345	Dracula	Bram Stoker	What then does this absolute content mean
345	Dracula	Bram Stoker	I seemed to wish to keep him to the point of his madness--a thing which I avoid with the patients as I would the mouth of hell
1342	Pride and Prejudice	Jane Austen	Bennet seemed incapable of fatigue while enumerating the advantages of the match
1342	Pride and Prejudice	Jane Austen	He does not want abilities
1342	Pride and Prejudice	Jane Austen	Her inquiries after her sister were not very favourably answered
345	Dracula	Bram Stoker	After searching through it, he took out a selection of tools which he produced to lay beside him in orderly fashion
345	Dracula	Bram Stoker	Strange to say, there were hairs in the centre of the palm
1342	Pride and Prejudice	Jane Austen	Darcy handed the ladies into the carriage; and when it drove off, Elizabeth saw him walking slowly towards the house
345	Dracula	Bram Stoker	If there were any one to talk to I could bear it, but there is no one
1342	Pride and Prejudice	Jane Austen	The Gardiners stayed only one night at Longbourn, and set off the next morning with Elizabeth in pursuit of novelty and amusement
345	Dracula	Bram Stoker	Never did I imagine such wrath and fury, even to the demons of the pit
345	Dracula	Bram Stoker	You have saved her life this time, and you can go home and rest easy in mind that all that can be is
1342	Pride and Prejudice	Jane Austen	Darcy, you must allow me to present this young lady to you as a very desirable partner
1661	The Adventures of Sherlock Holmes	Arthur Conan Doyle	He has died within ten seconds of being bitten
345	Dracula	Bram Stoker	My friend, is it not a dire need for the which I am giving, possibly my life
345	Dracula	Bram Stoker	Once, twice more the same occur, and I get much sleep till before morning
345	Dracula	Bram Stoker	I shall now settle up all my affairs of earth, and be ready for whatever may come
1342	Pride and Prejudice	Jane Austen	And to be kept back on _such_ a motive
345	Dracula	Bram Stoker	We all seemed to find our spirits rise
345	Dracula	Bram Stoker	I shall try to open the subject with him
1342	Pride and Prejudice	Jane Austen	I was sometimes quite provoked; but then I recollected my dear Elizabeth and Jane, and for their sakes had patience with her
1661	The Adventures of Sherlock Holmes	Arthur Conan Doyle	he is the greengrocer who brings our vegetables round
1342	Pride and Prejudice	Jane Austen	But I was not then master enough of myself to know what could or ought to be revealed
345	Dracula	Bram Stoker	Who was it but one of my own race who as Voivode crossed the Danube and beat the Turk on his own ground
345	Dracula	Bram Stoker	They are both quiet persons, and I never saw the man angry, nor heard the dog bark
1342	Pride and Prejudice	Jane Austen	Darcy to me, pray, that I should be afraid of him
345	Dracula	Bram Stoker	At the door I paused a moment, for I thought I heard him talking with some one
1342	Pride and Prejudice	Jane Austen	Oh, no, no--this is not likely
345	Dracula	Bram Stoker	It is more late than I thought
345	Dracula	Bram Stoker	The Professor made a few more passes and then stopped, and I could see that his forehead was covered with great beads of perspiration
1342	Pride and Prejudice	Jane Austen	Everybody is disgusted with his pride
345	Dracula	Bram Stoker	Her struggle back into life was something frightful to see and hear
1342	Pride and Prejudice	Jane Austen	He walked away again immediately, and she was left to fret over her own want of presence of mind: Charlotte tried to console her
1342	Pride and Prejudice	Jane Austen	Among those who are at all his equals in consequence, he is a very different man from what he is to the less prosperous
345	Dracula	Bram Stoker	Murdered off the coast of Andres
1342	Pride and Prejudice	Jane Austen	Darcy, looking at the eldest Miss Bennet
345	Dracula	Bram Stoker	So did I choose for her
345	Dracula	Bram Stoker	She does not know how precious time is, or what a task we have in hand
345	Dracula	Bram Stoker	I could almost hear the beating of my own heart; and the blood surging through my temples sounded like blows from a hammer
1342	Pride and Prejudice	Jane Austen	Darcy for herself, she would have ordered her wedding clothes
345	Dracula	Bram Stoker	Everything that one does seems, no matter how right it may be, to bring on the very thing which is most to be deplored
345	Dracula	Bram Stoker	Seward was resting on the mattress, and, seeing me, he sprang to his feet
345	Dracula	Bram Stoker	Later, we may be able to deal with it
1342	Pride and Prejudice	Jane Austen	But nothing can be done; I know very well that nothing can be done
345	Dracula	Bram Stoker	There is an additional cause in that poor old Mr
1342	Pride and Prejudice	Jane Austen	Absence had increased her desire of seeing Charlotte again, and weakened her disgust of Mr
345	Dracula	Bram Stoker	However, the ship went out on the ebb tide; and was doubtless by morning far down the river mouth
345	Dracula	Bram Stoker	I determined not to wake her, but that, when I should return from this new search, I would arrange for her going back to Exeter
1661	The Adventures of Sherlock Holmes	Arthur Conan Doyle	He does not say so, but I can read it from his soothing answers and averted eyes
345	Dracula	Bram Stoker	I shall come and sit here very often myself and work
1342	Pride and Prejudice	Jane Austen	Miss Bingley was engrossed by Mr
1342	Pride and Prejudice	Jane Austen	She talked to Elizabeth again and again; coaxed and threatened her by turns
345	Dracula	Bram Stoker	The Professor was the first to move forward, and stepped into the open door
345	Dracula	Bram Stoker	There I wrong him; I _know_ he never will--he is too true a gentleman
1661	The Adventures of Sherlock Holmes	Arthur Conan Doyle	The driver looked twice at such a shabby fare, but I jumped in before he could object
345	Dracula	Bram Stoker	The clock was striking one as I was in the Crescent, and there was not a soul in sight
345	Dracula	Bram Stoker	Thomas Bilder lives in one of the cottages in the enclosure behind the elephant-house, and was just sitting down to his tea when I found him
1661	The Adventures of Sherlock Holmes	Arthur Conan Doyle	That brought out the first signs of grief that he had shown
1342	Pride and Prejudice	Jane Austen	Hurst looked at her with astonishment
345	Dracula	Bram Stoker	Wet my lips with brandy again
1342	Pride and Prejudice	Jane Austen	But I suppose you had no opportunity
1342	Pride and Prejudice	Jane Austen	She was proceeding directly to her favourite walk, when the recollection of Mr
345	Dracula	Bram Stoker	The other hand was locked in that of her husband, who held his other arm thrown round her protectingly
345	Dracula	Bram Stoker	I knew the swaying round forms, the bright hard eyes, the white teeth, the ruddy colour, the voluptuous lips
1661	The Adventures of Sherlock Holmes	Arthur Conan Doyle	Mary and I stay at home
1661	The Adventures of Sherlock Holmes	Arthur Conan Doyle	You have really done very well indeed
1342	Pride and Prejudice	Jane Austen	In what a disgraceful light might it not strike so vain a man
1661	The Adventures of Sherlock Holmes	Arthur Conan Doyle	She would like advice, but is not sure that the matter is not too delicate for communication
1342	Pride and Prejudice	Jane Austen	He really believed that, were it not for the inferiority of her connections, he should be in some danger
345	Dracula	Bram Stoker	I turned to wake Jonathan, but found that he slept so soundly that it seemed as if it was he who had taken the sleeping draught, and not I
345	Dracula	Bram Stoker	The proof of this, is the letter of instructions sent to Immanuel Hildesheim to clear and take away the box _before sunrise_
1342	Pride and Prejudice	Jane Austen	Bingley, in consequence of it, before _they_ did
345	Dracula	Bram Stoker	I fled, and felt somewhat safer in my own room, where there was no moonlight and where the lamp was burning brightly
345	Dracula	Bram Stoker	He is clever, oh, so clever
345	Dracula	Bram Stoker	The rough roadway still led downwards; we could trace it through the drifted snow
1661	The Adventures of Sherlock Holmes	Arthur Conan Doyle	Holmes, you know the people who live under my roof, and I shall continue with my miserable story
345	Dracula	Bram Stoker	Seward had come back from seeing poor Renfield, we went gravely into what was to be done
1342	Pride and Prejudice	Jane Austen	I can recall nothing worse
1661	The Adventures of Sherlock Holmes	Arthur Conan Doyle	Up to a late hour last night, however, nothing had transpired as to the whereabouts of the missing lady
345	Dracula	Bram Stoker	Then I too moved; but I had to go round headstones and railed-off tombs, and I stumbled over graves
1661	The Adventures of Sherlock Holmes	Arthur Conan Doyle	When I saw him that afternoon so enwrapped in the music at St
345	Dracula	Bram Stoker	Then gradually her eyes closed, and she sank to sleep
345	Dracula	Bram Stoker	In the dining-room, which lay at the back of the hall, we found eight boxes of earth
345	Dracula	Bram Stoker	Till then we bear our Cross, as His Son did in obedience to His Will
345	Dracula	Bram Stoker	Seward motioned him as he came into the room
1661	The Adventures of Sherlock Holmes	Arthur Conan Doyle	Might not the nature of the injuries reveal something to my medical instincts
1342	Pride and Prejudice	Jane Austen	Gardiner left them soon after breakfast
1342	Pride and Prejudice	Jane Austen	Darcy might leave the country, but that _he_ should stand his ground; yet he had avoided the Netherfield ball the very next week
345	Dracula	Bram Stoker	All blessings to you both
1342	Pride and Prejudice	Jane Austen	Wickham, who left the place immediately, and Mrs
1342	Pride and Prejudice	Jane Austen	Elizabeth had heard, soon after her arrival, that Mr
1661	The Adventures of Sherlock Holmes	Arthur Conan Doyle	There was one wing, however, which appeared not to be inhabited at all
1342	Pride and Prejudice	Jane Austen	If I could but see you as happy
345	Dracula	Bram Stoker	Gone, gone, never to return to us
1342	Pride and Prejudice	Jane Austen	There, shut into her own room, as soon as their visitor left them, she could think without interruption of all that she had heard
345	Dracula	Bram Stoker	Before long they streamed away singly, licking their lips
1661	The Adventures of Sherlock Holmes	Arthur Conan Doyle	Have your pistol ready in case we should need it
345	Dracula	Bram Stoker	He had arranged before leaving London that his agent should send him every day a telegram saying if the ship had been reported
1661	The Adventures of Sherlock Holmes	Arthur Conan Doyle	They inherit Plantagenet blood by direct descent, and Tudor on the distaff side
1661	The Adventures of Sherlock Holmes	Arthur Conan Doyle	They were found floating near the margin by a park-keeper
1342	Pride and Prejudice	Jane Austen	What, all five out at once
345	Dracula	Bram Stoker	By-and-by he bound up my wound, and sent me downstairs to get a glass of wine for myself
1342	Pride and Prejudice	Jane Austen	An invitation to dinner was soon afterwards despatched; and already had Mrs
1661	The Adventures of Sherlock Holmes	Arthur Conan Doyle	He denied strenuously having ever seen Mr
1342	Pride and Prejudice	Jane Austen	Compliments always take _you_ by surprise, and _me_ never
345	Dracula	Bram Stoker	Then, without a word, he rose and moving over, sat down on the side of the bed
1342	Pride and Prejudice	Jane Austen	It must have been a most agreeable surprise to Mr
1342	Pride and Prejudice	Jane Austen	He was fond of the country and of books; and from these tastes had arisen his principal enjoyments
1661	The Adventures of Sherlock Holmes	Arthur Conan Doyle	He had hardly shut the door behind him when Holmes rose to put on his overcoat
1661	The Adventures of Sherlock Holmes	Arthur Conan Doyle	John Turner, who made his money in Australia and returned some years ago to the old country
1342	Pride and Prejudice	Jane Austen	Bennet, and prepared for backgammon
345	Dracula	Bram Stoker	All our work is undone; we must begin again
345	Dracula	Bram Stoker	I know there is sunrise because I am a sailor, why else I know not
345	Dracula	Bram Stoker	By this time the sun had risen, and we were all in the full light of day
1342	Pride and Prejudice	Jane Austen	de Maupassant, and watch him laboriously piling up strokes in the hope of giving a complete impression
1661	The Adventures of Sherlock Holmes	Arthur Conan Doyle	For an hour or more he was at work, returning at last with his feet heavy with snow and his features as inscrutable as ever
345	Dracula	Bram Stoker	I only asked for a kitten lest you should refuse me a cat
1342	Pride and Prejudice	Jane Austen	Collins seemed neither in need of encouragement, nor inclined to be silent himself
1661	The Adventures of Sherlock Holmes	Arthur Conan Doyle	Rucastle and much less amiable
1342	Pride and Prejudice	Jane Austen	It is a pity they are not handsome
345	Dracula	Bram Stoker	This time she wake with not much trouble, and then I try to put her to hypnotic sleep
345	Dracula	Bram Stoker	A hint, a surmise, a doubt as to what might be in the box, would destroy him
1661	The Adventures of Sherlock Holmes	Arthur Conan Doyle	It is your commonplace, featureless crimes which are really puzzling, just as a commonplace face is the most difficult to identify
1661	The Adventures of Sherlock Holmes	Arthur Conan Doyle	Then, again, the introduction of his name will cause him to see it, for everyone who knows him will direct his attention to it
1342	Pride and Prejudice	Jane Austen	The acknowledged lovers talked and laughed; the unacknowledged were silent
345	Dracula	Bram Stoker	Then he told me to watch at one side of the churchyard whilst he would watch at the other
1661	The Adventures of Sherlock Holmes	Arthur Conan Doyle	You say that there was a gentleman in the pew
1661	The Adventures of Sherlock Holmes	Arthur Conan Doyle	You may know the strict principles of her family
1342	Pride and Prejudice	Jane Austen	Hill began instantly to express her joy
1342	Pride and Prejudice	Jane Austen	She dreaded seeing Wickham again, and was resolved to avoid it as long as possible
1342	Pride and Prejudice	Jane Austen	Bennet himself, while his wife seriously commended Mr
1342	Pride and Prejudice	Jane Austen	Darcy can please where he chooses
345	Dracula	Bram Stoker	I did not press her, knowing her unavailingness
1661	The Adventures of Sherlock Holmes	Arthur Conan Doyle	Come, now, we shall see who agrees with you
1661	The Adventures of Sherlock Holmes	Arthur Conan Doyle	I know that all is well with him
345	Dracula	Bram Stoker	I fell asleep as soon as I had closed my diary
345	Dracula	Bram Stoker	I really believe she has turned the corner, and that we are over her troubles with dreaming
1342	Pride and Prejudice	Jane Austen	And in that sense Miss Austen certainly was one
1342	Pride and Prejudice	Jane Austen	My sisters may write to _me_
1342	Pride and Prejudice	Jane Austen	I thank you again and again, for not going to the Lakes
1342	Pride and Prejudice	Jane Austen	Lady Lucas could not be insensible of triumph on being able to retort on Mrs
1661	The Adventures of Sherlock Holmes	Arthur Conan Doyle	I am afraid that I am a little late, but I am not quite my own master, you know
1342	Pride and Prejudice	Jane Austen	It was a long time before she became at all reconciled to the idea of so unsuitable a match
345	Dracula	Bram Stoker	I therefore pretended to fall in with his views, and asked him what dates I should put on the letters
345	Dracula	Bram Stoker	But do you stay and take care of her to-day
345	Dracula	Bram Stoker	In silence we returned to the library, and after a minute or two I went to my own room
345	Dracula	Bram Stoker	Believe me, it is no idle curiosity
1661	The Adventures of Sherlock Holmes	Arthur Conan Doyle	So tall was he that his hat actually brushed the cross bar of the doorway, and his breadth seemed to span it across from side to side
1342	Pride and Prejudice	Jane Austen	Gardiner had formed, of their being followed by a letter from him, had ended in nothing
1342	Pride and Prejudice	Jane Austen	He knows where we live
345	Dracula	Bram Stoker	What sort of grim adventure was it on which I had embarked
345	Dracula	Bram Stoker	Then I arouse Madam Mina
11	Alice's Adventures in Wonderland	Lewis Carroll	The cook threw a frying-pan after her as she went out, but it just missed her
345	Dracula	Bram Stoker	This poor soul is nearly as cold as that beside her
1342	Pride and Prejudice	Jane Austen	Do you often dance at St
1661	The Adventures of Sherlock Holmes	Arthur Conan Doyle	There are only two, a man and his wife
1661	The Adventures of Sherlock Holmes	Arthur Conan Doyle	I would take my goose now, and in it I would carry my stone to Kilburn
345	Dracula	Bram Stoker	This he backed up with arguments regarding his complete recovery, and adduced his own existing sanity
345	Dracula	Bram Stoker	My homicidal maniac is of a peculiar kind
345	Dracula	Bram Stoker	I do not know how I am writing this even to you
345	Dracula	Bram Stoker	To sail a ship takes time, go she never so quick; and when we start we go on land more quick, and we meet him there
345	Dracula	Bram Stoker	Shall you not all help me
1661	The Adventures of Sherlock Holmes	Arthur Conan Doyle	Can you remember any other little things about Mr
345	Dracula	Bram Stoker	Things remain as they were except that he has parted with some of his pets and got a new one
345	Dracula	Bram Stoker	These we must only guess at; but there must have been some letter or message, since Skinsky came to Hildesheim
345	Dracula	Bram Stoker	You are too precious to us to have such risk
345	Dracula	Bram Stoker	Another search in his bag, and he took out a turnscrew
1661	The Adventures of Sherlock Holmes	Arthur Conan Doyle	My wants were few and simple, so that in less than the time stated I was in a cab with my valise, rattling away to Paddington Station
345	Dracula	Bram Stoker	I shall keep stern watch
345	Dracula	Bram Stoker	How these madmen give themselves away
1661	The Adventures of Sherlock Holmes	Arthur Conan Doyle	On the inside of the cover was a paper label, with the initials of K
1661	The Adventures of Sherlock Holmes	Arthur Conan Doyle	His rooms were brilliantly lit, and, even as I looked up, I saw his tall, spare figure pass twice in a dark silhouette against the blind
1342	Pride and Prejudice	Jane Austen	When tea was over Mr
1342	Pride and Prejudice	Jane Austen	I speak nothing but the truth
345	Dracula	Bram Stoker	However, there was business to be done, and I could allow nothing to interfere with it
1342	Pride and Prejudice	Jane Austen	Is not he a charming man
1661	The Adventures of Sherlock Holmes	Arthur Conan Doyle	Still, it did not go for very much, for the older man might have turned his back before the blow fell
345	Dracula	Bram Stoker	He said he had seen him not ten minutes before, seemingly asleep in his bed, when he had looked through the observation-trap in the door
1342	Pride and Prejudice	Jane Austen	I will take care of myself, and of Mr
345	Dracula	Bram Stoker	He will speak plainly enough when the time comes, be sure
1342	Pride and Prejudice	Jane Austen	They saw him often, and to his other recommendations was now added that of general unreserve
1661	The Adventures of Sherlock Holmes	Arthur Conan Doyle	You seem to have done the thing very completely
345	Dracula	Bram Stoker	As I went through the passage the smell grew closer and heavier
1342	Pride and Prejudice	Jane Austen	Could she exert herself, it would be better, but this is not to be expected; and as to my father, I never in my life saw him so affected
345	Dracula	Bram Stoker	I did not wake her, but tucked her up warmly; I have taken care that the door is locked and the window securely fastened
1342	Pride and Prejudice	Jane Austen	I am extremely glad that you have such pleasant accounts from our friends at Hunsford
345	Dracula	Bram Stoker	She nodded in reply to show that she understood
1342	Pride and Prejudice	Jane Austen	But your _family_ owe me nothing
345	Dracula	Bram Stoker	But this is no common matter, and, whatever it is, I have done my part
1342	Pride and Prejudice	Jane Austen	But my feelings are not only cordial towards _him_, they are even impartial towards Miss King
345	Dracula	Bram Stoker	I am getting so strong again that I hardly know myself
1342	Pride and Prejudice	Jane Austen	Miss Bennet he acknowledged to be pretty; but she smiled too much
345	Dracula	Bram Stoker	I dared not go below, I dared not leave the helm; so here all night I stayed, and in the dimness of the night I saw It--Him
1661	The Adventures of Sherlock Holmes	Arthur Conan Doyle	Then he turned the handle and entered, I at his heels, with the cocked pistol in my hand
1661	The Adventures of Sherlock Holmes	Arthur Conan Doyle	She was there in an instant, and I caught a glimpse of it as she half drew it out
1342	Pride and Prejudice	Jane Austen	what has she to do with it
1661	The Adventures of Sherlock Holmes	Arthur Conan Doyle	My clothes were all sodden with dew, and my coat-sleeve was drenched with blood from my wounded thumb
345	Dracula	Bram Stoker	There was a mocking smile on the bloated face which seemed to drive me mad
1661	The Adventures of Sherlock Holmes	Arthur Conan Doyle	Now let us consider the situation and see what may be deduced from it
1342	Pride and Prejudice	Jane Austen	Long will do any such thing
1342	Pride and Prejudice	Jane Austen	One came from her books, and the other from her toilette
1661	The Adventures of Sherlock Holmes	Arthur Conan Doyle	Behind there was nothing remarkable, save that the passage window could be reached from the top of the coach-house
345	Dracula	Bram Stoker	Your pardon, my friend, that unknowingly I did break the seal
345	Dracula	Bram Stoker	This morning, when I went to see him after his repulse of Van Helsing, his manner was that of a man commanding destiny
345	Dracula	Bram Stoker	This was emphasised by the fact that the snowy mountain-top still held the sunset, and seemed to glow out with a delicate cool pink
1342	Pride and Prejudice	Jane Austen	He looked serious as usual; and, she thought, more as he had been used to look in Hertfordshire, than as she had seen him at Pemberley
1342	Pride and Prejudice	Jane Austen	She was convinced that she could have been happy with him, when it was no longer likely they should meet
345	Dracula	Bram Stoker	Your man-thought see nothing; my man-thought see nothing, till just now
345	Dracula	Bram Stoker	In the moonlight opposite me were three young women, ladies by their dress and manner
1342	Pride and Prejudice	Jane Austen	Whatever he might afterwards persuade her to, it was not on her side a _scheme_ of infamy
345	Dracula	Bram Stoker	To us for ever are the gates of heaven shut; for who shall open them to us again
345	Dracula	Bram Stoker	It may be necessary for us to join forces; if so they can mount our whole party
1342	Pride and Prejudice	Jane Austen	Her impatience for this second letter was as well rewarded as impatience generally is
1342	Pride and Prejudice	Jane Austen	This he considered sufficient encouragement, and the avowal of all that he felt and had long felt for her immediately followed
345	Dracula	Bram Stoker	He find out the place of all the world most of promise for him
1342	Pride and Prejudice	Jane Austen	Darcy; but he will vouch for the good conduct, the probity and honour, of his friend, and is perfectly convinced that Mr
345	Dracula	Bram Stoker	Say no word to Madame; you know how it is with her
1342	Pride and Prejudice	Jane Austen	Bennet was quite in the fidgets
1661	The Adventures of Sherlock Holmes	Arthur Conan Doyle	He has one positive virtue
1661	The Adventures of Sherlock Holmes	Arthur Conan Doyle	From amid the branches there jutted out the grey gables and high roof-tree of a very old mansion
345	Dracula	Bram Stoker	She ought not to have much inclination for sleep-walking then
1342	Pride and Prejudice	Jane Austen	This preservative she had now obtained; and at the age of twenty-seven, without having ever been handsome, she felt all the good luck of it
345	Dracula	Bram Stoker	Instinctively I moved forward with a protective impulse, holding the Crucifix and Wafer in my left hand
345	Dracula	Bram Stoker	He had, however, bolted the stable door; and by the time they had forced it open there was no sign of him
1661	The Adventures of Sherlock Holmes	Arthur Conan Doyle	It cost me something in foolscap, and I had pretty nearly filled a shelf with my writings
1342	Pride and Prejudice	Jane Austen	Bingley and Jane remained at Netherfield only a twelvemonth
345	Dracula	Bram Stoker	Now we are on the track once again, and this time we may succeed
345	Dracula	Bram Stoker	At any rate, we might be able to follow him in force
345	Dracula	Bram Stoker	I shall write some letters home, and shall try to get them to have them posted
1342	Pride and Prejudice	Jane Austen	Others of the party were now applied to
1342	Pride and Prejudice	Jane Austen	Collins invited them to take a stroll in the garden, which was large and well laid out, and to the cultivation of which he attended himself
1342	Pride and Prejudice	Jane Austen	You refuse, then, to oblige me
1342	Pride and Prejudice	Jane Austen	This match, to which you have the presumption to aspire, can never take place
345	Dracula	Bram Stoker	There, indeed, was a woman with dishevelled hair, holding her hands over her heart as one distressed with running
345	Dracula	Bram Stoker	Then she returned and whispered to us that there was a gentleman who had come with a message from Mr
1661	The Adventures of Sherlock Holmes	Arthur Conan Doyle	Rucastle drew down the blind
1342	Pride and Prejudice	Jane Austen	To know that her daughter would be married was enough
345	Dracula	Bram Stoker	Her long sleep all day have refresh and restore her, for now she is all sweet and bright as ever
1342	Pride and Prejudice	Jane Austen	I am very glad you liked her
1661	The Adventures of Sherlock Holmes	Arthur Conan Doyle	Why should I slink away without having carried out my commission, and without the payment which was my due
345	Dracula	Bram Stoker	I am afraid to think of Jonathan, but somehow I have now no fear for him, or for myself
345	Dracula	Bram Stoker	So you shall keep knowledge in its place, where it may rest--where it may gather its kind around it and breed
1342	Pride and Prejudice	Jane Austen	Nor did that day wear out her resentment
1661	The Adventures of Sherlock Holmes	Arthur Conan Doyle	She is my right hand
1342	Pride and Prejudice	Jane Austen	Gardiner, with occasional help from Elizabeth, the conversation was carried on
1342	Pride and Prejudice	Jane Austen	He even looked at her with a smile of affected incredulity
345	Dracula	Bram Stoker	For a while sheer anger mastered me; it was as if he had during her life struck Lucy on the face
1342	Pride and Prejudice	Jane Austen	That they should marry, small as is their chance of happiness, and wretched as is his character, we are forced to rejoice
345	Dracula	Bram Stoker	I was again a prisoner, and the net of doom was closing round me more closely
345	Dracula	Bram Stoker	I go alone to watch in that churchyard
345	Dracula	Bram Stoker	You can lie on the sofa for I know that nothing would induce any of you doctors to go to bed whilst there is a patient above the horizon
1342	Pride and Prejudice	Jane Austen	You must write again very soon, and praise him a great deal more than you did in your last
345	Dracula	Bram Stoker	Between me and the moonlight flitted a great bat, coming and going in great whirling circles
345	Dracula	Bram Stoker	I am as far as ever from a solution now
345	Dracula	Bram Stoker	The road grew more level, and we appeared to fly along
345	Dracula	Bram Stoker	This was when we had come back to town, and he was having a cup of tea before starting on his return to Amsterdam
345	Dracula	Bram Stoker	It rather upset me for a bit
345	Dracula	Bram Stoker	I shall get the maps and look over them
345	Dracula	Bram Stoker	The sea is tumbling in over the shallows and the sandy flats with a roar, muffled in the sea-mists drifting inland
345	Dracula	Bram Stoker	Again he paused, and I could see that he was trying to invent an excuse
1661	The Adventures of Sherlock Holmes	Arthur Conan Doyle	These are daring men, and though we shall take them at a disadvantage, they may do us some harm unless we are careful
345	Dracula	Bram Stoker	Dressing-gown would mean house; dress, outside
1661	The Adventures of Sherlock Holmes	Arthur Conan Doyle	Five little livid spots, the marks of four fingers and a thumb, were printed upon the white wrist
345	Dracula	Bram Stoker	If my ears did not deceive me there was a gasp and a low wail, as of a half-smothered child
345	Dracula	Bram Stoker	Renfield had become, to all intents, as sane as he ever was
345	Dracula	Bram Stoker	You must meet her at the station
1661	The Adventures of Sherlock Holmes	Arthur Conan Doyle	Then he broke into a low laugh and put his lips to my ear
1342	Pride and Prejudice	Jane Austen	I am excessively attentive to all those things
1661	The Adventures of Sherlock Holmes	Arthur Conan Doyle	When my dear wife died I felt that he was all I had to love
345	Dracula	Bram Stoker	There would be no such sound if floating down stream
1342	Pride and Prejudice	Jane Austen	Forster, the necessity of opening her eyes to his character never occurred to me
345	Dracula	Bram Stoker	I took his right hand, and Lord Godalming his left; Jonathan held my right with his left and stretched across to Mr
345	Dracula	Bram Stoker	When he saw me he became furious, and had not the attendants seized him in time, he would have tried to kill me
345	Dracula	Bram Stoker	He is to stop with me then, if he can; he says he has work to do in London which may take him some time
1342	Pride and Prejudice	Jane Austen	Elizabeth, with a triumphant sensation, looked towards his friend
345	Dracula	Bram Stoker	Some went up only a few hours before
345	Dracula	Bram Stoker	And a nice job she will make of it, too
11	Alice's Adventures in Wonderland	Lewis Carroll	She felt very curious to know what it was all about, and crept a little way out of the wood to listen
345	Dracula	Bram Stoker	There did not seem to be with her now the unconscious struggle for life and strength that had hitherto so marked her illness
1342	Pride and Prejudice	Jane Austen	Gardiner began to wish to be at home, it was settled that she and her children should go to London at the same time that Mr
345	Dracula	Bram Stoker	So, on her renewing her promise to call me if she should want anything, I lay on the sofa, and forgot all about everything
345	Dracula	Bram Stoker	I suppose it must have distressed him even more than it did me
1342	Pride and Prejudice	Jane Austen	Bingley met them with hopes that Mrs
1342	Pride and Prejudice	Jane Austen	A man of honour could not have doubted the intention, but Mr
1661	The Adventures of Sherlock Holmes	Arthur Conan Doyle	They were all horrible to me
345	Dracula	Bram Stoker	Oh, John, my friend, we are in awful straits
345	Dracula	Bram Stoker	And yet there is cause; there is always cause for everything
345	Dracula	Bram Stoker	I helped the Professor in, and followed him
345	Dracula	Bram Stoker	If this book should ever reach Mina before I do, let it bring my good-bye
1661	The Adventures of Sherlock Holmes	Arthur Conan Doyle	You must put this piece of paper which you have shown us into the brass box which you have described
1342	Pride and Prejudice	Jane Austen	Bingley does not know the whole of his history, and is quite ignorant of the circumstances which have principally offended Mr
345	Dracula	Bram Stoker	Surely there must be _some_ rational explanation of all these mysterious things
1342	Pride and Prejudice	Jane Austen	I should have considered it as part of my duty, and the exertion would soon have been nothing
345	Dracula	Bram Stoker	But you must remember that I am not as you are
1342	Pride and Prejudice	Jane Austen	My dear Charlotte and I have but one mind and one way of thinking
1342	Pride and Prejudice	Jane Austen	he was to come there with Wickham, you know
345	Dracula	Bram Stoker	You have told us of their gloating lips; you heard their ribald laugh as they clutched the moving bag that the Count threw to them
345	Dracula	Bram Stoker	The clock has just struck nine
345	Dracula	Bram Stoker	There will be pain for us all; but it will not be all pain, nor will this pain be the last
1342	Pride and Prejudice	Jane Austen	I expected to find a more reasonable young woman
1342	Pride and Prejudice	Jane Austen	Bennet from fighting
345	Dracula	Bram Stoker	I am glad we made our resolution in time, as with such a feeling as this, our growing knowledge would be torture to her
345	Dracula	Bram Stoker	When the usual time came round Mrs
345	Dracula	Bram Stoker	To-morrow we shall have much to do, but for the to-night there is no need of us
1661	The Adventures of Sherlock Holmes	Arthur Conan Doyle	Holmes, but when I got to that address it was a manufactory of artificial knee-caps, and no one in it had ever heard of either Mr
1342	Pride and Prejudice	Jane Austen	I do not know a place in the country that is equal to Netherfield
1342	Pride and Prejudice	Jane Austen	He placed himself by her
1661	The Adventures of Sherlock Holmes	Arthur Conan Doyle	And, first of all, we must choose our positions
345	Dracula	Bram Stoker	I can only ask you to trust me
345	Dracula	Bram Stoker	She wants to take him up to the seat on the churchyard cliff and show him the beauty of Whitby
345	Dracula	Bram Stoker	You will tell him, because I would, if I were in your place, certainly tell Arthur
345	Dracula	Bram Stoker	I never saw in all my experience the Professor work in such deadly earnest
1661	The Adventures of Sherlock Holmes	Arthur Conan Doyle	I came to Baker Street by the Underground and hurried from there on foot, for the cabs go slowly through this snow
1342	Pride and Prejudice	Jane Austen	You must learn some of my philosophy
1342	Pride and Prejudice	Jane Austen	Dearest Lizzy, I hardly know what I would write, but I have bad news for you, and it cannot be delayed
1661	The Adventures of Sherlock Holmes	Arthur Conan Doyle	This press, as I have already explained, has got out of order, and we wish your advice upon the subject
345	Dracula	Bram Stoker	As the Count did not come in, I have written here
345	Dracula	Bram Stoker	We all retired early
345	Dracula	Bram Stoker	I thought that, somehow, Mrs
1661	The Adventures of Sherlock Holmes	Arthur Conan Doyle	She could not have spoken to anyone when she was out, for she had been in the company of the bridegroom
1342	Pride and Prejudice	Jane Austen	I only hope they may have half my good luck
1661	The Adventures of Sherlock Holmes	Arthur Conan Doyle	She was bound to have me in
1342	Pride and Prejudice	Jane Austen	do you then pretend to be ignorant of it
1661	The Adventures of Sherlock Holmes	Arthur Conan Doyle	He had stood behind that tree during the interview between the father and son
345	Dracula	Bram Stoker	Suddenly it struck me that this might be the moment and means of my doom; I was to be given to the wolves, and at my own instigation
1661	The Adventures of Sherlock Holmes	Arthur Conan Doyle	The dog is let loose at night to prevent him from endeavouring to communicate with her
345	Dracula	Bram Stoker	And that is what is so terrible
1342	Pride and Prejudice	Jane Austen	Her report was highly favourable
1342	Pride and Prejudice	Jane Austen	Miss Darcy and her brother appeared, and this formidable introduction took place
345	Dracula	Bram Stoker	One and all were quite unaware of our presence
1661	The Adventures of Sherlock Holmes	Arthur Conan Doyle	This we have now been doing for some time, and in order to help us in our operations we erected a hydraulic press
345	Dracula	Bram Stoker	He had received a letter from Mr
1661	The Adventures of Sherlock Holmes	Arthur Conan Doyle	In a very short time a decrepit figure had emerged from the opium den, and I was walking down the street with Sherlock Holmes
345	Dracula	Bram Stoker	Just outside, stretched on a mattress, lay Mr
1342	Pride and Prejudice	Jane Austen	She was dying to know what could be his meaning--and asked Elizabeth whether she could at all understand him
1661	The Adventures of Sherlock Holmes	Arthur Conan Doyle	It was a delicate point, and it widened the field of my inquiry
1342	Pride and Prejudice	Jane Austen	She accounted for it, however, by supposing that her last letter to her friend from Longbourn had by some accident been lost
345	Dracula	Bram Stoker	She has more colour in her cheeks than usual, and looks, oh, so sweet
345	Dracula	Bram Stoker	Westenra, and after lunch Lucy will take an opportunity of being alone with you
1342	Pride and Prejudice	Jane Austen	I perfectly comprehend your feelings, and have now only to be ashamed of what my own have been
345	Dracula	Bram Stoker	Van Helsing went about his work systematically
1661	The Adventures of Sherlock Holmes	Arthur Conan Doyle	Godfrey Norton, of the Inner Temple
1661	The Adventures of Sherlock Holmes	Arthur Conan Doyle	Suppose that this man Boone had thrust Neville St
1661	The Adventures of Sherlock Holmes	Arthur Conan Doyle	I lounged up the side aisle like any other idler who has dropped into a church
1342	Pride and Prejudice	Jane Austen	Gardiner, a letter arrived for their father, from a different quarter, from Mr
345	Dracula	Bram Stoker	Suddenly he jumped to his feet, with his eyes blazing and all the signs of intense cerebral excitement
1661	The Adventures of Sherlock Holmes	Arthur Conan Doyle	John Clay, and I agree with you that he is at the head of his profession
1661	The Adventures of Sherlock Holmes	Arthur Conan Doyle	We rattled through an endless labyrinth of gas-lit streets until we emerged into Farrington Street
1342	Pride and Prejudice	Jane Austen	Indeed he has no improper pride
345	Dracula	Bram Stoker	I am content to implore in such a case, not on personal grounds, but for the sake of others
345	Dracula	Bram Stoker	In the meantime I must find out all I can about Count Dracula, as it may help me to understand
1342	Pride and Prejudice	Jane Austen	There was too much to be thought, and felt, and said, for attention to any other objects
345	Dracula	Bram Stoker	That is not like Jonathan; I do not understand it, and it makes me uneasy
345	Dracula	Bram Stoker	He very kindly made me up a sleeping draught, which he gave to me, telling me that it would do me no harm, as it was very mild
1661	The Adventures of Sherlock Holmes	Arthur Conan Doyle	You see we have already arrived, by a process of exclusion, at the idea that she might have seen an American
345	Dracula	Bram Stoker	However, we must trust and hope
1342	Pride and Prejudice	Jane Austen	_You_ wish to think all the world respectable, and are hurt if I speak ill of anybody
1342	Pride and Prejudice	Jane Austen	Collins, who was complimenting Mr
1342	Pride and Prejudice	Jane Austen	Hurst and Elizabeth herself
345	Dracula	Bram Stoker	And so now, Art, you know all I know
345	Dracula	Bram Stoker	It had been so forcibly driven against the jamb that part of the woodwork was splintered
1342	Pride and Prejudice	Jane Austen	Wickham has deserved much less attention from Mr
1661	The Adventures of Sherlock Holmes	Arthur Conan Doyle	Then there is no more to be done in the matter
345	Dracula	Bram Stoker	My work is finished, and I am free
345	Dracula	Bram Stoker	He was deathly pale, just like a waxen image, and the red eyes glared with the horrible vindictive look which I knew too well
345	Dracula	Bram Stoker	That good fellow would not wake me
345	Dracula	Bram Stoker	The steps are a great feature on the place
345	Dracula	Bram Stoker	Town is very pleasant just now, and we go a good deal to picture-galleries and for walks and rides in the park
345	Dracula	Bram Stoker	As for me, I shall spend the night here in this churchyard in my own way
345	Dracula	Bram Stoker	His glimpse that he have had, whet his appetite only and enkeen his desire
345	Dracula	Bram Stoker	It is said, too, that he can only pass running water at the slack or the flood of the tide
345	Dracula	Bram Stoker	I am alone in the castle with those awful women
11	Alice's Adventures in Wonderland	Lewis Carroll	When I used to read fairy-tales, I fancied that kind of thing never happened, and now here I am in the middle of one
345	Dracula	Bram Stoker	He too pulled himself together, and spoke as cheerily as he could, so that the best was made of everything
345	Dracula	Bram Stoker	She was hardly able to turn her head, and the little nourishment which she could take seemed to do her no good
1342	Pride and Prejudice	Jane Austen	I should never be happy without him, so think it no harm to be off
345	Dracula	Bram Stoker	Then he dashed out past him and flew down the passage
345	Dracula	Bram Stoker	I want you to give me your view of it
1661	The Adventures of Sherlock Holmes	Arthur Conan Doyle	If you find you cannot, take my advice, my boy, and leave it to your deadliest enemy
1661	The Adventures of Sherlock Holmes	Arthur Conan Doyle	Young Openshaw shall not long remain unavenged
1342	Pride and Prejudice	Jane Austen	I will answer for it, he never cared three straws about her
1342	Pride and Prejudice	Jane Austen	Darcy, with such a smile over the face, as she remembered to have sometimes seen, when he looked at her
1661	The Adventures of Sherlock Holmes	Arthur Conan Doyle	The larger crimes are apt to be the simpler, for the bigger the crime the more obvious, as a rule, is the motive
345	Dracula	Bram Stoker	To my intense astonishment I saw that it was unlocked
345	Dracula	Bram Stoker	I greatly fear that she is of too super-sensitive a nature to go through the world without trouble
1342	Pride and Prejudice	Jane Austen	Gardiner, which at once delayed its commencement and curtailed its extent
345	Dracula	Bram Stoker	For several minutes no one spoke a word
345	Dracula	Bram Stoker	Can it be all possible, or even a part of it
345	Dracula	Bram Stoker	When I managed to restore her she was as weak as water, and cried silently between long, painful struggles for breath
345	Dracula	Bram Stoker	For a moment or two I could see nothing, as the shadow of a cloud obscured St
11	Alice's Adventures in Wonderland	Lewis Carroll	Silence all round, if you please
345	Dracula	Bram Stoker	Indeed, it might have been serious, for the skin of her throat was pierced
1661	The Adventures of Sherlock Holmes	Arthur Conan Doyle	Posted to-day in Gravesend by a man with a dirty thumb
1342	Pride and Prejudice	Jane Austen	Bennet treated the matter differently
345	Dracula	Bram Stoker	The tomb itself was hidden by trees, and I could not see where the figure disappeared
345	Dracula	Bram Stoker	Men and women are so different in manifestations of nervous strength or weakness
1342	Pride and Prejudice	Jane Austen	Bennet protested against any description of finery
1342	Pride and Prejudice	Jane Austen	Darcy had voluntarily done for Lydia
1342	Pride and Prejudice	Jane Austen	He was struggling for the appearance of composure, and would not open his lips till he believed himself to have attained it
345	Dracula	Bram Stoker	Do you not think that there are things which you cannot understand, and yet which are; that some people see things that others cannot
345	Dracula	Bram Stoker	The collapse had come, as on former occasion, just as I had expected
11	Alice's Adventures in Wonderland	Lewis Carroll	However, he consented to go on
1342	Pride and Prejudice	Jane Austen	Collins, she could not help asking him whether he intended to accept Mr
345	Dracula	Bram Stoker	Her, I had not dare to take into this place, but left safe from the Vampire in that Holy circle; and yet even there would be the wolf
1342	Pride and Prejudice	Jane Austen	To be fond of dancing was a certain step towards falling in love; and very lively hopes of Mr
1661	The Adventures of Sherlock Holmes	Arthur Conan Doyle	My companion noiselessly closed the shutters, moved the lamp onto the table, and cast his eyes round the room
345	Dracula	Bram Stoker	Your agent will easily recognise the locality, as it is the ancient chapel of the mansion
345	Dracula	Bram Stoker	Therefore for his sake you must eat and smile
1661	The Adventures of Sherlock Holmes	Arthur Conan Doyle	We found the brass box there, although its contents had been destroyed
345	Dracula	Bram Stoker	We have already arranged what to do in case we get the box open
1661	The Adventures of Sherlock Holmes	Arthur Conan Doyle	Rucastle told me in private that the reason why she had left them was that she had an unreasoning aversion to her stepmother
345	Dracula	Bram Stoker	Last night she slept well all night, and did not disturb me once
11	Alice's Adventures in Wonderland	Lewis Carroll	However, at last she stretched her arms round it as far as they would go, and broke off a bit of the edge with each hand
1661	The Adventures of Sherlock Holmes	Arthur Conan Doyle	At first, of course, he denied everything
345	Dracula	Bram Stoker	I fed the fire, and feared them not; for I knew that we were safe within our protections
345	Dracula	Bram Stoker	We had a lovely walk
1661	The Adventures of Sherlock Holmes	Arthur Conan Doyle	She is what we call in England a tomboy, with a strong nature, wild and free, unfettered by any sort of traditions
345	Dracula	Bram Stoker	The wolves, which had withdrawn to a safe distance, followed in their wake, leaving us alone
345	Dracula	Bram Stoker	Think you, how her pain would be doubled, did she but hear your wild words
345	Dracula	Bram Stoker	We all instinctively drew back
1342	Pride and Prejudice	Jane Austen	She was disappointed, and angry with herself for being so
345	Dracula	Bram Stoker	I was just about to look at them when I saw the door-handle move
345	Dracula	Bram Stoker	Then tears come; and, like the rain on the ropes, they brace us up, until perhaps the strain become too great, and we break
1342	Pride and Prejudice	Jane Austen	Such I was, from eight to eight-and-twenty; and such I might still have been but for you, dearest, loveliest Elizabeth
1661	The Adventures of Sherlock Holmes	Arthur Conan Doyle	It was a perfect day, with a bright sun and a few fleecy clouds in the heavens
1342	Pride and Prejudice	Jane Austen	Where does discretion end, and avarice begin
1342	Pride and Prejudice	Jane Austen	Amongst the most violent against him was Mrs
1342	Pride and Prejudice	Jane Austen	When first he entered the corps, she was ready enough to admire him; but so we all were
345	Dracula	Bram Stoker	Mother cried out in a fright, and struggled up into a sitting posture, and clutched wildly at anything that would help her
1342	Pride and Prejudice	Jane Austen	It cannot be done too much; and when I next write to her, I shall charge her not to neglect it on any account
1342	Pride and Prejudice	Jane Austen	He was full of joy and attention
345	Dracula	Bram Stoker	I said nothing, but went and told the keeper to report to me if there were anything odd about him during the day
1661	The Adventures of Sherlock Holmes	Arthur Conan Doyle	She little knew what
345	Dracula	Bram Stoker	For answer he put his finger on his lips and turned away
1342	Pride and Prejudice	Jane Austen	They lagged behind, while Elizabeth, Kitty, and Darcy were to entertain each other
1661	The Adventures of Sherlock Holmes	Arthur Conan Doyle	The only remaining point was what they were burrowing for
345	Dracula	Bram Stoker	I must keep writing at every chance, for I dare not stop to think
1661	The Adventures of Sherlock Holmes	Arthur Conan Doyle	At the church door, however, they separated, he driving back to the Temple, and she to her own house
1661	The Adventures of Sherlock Holmes	Arthur Conan Doyle	These articles, with two small wicker-work chairs, made up all the furniture in the room save for a square of Wilton carpet in the centre
1342	Pride and Prejudice	Jane Austen	A few weeks, he believed
345	Dracula	Bram Stoker	I had seen that the door was unlocked, and now escape was before me
1342	Pride and Prejudice	Jane Austen	Kitty, to her very material advantage, spent the chief of her time with her two elder sisters
345	Dracula	Bram Stoker	This state of excitement kept on for some little time; and at last we saw before us the Pass opening out on the eastern side
1661	The Adventures of Sherlock Holmes	Arthur Conan Doyle	Then I could produce your confession at the last extremity to save young McCarthy
345	Dracula	Bram Stoker	We heard his exclamation of astonishment, and then we went away silently
345	Dracula	Bram Stoker	So his own selfishness frees my soul somewhat from the terrible power which he acquired over me on that dreadful night
345	Dracula	Bram Stoker	Here, we ask why Skinsky was chosen at all to aid in the work
1342	Pride and Prejudice	Jane Austen	Colonel Forster gives us reason to expect him here soon
1342	Pride and Prejudice	Jane Austen	it is just as he chooses
345	Dracula	Bram Stoker	The country is lovely, and most interesting; if only we were under different conditions, how delightful it would be to see it all
345	Dracula	Bram Stoker	The very place, where he have been alive, Un-Dead for all these centuries, is full of strangeness of the geologic and chemical world
345	Dracula	Bram Stoker	You will be glad to know that I have quite given up walking in my sleep
345	Dracula	Bram Stoker	It descends so steeply over the harbour that part of the bank has fallen away, and some of the graves have been destroyed
345	Dracula	Bram Stoker	You can get away, if you are in a hurry, by the 10:30 train, which will bring you to Paddington by 2:35
1342	Pride and Prejudice	Jane Austen	So imprudent a match on both sides
345	Dracula	Bram Stoker	Van Helsing beckoned to us and we stole out of the room, leaving the two loving hearts alone with their God
1342	Pride and Prejudice	Jane Austen	What praise is more valuable than the praise of an intelligent servant
345	Dracula	Bram Stoker	He will not be back to-night; for the sky is reddening in the east, and the dawn is close
345	Dracula	Bram Stoker	In respectful silence we took the places assigned to us close round the tomb, but hidden from the sight of any one approaching
345	Dracula	Bram Stoker	Nay, in himself he is not one to retire and stay afar
1342	Pride and Prejudice	Jane Austen	Her air was not conciliating, nor was her manner of receiving them such as to make her visitors forget their inferior rank
1342	Pride and Prejudice	Jane Austen	Darcy, who took her so much by surprise in his application for her hand, that, without knowing what she did, she accepted him
345	Dracula	Bram Stoker	All chambers are alike to the doctor; and even were they not they are all as one to me to-night
1661	The Adventures of Sherlock Holmes	Arthur Conan Doyle	I hurried to him, but he passed away without having ever recovered his consciousness
1342	Pride and Prejudice	Jane Austen	Bennet we have glanced at, and it is not easy to say whether she is more exquisitely amusing or more horribly true
1661	The Adventures of Sherlock Holmes	Arthur Conan Doyle	You may then walk to the end of the street, and I will rejoin you in ten minutes
1342	Pride and Prejudice	Jane Austen	A single man of large fortune; four or five thousand a year
1342	Pride and Prejudice	Jane Austen	Bingley if she could
345	Dracula	Bram Stoker	This is a painful task
1342	Pride and Prejudice	Jane Austen	One cannot know what a man really is by the end of a fortnight
1342	Pride and Prejudice	Jane Austen	Darcy with a very expressive smile
1661	The Adventures of Sherlock Holmes	Arthur Conan Doyle	Send him to gaol now, and you make him a gaol-bird for life
1661	The Adventures of Sherlock Holmes	Arthur Conan Doyle	I have lost my honour, my gems, and my son in one night
1342	Pride and Prejudice	Jane Austen	Darcy acknowledged that the partridges were remarkably well done; and I suppose he has two or three French cooks at least
345	Dracula	Bram Stoker	On the far side of the house I found him pressed close against the old ironbound oak door of the chapel
1661	The Adventures of Sherlock Holmes	Arthur Conan Doyle	The Embankment is not on the direct line to the station
1661	The Adventures of Sherlock Holmes	Arthur Conan Doyle	My mistress told me that you were likely to call
345	Dracula	Bram Stoker	This suspense is getting dreadful
1661	The Adventures of Sherlock Holmes	Arthur Conan Doyle	You have made two blunders in as many minutes
345	Dracula	Bram Stoker	Then a dog began to howl somewhere in a farmhouse far down the road--a long, agonised wailing, as if from fear
345	Dracula	Bram Stoker	I waited with a sick feeling of suspense
1661	The Adventures of Sherlock Holmes	Arthur Conan Doyle	Monica in the Edgeware Road
345	Dracula	Bram Stoker	Westenra was dead; that Lucy also had been ill, but was now going on better; and that Van Helsing and I were with her
345	Dracula	Bram Stoker	Well, I saw I must try to help the medicine to its work with my will, if it was to do me any good, so I resolutely set myself to sleep
345	Dracula	Bram Stoker	Safety and the assurance of safety are things of the past
345	Dracula	Bram Stoker	The men stopped at our gate to ask the porter their way, as they were strangers
345	Dracula	Bram Stoker	There was in the room the same thin white mist that I had before noticed
1661	The Adventures of Sherlock Holmes	Arthur Conan Doyle	The whole party proceeded afterwards to the house of Mr
1342	Pride and Prejudice	Jane Austen	My temper would perhaps be called resentful
1661	The Adventures of Sherlock Holmes	Arthur Conan Doyle	The events in question occurred in the early days of my association with Holmes, when we were sharing rooms as bachelors in Baker Street
1342	Pride and Prejudice	Jane Austen	Elizabeth said nothing, but it gratified her exceedingly; the compliment must be all for herself
345	Dracula	Bram Stoker	There was much moonshine; and as I looked I could see Quincey Morris run across the lawn and hide himself in the shadow of a great yew-tree
345	Dracula	Bram Stoker	That going down to the vault a second time was a remarkable piece of daring
345	Dracula	Bram Stoker	It was an odd experience and we all took it differently
345	Dracula	Bram Stoker	I must get her interested in something, so that I may have an opportunity of reading them
345	Dracula	Bram Stoker	Van Helsing stepped over and took the pieces from her
345	Dracula	Bram Stoker	I must write no more; I must keep it to say to Jonathan, my husband
345	Dracula	Bram Stoker	It would almost be worth while to complete the experiment
1342	Pride and Prejudice	Jane Austen	But no letter appeared, and she was completely puzzled
345	Dracula	Bram Stoker	That is one of the things that we learn in an asylum, at any rate
1342	Pride and Prejudice	Jane Austen	For my part, I am inclined to believe it all Mr
1661	The Adventures of Sherlock Holmes	Arthur Conan Doyle	In the card-case is a note
1661	The Adventures of Sherlock Holmes	Arthur Conan Doyle	My family itself is so small that it will not take me long to describe it
1342	Pride and Prejudice	Jane Austen	She dared not relate the other half of Mr
1661	The Adventures of Sherlock Holmes	Arthur Conan Doyle	It could not have been a better fit if I had been measured for it
345	Dracula	Bram Stoker	They all knew that I was busy, and that my stay was short, and Mr
1342	Pride and Prejudice	Jane Austen	Philips, appears to do so much credit to; but he gave up everything to be of use to the late Mr
1342	Pride and Prejudice	Jane Austen	Darcy took her advice, and did finish his letter
345	Dracula	Bram Stoker	Those flames only appear on one night; and on that night no man of this land will, if he can help it, stir without his doors
345	Dracula	Bram Stoker	We know all about where he go; for we have seen the owner of the ship, who have shown us invoices and all papers that can be
1342	Pride and Prejudice	Jane Austen	Darcy, she was directly retreating
345	Dracula	Bram Stoker	Godalming behind and Quincey in front stood just out of sight ready to move in front of the window
1342	Pride and Prejudice	Jane Austen	All connection between us seemed now dissolved
1661	The Adventures of Sherlock Holmes	Arthur Conan Doyle	I heard her voice downstairs, but I knew that she could not ascend
1342	Pride and Prejudice	Jane Austen	Elizabeth took up some needlework, and was sufficiently amused in attending to what passed between Darcy and his companion
345	Dracula	Bram Stoker	At once I exulted and feared; for now, for good or ill, the end was near
345	Dracula	Bram Stoker	He crumbled the wafer up fine and worked it into the mass between his hands
1342	Pride and Prejudice	Jane Austen	I am sincerely grieved for him and Mrs
1661	The Adventures of Sherlock Holmes	Arthur Conan Doyle	The lady coloured deeply and covered over her injured wrist
1661	The Adventures of Sherlock Holmes	Arthur Conan Doyle	It swelled up louder and louder, a hoarse yell of pain and fear and anger all mingled in the one dreadful shriek
1661	The Adventures of Sherlock Holmes	Arthur Conan Doyle	I knew that none had fallen since the evening before, and also that there had been a strong frost to preserve impressions
345	Dracula	Bram Stoker	The attendant was waiting for me
345	Dracula	Bram Stoker	Morris, who had sunk to the ground, leaned on his elbow, holding his hand pressed to his side; the blood still gushed through his fingers
345	Dracula	Bram Stoker	Quincey Morris, Jonathan Harker, Mina Harker
1661	The Adventures of Sherlock Holmes	Arthur Conan Doyle	I simply want your opinion about a hydraulic stamping machine which has got out of gear
345	Dracula	Bram Stoker	Just now she was quite upset by a little thing which I did not much heed, though I am myself very fond of animals
345	Dracula	Bram Stoker	He always asks her what she can see and hear
345	Dracula	Bram Stoker	The mere beauty seemed to cheer me; there was peace and comfort in every breath I drew
345	Dracula	Bram Stoker	Please the good God, all this may not upset him again
1661	The Adventures of Sherlock Holmes	Arthur Conan Doyle	Hers had been cut off, very possibly in some illness through which she has passed, and so, of course, yours had to be sacrificed also
1342	Pride and Prejudice	Jane Austen	Jenkinson to make up her party
1661	The Adventures of Sherlock Holmes	Arthur Conan Doyle	He used to make merry over the cleverness of women, but I have not heard him do it of late
1342	Pride and Prejudice	Jane Austen	From what he said of Miss Darcy, I was thoroughly prepared to see a proud, reserved, disagreeable girl
1661	The Adventures of Sherlock Holmes	Arthur Conan Doyle	Sherlock Holmes was transformed when he was hot upon such a scent as this
1661	The Adventures of Sherlock Holmes	Arthur Conan Doyle	All was going well when McCarthy laid his grip upon me
1661	The Adventures of Sherlock Holmes	Arthur Conan Doyle	Was there a police-station anywhere near
345	Dracula	Bram Stoker	I drew back behind the stonework, and looked carefully out
1342	Pride and Prejudice	Jane Austen	In this room they were received by Miss Darcy, who was sitting there with Mrs
345	Dracula	Bram Stoker	Those adventurous days of ours are turning up useful
1342	Pride and Prejudice	Jane Austen	Gardiner could not but be deeply affected
1342	Pride and Prejudice	Jane Austen	Who are your uncles and aunts
1342	Pride and Prejudice	Jane Austen	Kitty simpered and smiled, and hoped her turn was coming soon
1342	Pride and Prejudice	Jane Austen	But the clothes, the wedding clothes
345	Dracula	Bram Stoker	I was chilled and unnerved, and angry with the Professor for taking me on such an errand and with myself for coming
345	Dracula	Bram Stoker	Harker is out, following up clues; and so are Lord Godalming and Quincey
345	Dracula	Bram Stoker	They attach themselves as a rule to some great noble or _boyar_, and call themselves by his name
345	Dracula	Bram Stoker	I know well what she will say
345	Dracula	Bram Stoker	It seemed but poor comfort to so brave and unselfish a soul, and impulsively I bent over and kissed him
345	Dracula	Bram Stoker	The Szgany must look out if they mean fight
345	Dracula	Bram Stoker	I like it not, and I have grave doubts; but I fear to affright her, and so I am silent of it
345	Dracula	Bram Stoker	We are not worried with other travellers, and so even I can drive
1661	The Adventures of Sherlock Holmes	Arthur Conan Doyle	His wife is a very tall and strong woman with a sour face, as silent as Mrs
1342	Pride and Prejudice	Jane Austen	It cannot be concealed from anyone
345	Dracula	Bram Stoker	I could not for my life get away from the feeling that there was some one else amongst us
345	Dracula	Bram Stoker	I lay still and endured; that was all
345	Dracula	Bram Stoker	He wetted the poor white lips with it, and together we rubbed palm and wrist and heart
1661	The Adventures of Sherlock Holmes	Arthur Conan Doyle	She had written in a hurry and dipped her pen too deep
1661	The Adventures of Sherlock Holmes	Arthur Conan Doyle	There was only one thing in it, but I am sure that you would never guess what it was
1342	Pride and Prejudice	Jane Austen	But she had no reason to fear Mr
1661	The Adventures of Sherlock Holmes	Arthur Conan Doyle	As I came in he gave quite a jump in his chair and turned quickly to Miss Stoper
345	Dracula	Bram Stoker	Therefore be of much comfort till we return
345	Dracula	Bram Stoker	Mina is dressing, and I shall call at the hotel in a few minutes and bring him over
1661	The Adventures of Sherlock Holmes	Arthur Conan Doyle	Holmes, and not to abuse your patience, there came a night when he made one of those drunken sallies from which he never came back
345	Dracula	Bram Stoker	His attention was called by the sound of the window being wrenched out
1661	The Adventures of Sherlock Holmes	Arthur Conan Doyle	I often take advantage of the freedom which it gives
345	Dracula	Bram Stoker	She confided to me that she has got her death-warrant
345	Dracula	Bram Stoker	They entered in obedience to our summons
1342	Pride and Prejudice	Jane Austen	But do you always write such charming long letters to her, Mr
345	Dracula	Bram Stoker	So I pulled the curtains again, and have written of this day
345	Dracula	Bram Stoker	Just think what will be his joy when he, too, is destroyed in his worser part that his better part may have spiritual immortality
345	Dracula	Bram Stoker	She is to meet me at the Stores, so that I may not alarm her mother by too early a repetition of my call
1661	The Adventures of Sherlock Holmes	Arthur Conan Doyle	Toller, who might give the alarm
1661	The Adventures of Sherlock Holmes	Arthur Conan Doyle	Born in New Jersey in the year 1858
345	Dracula	Bram Stoker	It is very cold, and only our warm furs keep us comfortable
1342	Pride and Prejudice	Jane Austen	Bingley for his sister
1342	Pride and Prejudice	Jane Austen	I am not equal to it
345	Dracula	Bram Stoker	Suddenly I became broad awake, and sat up, with a horrible sense of fear upon me, and of some feeling of emptiness around me
345	Dracula	Bram Stoker	_When_ I get to port
1342	Pride and Prejudice	Jane Austen	Even Elizabeth began to fear--not that Bingley was indifferent--but that his sisters would be successful in keeping him away
345	Dracula	Bram Stoker	Oh, my friend, why, think you, did I go so far round, why take so long to tell you so simple a thing
1661	The Adventures of Sherlock Holmes	Arthur Conan Doyle	Hosmer Angel came to the house again and proposed that we should marry before father came back
345	Dracula	Bram Stoker	I have me antherums aboot it
1342	Pride and Prejudice	Jane Austen	Her curiosity, however, was unexpectedly relieved
345	Dracula	Bram Stoker	It was now near enough for us to see clearly, and the moonlight still held
345	Dracula	Bram Stoker	You have not told me anything for a long time
345	Dracula	Bram Stoker	Even the madness of fright was not to them, so that they could break away
345	Dracula	Bram Stoker	Some time, if it may be, I must examine this matter and try to make up my mind about it
345	Dracula	Bram Stoker	Lucy is ever so much better
1342	Pride and Prejudice	Jane Austen	Bingley was ready, Georgiana was eager, and Darcy determined, to be pleased
345	Dracula	Bram Stoker	Passing through this, he opened another door, and motioned me to enter
1661	The Adventures of Sherlock Holmes	Arthur Conan Doyle	I will just put on my slippers before we settle this little matter of yours
1342	Pride and Prejudice	Jane Austen	Bennet replied that he had not
345	Dracula	Bram Stoker	_Letter, Arthur Holmwood to Dr
1342	Pride and Prejudice	Jane Austen	The park was very large, and contained great variety of ground
345	Dracula	Bram Stoker	He answered in growing passion, at first quietly
1342	Pride and Prejudice	Jane Austen	There are few people in England, I suppose, who have more true enjoyment of music than myself, or a better natural taste
1342	Pride and Prejudice	Jane Austen	The note was immediately despatched, and its contents as quickly complied with
1342	Pride and Prejudice	Jane Austen	But tell me, what did you come down to Netherfield for
1661	The Adventures of Sherlock Holmes	Arthur Conan Doyle	This he opened and made a very careful examination of the sill with his powerful magnifying lens
345	Dracula	Bram Stoker	Every breath exhaled by that monster seemed to have clung to the place and intensified its loathsomeness
345	Dracula	Bram Stoker	By my clock it is one hour and already, if all be well, friend Arthur and Quincey are on their way to us
345	Dracula	Bram Stoker	We are to be married in an hour, or as soon after as Jonathan awakes
345	Dracula	Bram Stoker	For an instant my heart stood still, and I would have screamed out, only that I was paralysed
345	Dracula	Bram Stoker	_6 August._--Another three days, and no news
1661	The Adventures of Sherlock Holmes	Arthur Conan Doyle	Let us now see the letter
345	Dracula	Bram Stoker	She was leaping for them, when Van Helsing sprang forward and held between them his little golden crucifix
345	Dracula	Bram Stoker	How well the man reasoned; lunatics always do within their own scope
11	Alice's Adventures in Wonderland	Lewis Carroll	The Lobster Quadrille CHAPTER XI
1661	The Adventures of Sherlock Holmes	Arthur Conan Doyle	If the young lady has a brother or a friend, he ought to lay a whip across your shoulders
1342	Pride and Prejudice	Jane Austen	When the engagement was for home, some of the officers always made part of it, of which officers Mr
345	Dracula	Bram Stoker	He is a young man, full of energy and talent in his own way, and of a very faithful disposition
345	Dracula	Bram Stoker	they, like the lotus flower, make your trouble forgotten
345	Dracula	Bram Stoker	His expression again changed as, with a single impulse, we all advanced upon him
345	Dracula	Bram Stoker	And I am sure that you, Dr
1661	The Adventures of Sherlock Holmes	Arthur Conan Doyle	Can you not find the advertisement, Mr
345	Dracula	Bram Stoker	Van Helsing had done speaking, I asked him if he were certain that the Count had remained on board the ship
1342	Pride and Prejudice	Jane Austen	With the kindest concern he came on to Longbourn, and broke his apprehensions to us in a manner most creditable to his heart
1342	Pride and Prejudice	Jane Austen	She wanted to talk, but there seemed an embargo on every subject
345	Dracula	Bram Stoker	Jonathan, you must not leave me
1661	The Adventures of Sherlock Holmes	Arthur Conan Doyle	Roylott returned and saw us our journey would be in vain
1342	Pride and Prejudice	Jane Austen	Pray, how _violent was_ Mr
1342	Pride and Prejudice	Jane Austen	How is such a man to be worked on
345	Dracula	Bram Stoker	Then we can have long talks when we do meet
345	Dracula	Bram Stoker	Billington & Son, Solicitors, Whitby, to Messrs
345	Dracula	Bram Stoker	I suppose it is one of the lessons that we poor women have to learn
345	Dracula	Bram Stoker	Harker says that they are knitting together in chronological order every scrap of evidence they have
1342	Pride and Prejudice	Jane Austen	She looked forward to their entrance as the point on which all her chance of pleasure for the evening must depend
1342	Pride and Prejudice	Jane Austen	Her power was sinking; everything _must_ sink under such a proof of family weakness, such an assurance of the deepest disgrace
1661	The Adventures of Sherlock Holmes	Arthur Conan Doyle	And this promises to be interesting
1661	The Adventures of Sherlock Holmes	Arthur Conan Doyle	James McCarthy, going the same way with a gun under his arm
1342	Pride and Prejudice	Jane Austen	She blushed again and again over the perverseness of the meeting
345	Dracula	Bram Stoker	Some change had come over her body
345	Dracula	Bram Stoker	You were only student then; now you are master, and I trust that good habit have not fail
345	Dracula	Bram Stoker	You must not sleep all the night
1342	Pride and Prejudice	Jane Austen	Then pray speak aloud
1661	The Adventures of Sherlock Holmes	Arthur Conan Doyle	I already feel it closing in upon me
1342	Pride and Prejudice	Jane Austen	He was then, he said, on his way to Longbourn on purpose to inquire after her
1342	Pride and Prejudice	Jane Austen	Darcy about it, if you had rather not
345	Dracula	Bram Stoker	We went at once into our Plan of Campaign
345	Dracula	Bram Stoker	Once or twice it came quite close, but was, I suppose, frightened at seeing me, and flitted away across the harbour towards the abbey
1661	The Adventures of Sherlock Holmes	Arthur Conan Doyle	Jabez Wilson laughed heavily
345	Dracula	Bram Stoker	The night was dark with occasional gleams of moonlight between the rents of the heavy clouds that scudded across the sky
1342	Pride and Prejudice	Jane Austen	Between him and Darcy there was a very steady friendship, in spite of a great opposition of character
1342	Pride and Prejudice	Jane Austen	The Lucases are very artful people, indeed, sister
1661	The Adventures of Sherlock Holmes	Arthur Conan Doyle	It must have been he who wore those boots and retained the missing gems
345	Dracula	Bram Stoker	She help me and I eat alone; and then we wrap in fur and lie beside the fire, and I tell her to sleep while I watch
1342	Pride and Prejudice	Jane Austen	Before any answer could arrive from Mr
345	Dracula	Bram Stoker	I know that Lucy told you of me; she told me of you too
1342	Pride and Prejudice	Jane Austen	He scarcely needed an invitation to stay supper; and before he went away an engagement was formed, chiefly through his own and Mrs
345	Dracula	Bram Stoker	We then waited, and saw something white come through the trees
345	Dracula	Bram Stoker	He has had some terrible shock, and I fear it might tax his poor brain if he were to try to recall it
1661	The Adventures of Sherlock Holmes	Arthur Conan Doyle	Did she know where her husband was
345	Dracula	Bram Stoker	She seemed, however, to know the situation without telling, though she was eager to know what she had told
345	Dracula	Bram Stoker	I went back to Smollet, and asked him if he could tell us if any other boxes had been taken from Carfax
1661	The Adventures of Sherlock Holmes	Arthur Conan Doyle	Your niece knew nothing of such men
345	Dracula	Bram Stoker	There were a lot of those horrible, strong-smelling flowers about everywhere, and she had actually a bunch of them round her neck
345	Dracula	Bram Stoker	Arthur was next to me, and if I had not seized his arm and held him up, he would have fallen
345	Dracula	Bram Stoker	Then, for the first time in my life, I saw Van Helsing break down
1661	The Adventures of Sherlock Holmes	Arthur Conan Doyle	A married woman grabs at her baby; an unmarried one reaches for her jewel-box
345	Dracula	Bram Stoker	The little river, the Esk, runs through a deep valley, which broadens out as it comes near the harbour
1342	Pride and Prejudice	Jane Austen	Bennet and the children
1342	Pride and Prejudice	Jane Austen	I will have no reserves from _you_
1661	The Adventures of Sherlock Holmes	Arthur Conan Doyle	She knows that the King is capable of having her waylaid and searched
345	Dracula	Bram Stoker	Westenra has confided to me that her doom is spoken--disease of the heart--though poor Lucy does not know it yet
1661	The Adventures of Sherlock Holmes	Arthur Conan Doyle	I am a light sleeper, and it has awakened me
1342	Pride and Prejudice	Jane Austen	But I must write no more
1342	Pride and Prejudice	Jane Austen	My brother and the gentlemen are to dine with the officers
1661	The Adventures of Sherlock Holmes	Arthur Conan Doyle	And you know where they are
345	Dracula	Bram Stoker	We get the small truth first
345	Dracula	Bram Stoker	_Memorandum left by Lucy Westenra._ _17 September
345	Dracula	Bram Stoker	His mouth moved as though he were praying
345	Dracula	Bram Stoker	Some of the Slovaks tell us that a big boat passed them, going at more than usual speed as she had a double crew on board
345	Dracula	Bram Stoker	See, and the sun is just rose, and all day to sunset is to us
1342	Pride and Prejudice	Jane Austen	Darcy had considerable patronage in the church, and his cousin could have none at all
345	Dracula	Bram Stoker	He will then argue back that it is we, mistaken ones, that have killed her by our ideas; and so he will be much unhappy always
1342	Pride and Prejudice	Jane Austen	I am happier even than Jane; she only smiles, I laugh
345	Dracula	Bram Stoker	Then I bethought me of my dear Madam Mina, and I was in terrible plight
345	Dracula	Bram Stoker	I knew now well enough where to find the monster I sought
1342	Pride and Prejudice	Jane Austen	She related the subjects of the pictures, the dimensions of the rooms, and the price of the furniture in vain
345	Dracula	Bram Stoker	the terror in her sweet eyes, the repulsion, the horror, told a story to my heart that was all of hope
345	Dracula	Bram Stoker	For now more than ever has all work to be done quick and sharp, and in deadly earnest
1661	The Adventures of Sherlock Holmes	Arthur Conan Doyle	With him we drove to the Hereford Arms where a room had already been engaged for us
1661	The Adventures of Sherlock Holmes	Arthur Conan Doyle	His frank acceptance of the situation marks him as either an innocent man, or else as a man of considerable self-restraint and firmness
345	Dracula	Bram Stoker	I used manifold, and so took three copies of the diary, just as I had done with all the rest
1342	Pride and Prejudice	Jane Austen	The farewell between herself and Mr
345	Dracula	Bram Stoker	But my flesh answered the pinching test, and my eyes were not to be deceived
1342	Pride and Prejudice	Jane Austen	She longed to see Mrs
345	Dracula	Bram Stoker	Oh, but her soul is true
1342	Pride and Prejudice	Jane Austen	I send no compliments to your mother
345	Dracula	Bram Stoker	Then without warning the tempest broke
345	Dracula	Bram Stoker	I should be quite happy if I only knew if Jonathan
1342	Pride and Prejudice	Jane Austen	Mary and Kitty, thank Heaven
1342	Pride and Prejudice	Jane Austen	Give my love to Colonel Forster
1661	The Adventures of Sherlock Holmes	Arthur Conan Doyle	But I am inclined to think neither
1342	Pride and Prejudice	Jane Austen	With the Gardiners they were always on the most intimate terms
345	Dracula	Bram Stoker	Take it, then, that the vampire, and the belief in his limitations and his cure, rest for the moment on the same base
1342	Pride and Prejudice	Jane Austen	But here he was set right by Mrs
1661	The Adventures of Sherlock Holmes	Arthur Conan Doyle	But which of these is correct can only be determined by the fresh information which we shall no doubt find waiting for us
345	Dracula	Bram Stoker	They stopped at the gate, and a few seconds later I met Van Helsing running up the avenue
345	Dracula	Bram Stoker	The Professor knows this well enough, and is doing his best to keep his mind active
1342	Pride and Prejudice	Jane Austen	A young man, such as you describe Mr
345	Dracula	Bram Stoker	Then he took from his neck, inside his collar, a little gold crucifix, and placed it over the mouth
1342	Pride and Prejudice	Jane Austen	I shall see her again
1342	Pride and Prejudice	Jane Austen	I was in great hopes that one of you would have got a husband before you came back
345	Dracula	Bram Stoker	He brought back the phonograph from my room, and I took my typewriter
1661	The Adventures of Sherlock Holmes	Arthur Conan Doyle	With a nod he vanished into the bedroom, whence he emerged in five minutes tweed-suited and respectable, as of old
345	Dracula	Bram Stoker	I may err--I am but man; but I believe in all I do
345	Dracula	Bram Stoker	Perhaps her example may affect me as her gaiety did to-night
345	Dracula	Bram Stoker	Then her eyes closed, and she breathed heavily
345	Dracula	Bram Stoker	On the summit of the East Cliff the new searchlight was ready for experiment, but had not yet been tried
1342	Pride and Prejudice	Jane Austen	As a child I was taught what was _right_, but I was not taught to correct my temper
1661	The Adventures of Sherlock Holmes	Arthur Conan Doyle	But that was not quite good enough, Mr
1342	Pride and Prejudice	Jane Austen	Collins returned, the gentlemen accompanied him
345	Dracula	Bram Stoker	At sunset I try to hypnotise her, but alas
345	Dracula	Bram Stoker	Had not our minds been made up, and had there not been terrible memories to spur us on, we could hardly have proceeded with our task
1342	Pride and Prejudice	Jane Austen	She became jealous of his esteem, when she could no longer hope to be benefited by it
1661	The Adventures of Sherlock Holmes	Arthur Conan Doyle	You will sign it, and Watson here can witness it
1342	Pride and Prejudice	Jane Austen	With _your_ good sense, to be so honestly blind to the follies and nonsense of others
345	Dracula	Bram Stoker	It would almost seem as if there was some influence which came and went
345	Dracula	Bram Stoker	There are always mysteries in life
345	Dracula	Bram Stoker	He is as yet only suspicious; and he went from Carfax first to the place where he would suspect interference least
1342	Pride and Prejudice	Jane Austen	We are persuaded that he has pledged himself to assist Mr
345	Dracula	Bram Stoker	Holmwood--he is the Hon
1342	Pride and Prejudice	Jane Austen	She looked at Jane to see how she bore it; but Jane was very composedly talking to Bingley
345	Dracula	Bram Stoker	Things are getting desperate, and it is at least a chance, though a hazardous one
1661	The Adventures of Sherlock Holmes	Arthur Conan Doyle	You must also put in a note to say that all the other papers were burned by your uncle, and that this is the only one which remains
1342	Pride and Prejudice	Jane Austen	[Illustration] CHAPTER XXV
1661	The Adventures of Sherlock Holmes	Arthur Conan Doyle	Would you mind reading me the advertised description of Mr
345	Dracula	Bram Stoker	Tell me, like one good fellow to another, is there any one else that you care for
345	Dracula	Bram Stoker	They all agreed that it was best that I should not be drawn further into this awful work, and I acquiesced
345	Dracula	Bram Stoker	She seemed, even in her sleep, to be a little impatient at finding the door shut, and went back to bed under a sort of protest
1661	The Adventures of Sherlock Holmes	Arthur Conan Doyle	Holmes had brought up a long thin cane, and this he placed upon the bed beside him
1342	Pride and Prejudice	Jane Austen	[Illustration] When they were gone, Elizabeth, as if intending to exasperate herself as much as possible against Mr
1661	The Adventures of Sherlock Holmes	Arthur Conan Doyle	This is what began it all
345	Dracula	Bram Stoker	I took him by the hand and raised him up
1342	Pride and Prejudice	Jane Austen	Darcy could have such boundless influence
1342	Pride and Prejudice	Jane Austen	Bennet retired to the library, as was his custom, and Mary went upstairs to her instrument
345	Dracula	Bram Stoker	But it is pleasure added to do for him, your friend; it is to you that I come
345	Dracula	Bram Stoker	If we find them all in that house, then our work is near the end
345	Dracula	Bram Stoker	Cannot eat, cannot rest, so diary instead
345	Dracula	Bram Stoker	It takes a lot of water, and running strong, to sweep the outside edge of a river clear
1342	Pride and Prejudice	Jane Austen	Gardiner soon wrote again to his brother
1342	Pride and Prejudice	Jane Austen	With a strong prejudice against everything he might say, she began his account of what had happened at Netherfield
345	Dracula	Bram Stoker	Every boat in the harbour seemed to be there, and the coffin was carried by captains all the way from Tate Hill Pier up to the churchyard
1342	Pride and Prejudice	Jane Austen	My father is going to London with Colonel Forster instantly, to try to discover her
1342	Pride and Prejudice	Jane Austen	Nothing could give either Bingley or myself more delight
345	Dracula	Bram Stoker	The decanter of sherry was on the table half full, but there was a queer, acrid smell about
345	Dracula	Bram Stoker	There are others, too, which I shall tell you of, lest in our seeking we may need them
345	Dracula	Bram Stoker	Do we not see how at the first all these so great boxes were moved by others
1342	Pride and Prejudice	Jane Austen	He can be a conversible companion if he thinks it worth his while
1342	Pride and Prejudice	Jane Austen	Let me recommend you, however, as a friend, not to give implicit confidence to all his assertions; for, as to Mr
345	Dracula	Bram Stoker	The new phases of things leave my mind in a state of wonder which allows no room for active thought
1661	The Adventures of Sherlock Holmes	Arthur Conan Doyle	If you leave, you forfeit your whole position forever
1342	Pride and Prejudice	Jane Austen	Darcy walk into the room
345	Dracula	Bram Stoker	We even scouted a belief that we saw justified under our very eyes
345	Dracula	Bram Stoker	Should sleep now or ever overcome you, or be like to do, then haste to your own chamber or to these rooms, for your rest will then be safe
345	Dracula	Bram Stoker	How can women help loving men when they are so earnest, and so true, and so brave
1342	Pride and Prejudice	Jane Austen	Such a disappointment
345	Dracula	Bram Stoker	But think, in all probable the key of the situation is in that house in Piccadilly
345	Dracula	Bram Stoker	They came close to me, and looked at me for some time, and then whispered together
1342	Pride and Prejudice	Jane Austen	What is it you are talking of
1342	Pride and Prejudice	Jane Austen	I have a high respect for your nerves
345	Dracula	Bram Stoker	It conveyed irresistibly the idea that life--animal life--was not the only thing which could pass away
345	Dracula	Bram Stoker	It will be a mighty different thing to commit burglary in Piccadilly, either by day or night
1661	The Adventures of Sherlock Holmes	Arthur Conan Doyle	But to-day being Saturday rather complicates matters
1661	The Adventures of Sherlock Holmes	Arthur Conan Doyle	He had turned his back so that none could see him but I
345	Dracula	Bram Stoker	You claim the privilege of reason in the highest degree, since you seek to impress us with your complete reasonableness
1342	Pride and Prejudice	Jane Austen	She is gone down to her uncle at Liverpool; gone to stay
345	Dracula	Bram Stoker	Of course, Arthur wore black, for he was in deep mourning, but the rest of us wore it by instinct
345	Dracula	Bram Stoker	To-night he will not speak
1342	Pride and Prejudice	Jane Austen	It is a nice long walk, and Mr
345	Dracula	Bram Stoker	Then bring it with you that in all ways the operation is successful
345	Dracula	Bram Stoker	But she sleep on, and I may not wake her though I try
345	Dracula	Bram Stoker	I did not think so at first, but I know better now
345	Dracula	Bram Stoker	During the service the dog would not come to its master, who was on the seat with us, but kept a few yards off, barking and howling
1661	The Adventures of Sherlock Holmes	Arthur Conan Doyle	Man, or at least criminal man, has lost all enterprise and originality
345	Dracula	Bram Stoker	I seemed somehow to know her face, and to know it in connection with some dreamy fear, but I could not recollect at the moment how or where
345	Dracula	Bram Stoker	Seward at the door asking questions
345	Dracula	Bram Stoker	Lucy was more cheerful than on the day I first saw her, and certainly looked better
1342	Pride and Prejudice	Jane Austen	The elder Miss Bennets alone were still able to eat, drink, and sleep, and pursue the usual course of their employments
345	Dracula	Bram Stoker	He bent over and again forced back the leaden flange; and then a shock of surprise and dismay shot through me
1342	Pride and Prejudice	Jane Austen	[Illustration] Elizabeth had settled it that Mr
1342	Pride and Prejudice	Jane Austen	Wickham, and give him an invitation also, if the family from Longbourn would come in the evening
1342	Pride and Prejudice	Jane Austen	[Illustration] Elizabeth awoke the next morning to the same thoughts and meditations which had at length closed her eyes
1342	Pride and Prejudice	Jane Austen	In a hurried manner he immediately began an inquiry after her health, imputing his visit to a wish of hearing that she were better
345	Dracula	Bram Stoker	Strange and terrible as it is, it is _true_
345	Dracula	Bram Stoker	The forenoon was a dreary time, but at noon the solicitor came: Mr
345	Dracula	Bram Stoker	He is truly getting on well, and I have no doubt will in a few weeks be all himself
1342	Pride and Prejudice	Jane Austen	Bennet withdrew to the library, she saw Mr
345	Dracula	Bram Stoker	The policeman nodded acquiescence, and the man kneeling down placed his bag beside him
345	Dracula	Bram Stoker	I have a motive of which, be sure, she would have approved
1342	Pride and Prejudice	Jane Austen	No look appeared on either side that spoke particular regard
1342	Pride and Prejudice	Jane Austen	You thought the waiter must not hear, as if he cared
1342	Pride and Prejudice	Jane Austen	That he should even speak to her was amazing!--but to speak with such civility, to inquire after her family
1661	The Adventures of Sherlock Holmes	Arthur Conan Doyle	The small boy brought round a small thin volume and a great greasy-backed one, laying them out together beneath the hanging lamp
345	Dracula	Bram Stoker	I am getting fearfully anxious about him
1342	Pride and Prejudice	Jane Austen	The rain continued the whole evening without intermission; Jane certainly could not come back
1342	Pride and Prejudice	Jane Austen	You will easily comprehend, from these particulars, that Mr
1661	The Adventures of Sherlock Holmes	Arthur Conan Doyle	His knees were what I wished to see
1342	Pride and Prejudice	Jane Austen	The commendation bestowed on him by Mrs
345	Dracula	Bram Stoker	My only comfort is that we are in the hands of God
1342	Pride and Prejudice	Jane Austen	Neither Jane nor Elizabeth were comfortable on this subject
345	Dracula	Bram Stoker	I have been curious, too, as to what you mean
345	Dracula	Bram Stoker	This was before they came to Fundu, so they could not tell us whether the boat turned into the Bistritza or continued on up the Sereth
345	Dracula	Bram Stoker	Hawkins, from whom I have heard
1342	Pride and Prejudice	Jane Austen	But in an instant arose the dreadful suspicion of his being purposely omitted, for Mr
345	Dracula	Bram Stoker	Van Helsing, what I have to tell you is so queer that you must not laugh at me or at my husband
1342	Pride and Prejudice	Jane Austen	It is highly improper
1342	Pride and Prejudice	Jane Austen	It will save me a world of trouble and economy
345	Dracula	Bram Stoker	I give rein to them, and they go on so patient
345	Dracula	Bram Stoker	but the supersteetion of foreigners is pairfectly rideeculous
345	Dracula	Bram Stoker	The others were dazed at first, but as remembrance came back to them they cried and sobbed in a hysterical manner
345	Dracula	Bram Stoker	It was with very considerable difficulty that they got him back to the house and put him in the padded room
345	Dracula	Bram Stoker	Then there is more to do; but not like this of to-night
345	Dracula	Bram Stoker	He come on moonlight rays as elemental dust--as again Jonathan saw those sisters in the castle of Dracula
1342	Pride and Prejudice	Jane Austen	She remembered that he had yet to learn to be laughed at, and it was rather too early to begin
1661	The Adventures of Sherlock Holmes	Arthur Conan Doyle	Just a trifle more, I fancy, Watson
345	Dracula	Bram Stoker	I dared not leave it, so shouted for the mate
1342	Pride and Prejudice	Jane Austen	Perhaps I did not always love him so well as I do now; but in such cases as these a good memory is unpardonable
345	Dracula	Bram Stoker	All we knew was that one earth-box remained, and that the Count alone knew where it was
345	Dracula	Bram Stoker	The Professor and I looked at each other for an instant, and somehow we both seemed relieved
1342	Pride and Prejudice	Jane Austen	There he had talked to her friends when he could not to herself
345	Dracula	Bram Stoker	Will you never learn
1661	The Adventures of Sherlock Holmes	Arthur Conan Doyle	He had remained with Horner some little time, but had finally been called away
1342	Pride and Prejudice	Jane Austen	Wickham, who had returned with him the day before from town, and, he was happy to say, had accepted a commission in their corps
345	Dracula	Bram Stoker	He is finite, though he is powerful to do much harm and suffers not as we do
1661	The Adventures of Sherlock Holmes	Arthur Conan Doyle	And yet there was but one woman to him, and that woman was the late Irene Adler, of dubious and questionable memory
345	Dracula	Bram Stoker	I took my way to Paddington, where I arrived about fifteen minutes before the train came in
345	Dracula	Bram Stoker	Van Helsing did not seem to notice my silence; at any rate, he showed neither chagrin nor triumph
1342	Pride and Prejudice	Jane Austen	I have faults enough, but they are not, I hope, of understanding
345	Dracula	Bram Stoker	She did not seem surprised to see me, as, of course, she did not realise all at once where she was
1661	The Adventures of Sherlock Holmes	Arthur Conan Doyle	The bedrooms in this wing are on the ground floor, the sitting-rooms being in the central block of the buildings
345	Dracula	Bram Stoker	One of the women jumped forward and opened it
345	Dracula	Bram Stoker	This stake must be driven through her
345	Dracula	Bram Stoker	The Herr is not expected after all
1661	The Adventures of Sherlock Holmes	Arthur Conan Doyle	It was not that he felt any emotion akin to love for Irene Adler
1342	Pride and Prejudice	Jane Austen	When first he came in, he had spoken to her but little, but every five minutes seemed to be giving her more of his attention
345	Dracula	Bram Stoker	Your bedroom is all ready, and to-morrow you shall sleep as late as you will
1342	Pride and Prejudice	Jane Austen	Now, Lizzy, I think I _have_ surprised you
345	Dracula	Bram Stoker	Presently he took an opportunity of telling Mrs
1661	The Adventures of Sherlock Holmes	Arthur Conan Doyle	It was not mere curiosity, though I have my share of that
1661	The Adventures of Sherlock Holmes	Arthur Conan Doyle	My stepdaughter has been here
1342	Pride and Prejudice	Jane Austen	This was one point, with regard to Lydia at least, which was now to be settled, and Mr
345	Dracula	Bram Stoker	Issue was joined in an instant
1661	The Adventures of Sherlock Holmes	Arthur Conan Doyle	Hardy, who used to be our foreman, and it was there I met Mr
1342	Pride and Prejudice	Jane Austen	[Illustration] [Illustration] CHAPTER VI
1342	Pride and Prejudice	Jane Austen	She felt it to be the probable consequence of her allusions to Mr
345	Dracula	Bram Stoker	I shall lock the door and secure the key the same as before, though I do not expect any trouble to-night
1342	Pride and Prejudice	Jane Austen	It became her turn to listen
11	Alice's Adventures in Wonderland	Lewis Carroll	The White Rabbit put on his spectacles
345	Dracula	Bram Stoker	It was startlingly like the image conveyed to me in Dr
345	Dracula	Bram Stoker	I could see that he had something on his mind which he wanted to say, but felt some hesitancy about broaching the subject
1342	Pride and Prejudice	Jane Austen	Bennet sat quite still, and unable to utter a syllable
345	Dracula	Bram Stoker	I suppose now you do not believe in corporeal transference
1342	Pride and Prejudice	Jane Austen	Nothing could console and nothing appease her
345	Dracula	Bram Stoker	My friend has now a whole colony of sparrows, and his flies and spiders are almost obliterated
345	Dracula	Bram Stoker	Our evening was a very, very happy one
345	Dracula	Bram Stoker	He seems to have some settled scheme of his own, but what it is I do not yet know
345	Dracula	Bram Stoker	I have not seen anything pulled down so quick since I was on the Pampas and had a mare that I was fond of go to grass all in a night
11	Alice's Adventures in Wonderland	Lewis Carroll	I wish you were down here with me
1661	The Adventures of Sherlock Holmes	Arthur Conan Doyle	People tell me that I have spoiled him
1342	Pride and Prejudice	Jane Austen	Lizzy, my dear, run down to your father, and ask him how much he will give her
1661	The Adventures of Sherlock Holmes	Arthur Conan Doyle	The machine goes readily enough, but there is some stiffness in the working of it, and it has lost a little of its force
345	Dracula	Bram Stoker	If so that, then what about the others
1342	Pride and Prejudice	Jane Austen	Next to being married, a girl likes to be crossed in love a little now and then
345	Dracula	Bram Stoker	I got up and looked out, and He raised his hands, and seemed to call out without using any words
345	Dracula	Bram Stoker	Lucy had a headache and went early to bed
345	Dracula	Bram Stoker	I can see the characteristics of the vampire coming in her face
345	Dracula	Bram Stoker	You can help me here
1661	The Adventures of Sherlock Holmes	Arthur Conan Doyle	That is as much as I have been able to gather about the families
345	Dracula	Bram Stoker	Even friend Jonathan, who lived with him for weeks, did never see him to eat, never
345	Dracula	Bram Stoker	He said that in all his life he had never had so favourable a run
1661	The Adventures of Sherlock Holmes	Arthur Conan Doyle	He opened the yellow envelope, and then, glancing at the message, threw it across to me
345	Dracula	Bram Stoker	I think had there been any alternative I should have taken it, instead of prosecuting that unknown night journey
1342	Pride and Prejudice	Jane Austen	Any place would do of about three or four hundred a year; but, however, do not speak to Mr
345	Dracula	Bram Stoker	Then the dogs howled, away beyond the dark trees in His house
1661	The Adventures of Sherlock Holmes	Arthur Conan Doyle	To the best of his belief, the father was actually in sight at the time, and the son was following him
345	Dracula	Bram Stoker	I shall then say what I have done and propose doing
345	Dracula	Bram Stoker	I may take it, sir, that you are anxious of result
345	Dracula	Bram Stoker	But before we go let me see you armed against personal attack
345	Dracula	Bram Stoker	He spoke to me, Mina, very straightforwardly
1342	Pride and Prejudice	Jane Austen	Darcy did not wish for cards, and Mr
345	Dracula	Bram Stoker	Kneeling on the near edge of the bed facing outwards was the white-clad figure of his wife
1342	Pride and Prejudice	Jane Austen	She saw the indelicacy of putting himself forward as he had done, and the inconsistency of his professions with his conduct
1342	Pride and Prejudice	Jane Austen	You mentioned _two_ instances
1342	Pride and Prejudice	Jane Austen	She was now in an irritation as violent from delight as she had ever been fidgety from alarm and vexation
345	Dracula	Bram Stoker	See, I place them myself in your room
1342	Pride and Prejudice	Jane Austen	I have nothing either to hope or fear, and nothing to reproach him with
1342	Pride and Prejudice	Jane Austen	The principal purport of his letter was to inform them, that Mr
1342	Pride and Prejudice	Jane Austen	_That_ would be the greatest misfortune of all
1661	The Adventures of Sherlock Holmes	Arthur Conan Doyle	It becomes a personal matter with me now, and, if God sends me health, I shall set my hand upon this gang
345	Dracula	Bram Stoker	We must push on; we shall never feel happy till we get the launch in sight again
1661	The Adventures of Sherlock Holmes	Arthur Conan Doyle	His face was bent downward, his shoulders bowed, his lips compressed, and the veins stood out like whipcord in his long, sinewy neck
1342	Pride and Prejudice	Jane Austen	But, really, I know not what to say
345	Dracula	Bram Stoker	If only there were a sufficient cause
1342	Pride and Prejudice	Jane Austen	Bennet to find comfort in staying at home at any period of her life
1661	The Adventures of Sherlock Holmes	Arthur Conan Doyle	I inquired of him whether he had ever heard of Colonel Lysander Stark
345	Dracula	Bram Stoker	I am busy, I need not tell you, arranging things and housekeeping
345	Dracula	Bram Stoker	We get hot soup, or coffee, or tea; and off we go
1661	The Adventures of Sherlock Holmes	Arthur Conan Doyle	See paragraph 1.E below
345	Dracula	Bram Stoker	We had a happy surprise at breakfast
345	Dracula	Bram Stoker	Nay, it help him to grow as to his brain; for it all prove to him how right he was at the first in his surmises
1661	The Adventures of Sherlock Holmes	Arthur Conan Doyle	When I had made it clear to them, I returned to the main chamber of the machine and took a good look at it to satisfy my own curiosity
345	Dracula	Bram Stoker	When we part to-night, you no more must question
1661	The Adventures of Sherlock Holmes	Arthur Conan Doyle	And why could he not write
345	Dracula	Bram Stoker	Lucy was breathing somewhat stertorously, and her face was at its worst, for the open mouth showed the pale gums
1342	Pride and Prejudice	Jane Austen	No, Lizzy, let me once in my life feel how much I have been to blame
11	Alice's Adventures in Wonderland	Lewis Carroll	Alice gave a little scream of laughter
1661	The Adventures of Sherlock Holmes	Arthur Conan Doyle	It seems to me, Ryder, that there is the making of a very pretty villain in you
1661	The Adventures of Sherlock Holmes	Arthur Conan Doyle	Our own door flew open, and a lady, clad in some dark-coloured stuff, with a black veil, entered the room
345	Dracula	Bram Stoker	Every hour seemed to be enhancing her loveliness
1342	Pride and Prejudice	Jane Austen	Jane had been a week in town, without either seeing or hearing from Caroline
345	Dracula	Bram Stoker	Van Helsing, you try me too far
345	Dracula	Bram Stoker	To allay it, I shall to-day search entire ship carefully from stem to stern
345	Dracula	Bram Stoker	He is a doctor and really clever
345	Dracula	Bram Stoker	Van Helsing says that our chance will be to get on the boat between sunrise and sunset
1342	Pride and Prejudice	Jane Austen	Let me do it without further loss of time
1342	Pride and Prejudice	Jane Austen	They could describe an entertainment with accuracy, relate an anecdote with humour, and laugh at their acquaintance with spirit
345	Dracula	Bram Stoker	But no more think that I am all sorry when I cry, for the laugh he come just the same
1342	Pride and Prejudice	Jane Austen	When is your turn to come
345	Dracula	Bram Stoker	Besides, I have nothing to tell you
345	Dracula	Bram Stoker	I smiled and nodded, and laid my finger on my lips; with a sigh, she sank back amid her pillows
1342	Pride and Prejudice	Jane Austen	A lively imagination soon settled it all
345	Dracula	Bram Stoker	I have grown quite fond of the garlic, and a boxful arrives for me every day from Haarlem
345	Dracula	Bram Stoker	These infinitesimal distinctions between man and man are too paltry for an Omnipotent Being
345	Dracula	Bram Stoker	I believe Van Helsing saw it, too, for I saw the quick look under his bushy brows that I knew of old
345	Dracula	Bram Stoker	This was continued for a few moments; then it softened into a glad surprise, and from the lips came a sigh of relief
1342	Pride and Prejudice	Jane Austen	As her successor in that house, she regarded her with jealous abhorrence
1661	The Adventures of Sherlock Holmes	Arthur Conan Doyle	His hair, too, as he swept off his very curly-brimmed hat, was grizzled round the edges and thin upon the top
1661	The Adventures of Sherlock Holmes	Arthur Conan Doyle	Then he stepped into the cab, and in half an hour we were back in the sitting-room at Baker Street
345	Dracula	Bram Stoker	Is there fate amongst us still, sent down from the pagan world of old, that such things must be, and in such way
1661	The Adventures of Sherlock Holmes	Arthur Conan Doyle	It seldom was; but he was glad, I think, to see me
1342	Pride and Prejudice	Jane Austen	But now it was all too natural
345	Dracula	Bram Stoker	Make yourself strong
345	Dracula	Bram Stoker	She rose obedient, but when she have made a step she stopped, and stood as one stricken
1342	Pride and Prejudice	Jane Austen	At Brighton she will be of less importance even as a common flirt than she has been here
1661	The Adventures of Sherlock Holmes	Arthur Conan Doyle	Sherlock Holmes sat silent for some few minutes, with his brows knitted and his eyes fixed upon the fire
1342	Pride and Prejudice	Jane Austen	We had better not mention it
1661	The Adventures of Sherlock Holmes	Arthur Conan Doyle	Round this corner were three doors in a line, the first and third of which were open
1342	Pride and Prejudice	Jane Austen	Bingley and Jane, however, soon allowed the others to outstrip them
1342	Pride and Prejudice	Jane Austen	Wickham ought not to be a clergyman
1661	The Adventures of Sherlock Holmes	Arthur Conan Doyle	A vague feeling of uneasiness began to steal over me
345	Dracula	Bram Stoker	I wonder why he was so anxious about these flowers
345	Dracula	Bram Stoker	See you now, friend John
1342	Pride and Prejudice	Jane Austen	Of having another daughter married to Mr
1661	The Adventures of Sherlock Holmes	Arthur Conan Doyle	The Copper Beeches, five miles on the far side of Winchester
1661	The Adventures of Sherlock Holmes	Arthur Conan Doyle	Of course there is only one feasible explanation
1342	Pride and Prejudice	Jane Austen	You will hardly blame me for refusing to comply with this entreaty, or for resisting every repetition of it
1661	The Adventures of Sherlock Holmes	Arthur Conan Doyle	Her light grey eyes wandered continually from one to the other, noting every little want and forestalling it if possible
1342	Pride and Prejudice	Jane Austen	Her mother would talk of her views in the same intelligible tone
1342	Pride and Prejudice	Jane Austen	Bingley was good-looking and gentlemanlike: he had a pleasant countenance, and easy, unaffected manners
1342	Pride and Prejudice	Jane Austen	Darcy is engaged to _my daughter_
1342	Pride and Prejudice	Jane Austen	They owed the restoration of Lydia, her character, everything to him
1342	Pride and Prejudice	Jane Austen	Gardiner, Wickham had one means of affording pleasure, unconnected with his general powers
345	Dracula	Bram Stoker	He replied, without turning round, that they had all flown away
345	Dracula	Bram Stoker	To-night I go to prove it
1342	Pride and Prejudice	Jane Austen	Balls will be absolutely prohibited, unless you stand up with one of your sisters
345	Dracula	Bram Stoker	There is also the instruction to Petrof Skinsky
345	Dracula	Bram Stoker	I must not wish you no pain, for that can never be; but I do hope you will be _always_ as happy as I am _now_
345	Dracula	Bram Stoker	I shall try to cheer up when Arthur comes, or else I know he will be miserable to see me so
1342	Pride and Prejudice	Jane Austen	Annesley is with her
11	Alice's Adventures in Wonderland	Lewis Carroll	So they got thrown out to sea
345	Dracula	Bram Stoker	Harker could not quite hear or understand
1661	The Adventures of Sherlock Holmes	Arthur Conan Doyle	I threw myself, screaming, against the door, and dragged with my nails at the lock
345	Dracula	Bram Stoker	Do you know all the mystery of life and death
1661	The Adventures of Sherlock Holmes	Arthur Conan Doyle	Beside this table, on the wooden chair, sat Dr
1342	Pride and Prejudice	Jane Austen	how rich and how great you will be
1661	The Adventures of Sherlock Holmes	Arthur Conan Doyle	I had not gone more than 150 yards, however, when I heard a hideous outcry behind me, which caused me to run back again
1342	Pride and Prejudice	Jane Austen	Thank God I have not _that_ pain
345	Dracula	Bram Stoker	I have myself, since you came down, prepared your chamber by the placing of things of which we know, so that He may not enter
345	Dracula	Bram Stoker	Had it been but one, it had been easy, comparative
345	Dracula	Bram Stoker	You have copied maps of it, and you know it at least more than we do
345	Dracula	Bram Stoker	I am growing weaker, and the night is coming on
1661	The Adventures of Sherlock Holmes	Arthur Conan Doyle	Clair has entered it never to leave it more
345	Dracula	Bram Stoker	I suppose it was the recollection, so powerfully brought home to me by the grim surroundings, of that terrible experience in Transylvania
1342	Pride and Prejudice	Jane Austen	Her colour changed, and she said no more
345	Dracula	Bram Stoker	And yet he must have known how terribly anxious I was
345	Dracula	Bram Stoker	As they saw the parcel he realised my meaning
1342	Pride and Prejudice	Jane Austen	The quiet, the retirement of such a life, would have answered all my ideas of happiness
345	Dracula	Bram Stoker	I trust her feeling ill may not be from that unlucky prick of the safety-pin
1342	Pride and Prejudice	Jane Austen	Let me know everything that I am to know without delay
1661	The Adventures of Sherlock Holmes	Arthur Conan Doyle	Three of our boys were killed, however, before we got the swag
345	Dracula	Bram Stoker	Friend John, it does rejoice me unspeakable that she is no more to be pained, no more to be worried with our terrible things
345	Dracula	Bram Stoker	There must be no shock; any knowledge of this would be one
345	Dracula	Bram Stoker	For a moment or two we stood appalled, all save Lord Godalming, who was seemingly prepared for such an emergency
345	Dracula	Bram Stoker	He have infect you--oh, forgive me, my dear, that I must say such; but it is for good of you that I speak
1342	Pride and Prejudice	Jane Austen	Bennet; and, as he spoke, he left the room, fatigued with the raptures of his wife
345	Dracula	Bram Stoker	Under the efforts of both men the lid began to yield; the nails drew with a quick screeching sound, and the top of the box was thrown back
1342	Pride and Prejudice	Jane Austen	Darcy, I am a very selfish creature, and for the sake of giving relief to my own feelings care not how much I may be wounding yours
1661	The Adventures of Sherlock Holmes	Arthur Conan Doyle	Here is where the party with the lodge-keeper came, and they have covered all tracks for six or eight feet round the body
1342	Pride and Prejudice	Jane Austen	Sir William had been delighted with him
1661	The Adventures of Sherlock Holmes	Arthur Conan Doyle	Rucastle took me to a small outhouse which stands near the kitchen door
345	Dracula	Bram Stoker	What a fine fellow is Quincey
345	Dracula	Bram Stoker	It was that night after you left me, when I implored you to let me go away
1342	Pride and Prejudice	Jane Austen	What do you keep winking at me for
345	Dracula	Bram Stoker	And then the writhing and quivering of the body became less, and the teeth seemed to champ, and the face to quiver
345	Dracula	Bram Stoker	I was becoming hypnotised
1661	The Adventures of Sherlock Holmes	Arthur Conan Doyle	There is only one point on which I must insist
1342	Pride and Prejudice	Jane Austen	But I cannot find out that Jane saw anything of him in London
1342	Pride and Prejudice	Jane Austen	They had several children
1342	Pride and Prejudice	Jane Austen	Collins sat down to quadrille; and as Miss De Bourgh chose to play at cassino, the two girls had the honour of assisting Mrs
1342	Pride and Prejudice	Jane Austen	Put them next to your great-uncle the judge
345	Dracula	Bram Stoker	The Count, even if he takes the form of a bat, cannot cross the running water of his own volition, and so cannot leave the ship
345	Dracula	Bram Stoker	That is to be empiric
345	Dracula	Bram Stoker	But the door would not move
1661	The Adventures of Sherlock Holmes	Arthur Conan Doyle	I have here four letters which purport to come from the missing man
1342	Pride and Prejudice	Jane Austen	Bennet, and was a great comfort to them in their hours of freedom
1342	Pride and Prejudice	Jane Austen	Bennet by admiring Mrs
1661	The Adventures of Sherlock Holmes	Arthur Conan Doyle	Even after I became suspicious, I found it hard to think evil of such a dear, kind old clergyman
345	Dracula	Bram Stoker	On the watch last night I saw It, like a man, tall and thin, and ghastly pale
1661	The Adventures of Sherlock Holmes	Arthur Conan Doyle	Clair, which lay uncovered as the tide receded
1342	Pride and Prejudice	Jane Austen	Much as I abominate writing, I would not give up Mr
1661	The Adventures of Sherlock Holmes	Arthur Conan Doyle	Some of them were of the war time and showed that he had done his duty well and had borne the repute of a brave soldier
345	Dracula	Bram Stoker	The velvet band again covered the red mark
345	Dracula	Bram Stoker	There was a delicious irony in the offer, in the courtliness of giving preference on such a ghastly occasion
1661	The Adventures of Sherlock Holmes	Arthur Conan Doyle	She came with an excellent character, however, and has always given me satisfaction
1661	The Adventures of Sherlock Holmes	Arthur Conan Doyle	If the latter, it was less likely
345	Dracula	Bram Stoker	How shall we find his where; and having found it, how can we destroy
1342	Pride and Prejudice	Jane Austen	Four weeks passed away, and Jane saw nothing of him
1342	Pride and Prejudice	Jane Austen	And now nothing remains for me but to assure you in the most animated language of the violence of my affection
1342	Pride and Prejudice	Jane Austen	Hurst, who had married a man of more fashion than fortune, less disposed to consider his house as her home when it suited her
345	Dracula	Bram Stoker	Then he deliberately set himself down to prepare for the task
1342	Pride and Prejudice	Jane Austen	Gardiner he was scarcely a less interesting personage than to herself
1342	Pride and Prejudice	Jane Austen	A great deal more passed at the other table
345	Dracula	Bram Stoker	I will strengthen me with breakfast, and then I will to my terrible work
1342	Pride and Prejudice	Jane Austen	Elizabeth could but just _affect_ concern in missing him; she really rejoiced at it
1342	Pride and Prejudice	Jane Austen	Kitty, run down and order the carriage
1661	The Adventures of Sherlock Holmes	Arthur Conan Doyle	He hurried to his chamber and was down again in a few minutes dressed as a common loafer
1661	The Adventures of Sherlock Holmes	Arthur Conan Doyle	The other was his singular dying reference to a rat
1342	Pride and Prejudice	Jane Austen	It was Lady Catherine de Bourgh
345	Dracula	Bram Stoker	I wish I were with you, dear, sitting by the fire undressing, as we used to sit; and I would try to tell you what I feel
1661	The Adventures of Sherlock Holmes	Arthur Conan Doyle	Shall be glad if you will come with me
345	Dracula	Bram Stoker	Harker evidently meant to try the matter, for he had ready his great Kukri knife and made a fierce and sudden cut at him
1661	The Adventures of Sherlock Holmes	Arthur Conan Doyle	You see this other page in red ink
345	Dracula	Bram Stoker	Van Helsing was gazing at him with a look of utmost intensity, his bushy eyebrows almost meeting with the fixed concentration of his look
1661	The Adventures of Sherlock Holmes	Arthur Conan Doyle	My marriage had drifted us away from each other
1661	The Adventures of Sherlock Holmes	Arthur Conan Doyle	It seemed to me to be something grey in colour, a coat of some sort, or a plaid perhaps
345	Dracula	Bram Stoker	In any case I could not mistake the hands which I had had so many opportunities of studying
345	Dracula	Bram Stoker	As there were only the big wooden boxes, there were no odd corners where a man could hide
345	Dracula	Bram Stoker	You and I must watch the case, and we must have none other to know
1661	The Adventures of Sherlock Holmes	Arthur Conan Doyle	However innocent he might be, he could not be such an absolute imbecile as not to see that the circumstances were very black against him
1342	Pride and Prejudice	Jane Austen	Darcy danced only once with Mrs
1342	Pride and Prejudice	Jane Austen	You must contrive to send somebody
345	Dracula	Bram Stoker	When I got to the doorway at the top of the stairs I found it closed
1342	Pride and Prejudice	Jane Austen	That the wish of giving happiness to you might add force to the other inducements which led me on, I shall not attempt to deny
1661	The Adventures of Sherlock Holmes	Arthur Conan Doyle	A few seconds sufficed to satisfy him, for he sprang to his feet again and put his glass in his pocket
1661	The Adventures of Sherlock Holmes	Arthur Conan Doyle	The place we want must be somewhere near that line
345	Dracula	Bram Stoker	It soon passed, however, and once more his glasses were fixed on the plain
1342	Pride and Prejudice	Jane Austen	After this period, every appearance of acquaintance was dropped
345	Dracula	Bram Stoker	The man was simply fastened by his hands, tied one over the other, to a spoke of the wheel
1661	The Adventures of Sherlock Holmes	Arthur Conan Doyle	I turned the key gently in the lock, opened the door, and slipped through
345	Dracula	Bram Stoker	When I had done, I looked for a bell, so that I might let the servants know I had finished; but I could not find one
345	Dracula	Bram Stoker	Poor fellow, maybe he is thinking, and I can see his face all wrinkled up with the concentration of his thoughts
1342	Pride and Prejudice	Jane Austen	Make haste, make haste
345	Dracula	Bram Stoker	There is a strange heaviness in the air--I say heaviness for want of a better word; I mean that it oppresses us both
345	Dracula	Bram Stoker	I put him in your window, I make pretty wreath, and hang him round your neck, so that you sleep well
1661	The Adventures of Sherlock Holmes	Arthur Conan Doyle	Well, there is nothing very instructive in all this
1342	Pride and Prejudice	Jane Austen	Elizabeth was now most heartily sorry that she had, from the distress of the moment, been led to make Mr
1342	Pride and Prejudice	Jane Austen	I am very glad you have somebody who thinks of those things
1342	Pride and Prejudice	Jane Austen	Their engagements at Rosings were as frequent during the last week of her stay as they had been at first
345	Dracula	Bram Stoker	It turns out that the schooner is a Russian from Varna, and is called the _Demeter_
345	Dracula	Bram Stoker	By-and-by we find all the things which Jonathan have note in that wonderful diary of him
345	Dracula	Bram Stoker	As I came close, she put up her hand in her sleep and pulled the collar of her nightdress close around her throat
1661	The Adventures of Sherlock Holmes	Arthur Conan Doyle	There were four protruding fingers and a horrid red, spongy surface where the thumb should have been
1342	Pride and Prejudice	Jane Austen	You will hardly bear to be long outdone by Jane
1661	The Adventures of Sherlock Holmes	Arthur Conan Doyle	Of course I never doubted for a moment that my first duty was now to him, and I determined to do just whatever he might direct
345	Dracula	Bram Stoker	At home in Exeter I always used to make up the time-tables, so as to be helpful to my husband
345	Dracula	Bram Stoker	The first thing is to realise exactly what he has done as yet; we may, then, get a light on what his later task is to be
1342	Pride and Prejudice	Jane Austen	The prospect of such delights was very cheering, and they parted in mutual good spirits
345	Dracula	Bram Stoker	I am sure it is only necessary to put before so admirable a practitioner as Dr
345	Dracula	Bram Stoker	For the first week after his attack he was perpetually violent
345	Dracula	Bram Stoker	I am called; the patient has once more escaped
1342	Pride and Prejudice	Jane Austen	There is not one of his tenants or servants but what will give him a good name
1342	Pride and Prejudice	Jane Austen	The whole of what Elizabeth had already heard, his claims on Mr
345	Dracula	Bram Stoker	I thought it was some trick of the moonlight, some weird effect of shadow; but I kept looking, and it could be no delusion
345	Dracula	Bram Stoker	Oh, Jonathan, you will, I know, forgive me if I do wrong, but it is for your own dear sake
1342	Pride and Prejudice	Jane Austen	It amazes me, I confess; for certainly there can be nothing so advantageous to them as instruction
1342	Pride and Prejudice	Jane Austen	Her heart was divided between concern for her sister and resentment against all others
345	Dracula	Bram Stoker	Van Helsing, and ask him to kindly come here at once
345	Dracula	Bram Stoker	I hope I did right in not saying anything of it to Mrs
1661	The Adventures of Sherlock Holmes	Arthur Conan Doyle	Suddenly a door opened at the other end of the passage, and a long, golden bar of light shot out in our direction
345	Dracula	Bram Stoker	Harker, alone of our party, did not show any signs of emotion
345	Dracula	Bram Stoker	I wish you could be coming home soon enough to stay with us here
1661	The Adventures of Sherlock Holmes	Arthur Conan Doyle	He rummaged in his coat pocket, and, drawing out a piece of discoloured, blue-tinted paper, he laid it out upon the table
345	Dracula	Bram Stoker	The poor fellow is overwhelmed in a misery that is appalling to see
345	Dracula	Bram Stoker	It has the same tiny wound in the throat as has been noticed in other cases
345	Dracula	Bram Stoker	But there was no sign of movement, no pulse, no breath, no beating of the heart
1661	The Adventures of Sherlock Holmes	Arthur Conan Doyle	Redistribution is subject to the trademark license, especially commercial redistribution
1342	Pride and Prejudice	Jane Austen	Bingley and Jane were standing together a little detached from the rest, and talked only to each other
1661	The Adventures of Sherlock Holmes	Arthur Conan Doyle	Rucastle met me here and drove me in his dog-cart to the Copper Beeches
1342	Pride and Prejudice	Jane Austen	If this be the case, he deserves you
345	Dracula	Bram Stoker	I went back to the room, and taking a lamp, tried all the doors
345	Dracula	Bram Stoker	Oh, so painful that it heart-break me to think of; but it must be
345	Dracula	Bram Stoker	There was a far-away look in her eyes, and her voice had a sad dreaminess which was new to me
345	Dracula	Bram Stoker	I am no longer young; and my heart, through weary years of mourning over the dead, is not attuned to mirth
1661	The Adventures of Sherlock Holmes	Arthur Conan Doyle	My dear wife knew that I had business in the City
1342	Pride and Prejudice	Jane Austen	it is very hard to think that she might have been Mr
345	Dracula	Bram Stoker	She stopped and wanted to insist upon my taking my shoes; but I would not
1661	The Adventures of Sherlock Holmes	Arthur Conan Doyle	Petrified with astonishment, the lad slipped on some clothes and waited there in the dark to see what would come of this strange affair
345	Dracula	Bram Stoker	The bundle of letters relating to the purchase of the house were with the typescript
1661	The Adventures of Sherlock Holmes	Arthur Conan Doyle	Then suddenly realising the exposure, he broke into a scream and threw himself down with his face to the pillow
1342	Pride and Prejudice	Jane Austen	Bingley must be down again in the summer
345	Dracula	Bram Stoker	We should have ready some plan of attack, so that we may throw away no chance
1661	The Adventures of Sherlock Holmes	Arthur Conan Doyle	Already I was unable to stand erect, when my eye caught something which brought a gush of hope back to my heart
345	Dracula	Bram Stoker	Keeping my cab at the gate, I went up the avenue alone
345	Dracula	Bram Stoker	No man knows, till he experiences it, what it is to feel his own life-blood drawn away into the veins of the woman he loves
1342	Pride and Prejudice	Jane Austen	Their father then went to the library to write, and the girls walked into the breakfast-room
345	Dracula	Bram Stoker	I daresay poor old Mr
1342	Pride and Prejudice	Jane Austen	He keeps a man-servant, does he
1342	Pride and Prejudice	Jane Austen	Such a countenance, such manners, and so extremely accomplished for her age
345	Dracula	Bram Stoker	When a sharp puff came it seemed to be like a distant gun
1661	The Adventures of Sherlock Holmes	Arthur Conan Doyle	It was a quiet, little, plainly furnished room, with a round table in the centre, on which several German books were scattered
345	Dracula	Bram Stoker	With hands that trembled with eagerness, I unhooked the chains and drew back the massive bolts
1342	Pride and Prejudice	Jane Austen	Her understanding excellent, her mind improved, and her manners captivating
345	Dracula	Bram Stoker	Mate now more demoralised than either of men
1661	The Adventures of Sherlock Holmes	Arthur Conan Doyle	But then it occurred to me that there might be a search in the room, and that the clothes might betray me
345	Dracula	Bram Stoker	I waved my hand to her, and nodded to tell that our work there was successfully accomplished
1342	Pride and Prejudice	Jane Austen	In the first place, he must make such an agreement for tithes as may be beneficial to himself and not offensive to his patron
345	Dracula	Bram Stoker	The mews were active, the Piccadilly houses being mostly in occupation
1661	The Adventures of Sherlock Holmes	Arthur Conan Doyle	The question now was, who was the man, and who was it brought him the coronet
1661	The Adventures of Sherlock Holmes	Arthur Conan Doyle	She was very independent in little matters like that
345	Dracula	Bram Stoker	It cannot have gone too far yet
345	Dracula	Bram Stoker	Whilst I was looking at the books, the door opened, and the Count entered
1661	The Adventures of Sherlock Holmes	Arthur Conan Doyle	So long was he that Mr
345	Dracula	Bram Stoker	When, an hour or two after, the Count came quietly into the room, his coming awakened me, for I had gone to sleep on the sofa
345	Dracula	Bram Stoker	He came away, fondly looking back over his shoulder at her as he came
345	Dracula	Bram Stoker	His very heart was bleeding, and it took all the manhood of him--and there was a royal lot of it, too--to keep him from breaking down
345	Dracula	Bram Stoker	She was alarmed, but not nearly so much as I expected to find her
345	Dracula	Bram Stoker	At the end of it is a buoy with a bell, which swings in bad weather, and sends in a mournful sound on the wind
1661	The Adventures of Sherlock Holmes	Arthur Conan Doyle	Its disappearance, however, was but momentary
1342	Pride and Prejudice	Jane Austen	It is a grievous affair to my poor girls, you must confess
345	Dracula	Bram Stoker	He had evidently expected some such call, for I found him dressed in his room
1661	The Adventures of Sherlock Holmes	Arthur Conan Doyle	He followed me to my room, however, that night with a very grave face
345	Dracula	Bram Stoker	I doubt; I fear; I think strange things, which I dare not confess to my own soul
11	Alice's Adventures in Wonderland	Lewis Carroll	No, there were no tears
1342	Pride and Prejudice	Jane Austen	He began to feel the danger of paying Elizabeth too much attention
345	Dracula	Bram Stoker	I can go with you now, if you like
345	Dracula	Bram Stoker	And yet that man we saw yesterday
1342	Pride and Prejudice	Jane Austen	Darcy was punctual in his return, and, as Lydia informed you, attended the wedding
1661	The Adventures of Sherlock Holmes	Arthur Conan Doyle	It is a hobby of mine to have an exact knowledge of London
345	Dracula	Bram Stoker	My arms are hungry for you
1661	The Adventures of Sherlock Holmes	Arthur Conan Doyle	Colonel Stark laid down the lamp on the top of a harmonium beside the door
1342	Pride and Prejudice	Jane Austen	They were of course all intending to be surprised: but their astonishment was beyond their expectation; and on the part of Mrs
1342	Pride and Prejudice	Jane Austen	gave them to understand that they were going to Gretna Green, something was dropped by Denny expressing his belief that W
1661	The Adventures of Sherlock Holmes	Arthur Conan Doyle	Hardy, the foreman; but when Mr
1661	The Adventures of Sherlock Holmes	Arthur Conan Doyle	I have three maid-servants who have been with me a number of years and whose absolute reliability is quite above suspicion
345	Dracula	Bram Stoker	With a glad heart, I opened my door and ran down to the hall
1342	Pride and Prejudice	Jane Austen	He was well, but so much engaged with Mr
1661	The Adventures of Sherlock Holmes	Arthur Conan Doyle	I know that everything was turning round, and the words of the clergyman were just like the buzz of a bee in my ear
345	Dracula	Bram Stoker	I had heard that madmen have unnatural strength; and as I knew I was a madman--at times anyhow--I resolved to use my power
345	Dracula	Bram Stoker	With some little difficulty--for it was very dark, and the whole place seemed so strange to us--we found the Westenra tomb
345	Dracula	Bram Stoker	He had found a wonderful spot, a sort of natural hollow in a rock, with an entrance like a doorway between two boulders
1661	The Adventures of Sherlock Holmes	Arthur Conan Doyle	He held in his hand a sheet of blue paper, scrawled over with notes and figures
1661	The Adventures of Sherlock Holmes	Arthur Conan Doyle	That left foot of yours with its inward twist is all over the place
345	Dracula	Bram Stoker	By memory of his diary I found my way to the old chapel, for I knew that here my work lay
345	Dracula	Bram Stoker	It did not convey much to me, until I reached a passage where it described small punctured wounds on their throats
345	Dracula	Bram Stoker	I came tiptoe into our own room, and found Mina asleep, breathing so softly that I had to put my ear down to hear it
1661	The Adventures of Sherlock Holmes	Arthur Conan Doyle	It has become known that we have never had occasion to unpack the money, and that it is still lying in our cellar
1342	Pride and Prejudice	Jane Austen	His own father did not long survive mine; and within half a year from these events Mr
345	Dracula	Bram Stoker	The Professor and I took it in turns to watch, and we never left her for a moment unattended
1342	Pride and Prejudice	Jane Austen	If there were anyone that one could apply to, with a probability of gaining such a clue as that, it might be of essential consequence
11	Alice's Adventures in Wonderland	Lewis Carroll	The Knave shook his head sadly
345	Dracula	Bram Stoker	I closed my eyes, but could still see through my eyelids
1342	Pride and Prejudice	Jane Austen	Younge was, he knew, intimately acquainted with Wickham; and he went to her for intelligence of him, as soon as he got to town
11	Alice's Adventures in Wonderland	Lewis Carroll	So she went in search of her hedgehog
345	Dracula	Bram Stoker	Here I am noble; I am _boyar_; the common people know me, and I am master
1342	Pride and Prejudice	Jane Austen	On being made acquainted with the present Mr
1342	Pride and Prejudice	Jane Austen	Both changed colour, one looked white, the other red
345	Dracula	Bram Stoker	Van Helsing and I tried to calm them both
345	Dracula	Bram Stoker	She did not flinch from the pain which I knew she must have suffered, but looked at him with eyes that were more appealing than ever
1342	Pride and Prejudice	Jane Austen	I am sorry for her, because, with her disposition, she may not get over it immediately
1661	The Adventures of Sherlock Holmes	Arthur Conan Doyle	I sprang up and lit the lamp, but nothing was to be seen in the room
345	Dracula	Bram Stoker	Harker realised the danger herself, it was much pain as well as much danger averted
1342	Pride and Prejudice	Jane Austen	Bingley and his eldest sister, to observe the game
1342	Pride and Prejudice	Jane Austen	Bennet got rid of her two most deserving daughters
345	Dracula	Bram Stoker	But we are strong, each in our purpose; and we are all more strong together
1342	Pride and Prejudice	Jane Austen	[Illustration] CHAPTER LXI
345	Dracula	Bram Stoker	The child gave a sharp cry, and lay there moaning
1661	The Adventures of Sherlock Holmes	Arthur Conan Doyle	A mole could trace it, and there it vanishes among the reeds
1342	Pride and Prejudice	Jane Austen	Well, he is a very undeserving young man--and I do not suppose there is the least chance in the world of her ever getting him now
345	Dracula	Bram Stoker	See, I have cried even when the laugh did choke me
1342	Pride and Prejudice	Jane Austen	You know I always speak my mind, and I cannot bear the idea of two young women travelling post by themselves
345	Dracula	Bram Stoker	Now let me guard yourself
1342	Pride and Prejudice	Jane Austen	Bingley was everything that was charming, except the professed lover of her daughter
1342	Pride and Prejudice	Jane Austen	[Illustration] Within a short walk of Longbourn lived a family with whom the Bennets were particularly intimate
345	Dracula	Bram Stoker	But as I did so the head turned, and the eyes fell full upon me, with all their blaze of basilisk horror
345	Dracula	Bram Stoker	He had not loved her as I had, and there was no need for tears in his eyes
345	Dracula	Bram Stoker	There are books here you are sure to want--some, possibly, that you have _always_ wanted
1342	Pride and Prejudice	Jane Austen	Their powers of conversation were considerable
1342	Pride and Prejudice	Jane Austen	She had been graciously pleased to approve of both the discourses which he had already had the honour of preaching before her
1661	The Adventures of Sherlock Holmes	Arthur Conan Doyle	I have given you all the facts
1661	The Adventures of Sherlock Holmes	Arthur Conan Doyle	Well, a cheetah is just a big cat, and yet a saucer of milk does not go very far in satisfying its wants, I daresay
345	Dracula	Bram Stoker	Let me tell you that so you will know what we four know already, for I have tell them
345	Dracula	Bram Stoker	Then there came a sudden peace to me
345	Dracula	Bram Stoker	There must be no tears now--unless it may be that God will let them fall in gladness
345	Dracula	Bram Stoker	I will pledge my life on it
1342	Pride and Prejudice	Jane Austen	Not that I have much pleasure, indeed, in talking to anybody
1342	Pride and Prejudice	Jane Austen	[Illustration] The discussion of Mr
345	Dracula	Bram Stoker	So we then can discuss how we shall act, and can take our measure according
1661	The Adventures of Sherlock Holmes	Arthur Conan Doyle	Then the fact that the two men were never together, but that the one always appeared when the other was away, was suggestive
345	Dracula	Bram Stoker	He, our enemy, have gone away; he have gone back to his Castle in Transylvania
345	Dracula	Bram Stoker	We shall tell you all in good time
1661	The Adventures of Sherlock Holmes	Arthur Conan Doyle	Some of the blows of my cane came home and roused its snakish temper, so that it flew upon the first person it saw
1342	Pride and Prejudice	Jane Austen	They repulsed every attempt of Mrs
1342	Pride and Prejudice	Jane Austen	The officer was the very Mr
345	Dracula	Bram Stoker	He restored the sheet to its place, and we came away
1342	Pride and Prejudice	Jane Austen	Gardiner, who was walking arm in arm with Elizabeth, gave her a look expressive of her wonder
1342	Pride and Prejudice	Jane Austen	After sitting a few minutes, they were all sent to one of the windows to admire the view, Mr
345	Dracula	Bram Stoker	I have not had the heart to write
345	Dracula	Bram Stoker	Hawkins wants to tell him all about the clients
1342	Pride and Prejudice	Jane Austen	Bennet had married, economy was held to be perfectly useless; for, of course, they were to have a son
345	Dracula	Bram Stoker	At Fundu we could not hear of any such boat, so she must have passed there in the night
345	Dracula	Bram Stoker	They are devils of the Pit
345	Dracula	Bram Stoker	so wild and rocky, as though it were the end of the world
345	Dracula	Bram Stoker	Seward for a moment, and told him where I was off to, promising to come back and tell the rest so soon as I should have found out anything
1661	The Adventures of Sherlock Holmes	Arthur Conan Doyle	Sir, I can stand this strain no longer; I shall go mad if it continues
345	Dracula	Bram Stoker	Towards morning I slept and was wakened by the continuous knocking at my door, so I guess I must have been sleeping soundly then
345	Dracula	Bram Stoker	Poor fellows, neither of them is aware that I know all about the proposals they made to Lucy
1342	Pride and Prejudice	Jane Austen	Sir William could not have interrupted any two people in the room who had less to say for themselves
1342	Pride and Prejudice	Jane Austen	I had no notion but he would go a-shooting, or something or other, and not disturb us with his company
345	Dracula	Bram Stoker	I have no doubt she guesses, if she does not know, what need of caution there is
345	Dracula	Bram Stoker	Your letter home has been despatched; to-morrow I shall not be here, but all shall be ready for your journey
1342	Pride and Prejudice	Jane Austen	He smiled, looked handsome, and said many pretty things
1661	The Adventures of Sherlock Holmes	Arthur Conan Doyle	The bird gave a gulp, and I felt the stone pass along its gullet and down into its crop
345	Dracula	Bram Stoker	Holmwood fell in love with her seeing her only in the drawing-room, I wonder what he would say if he saw her now
1661	The Adventures of Sherlock Holmes	Arthur Conan Doyle	McCarthy the elder using very strong language to his son, and she saw the latter raise up his hand as if to strike his father
1342	Pride and Prejudice	Jane Austen	[Illustration: _To J
1661	The Adventures of Sherlock Holmes	Arthur Conan Doyle	what a blind fool I have been
1661	The Adventures of Sherlock Holmes	Arthur Conan Doyle	And into her sitting-room, which was the very room which I suspected
1342	Pride and Prejudice	Jane Austen	We will go round the park every day
1342	Pride and Prejudice	Jane Austen	Bennet, you are wanted immediately; we are all in an uproar
345	Dracula	Bram Stoker	We must sterilise this earth, so sacred of holy memories, that he has brought from a far distant land for such fell use
1342	Pride and Prejudice	Jane Austen	But now it comes out
345	Dracula	Bram Stoker	Then through the darkness I could see a sort of patch of grey light ahead of us, as though there were a cleft in the hills
345	Dracula	Bram Stoker	There, it is all out
345	Dracula	Bram Stoker	He did not remain long, but said he would look in later in the day and see Lord Godalming
1342	Pride and Prejudice	Jane Austen	Not handsome enough to dance with
345	Dracula	Bram Stoker	We have all the maps and appliances of various kinds that can be had
345	Dracula	Bram Stoker	These fancies to stray are most dangerous; and if the child were to remain out another night, it would probably be fatal
1661	The Adventures of Sherlock Holmes	Arthur Conan Doyle	The table was set out ready for me, and Mr
345	Dracula	Bram Stoker	I thought that perhaps she was looking out for me, so I opened my handkerchief and waved it
1661	The Adventures of Sherlock Holmes	Arthur Conan Doyle	I thought that he was delirious
345	Dracula	Bram Stoker	Mina is sleeping, and sleeping without dreams
345	Dracula	Bram Stoker	Before sunrise and sunset, however, she is very wakeful and alert; and it has become a habit for Van Helsing to hypnotise her at such times
345	Dracula	Bram Stoker	Van Helsing and I looked at each other with understanding
345	Dracula	Bram Stoker	He says that by dinner-time they will be able to show a whole connected narrative
345	Dracula	Bram Stoker	I wished to get down and walk up them, as we do at home, but the driver would not hear of it
1342	Pride and Prejudice	Jane Austen	Nothing occurred between them that could justify the hopes of his sister
345	Dracula	Bram Stoker	We could hear the distant howling of wolves
345	Dracula	Bram Stoker	She trembled a little, and clung to me; when I told her to come at once with me home she rose without a word, with the obedience of a child
1661	The Adventures of Sherlock Holmes	Arthur Conan Doyle	It was a homely little room, with a low ceiling and a gaping fireplace, after the fashion of old country-houses
345	Dracula	Bram Stoker	I should have remembered
1342	Pride and Prejudice	Jane Austen	He was on one side of her mother
345	Dracula	Bram Stoker	Looking out on this, I felt that I was indeed in prison, and I seemed to want a breath of fresh air, though it were of the night
1661	The Adventures of Sherlock Holmes	Arthur Conan Doyle	I know, also, that they were all three away from the ship last night
1661	The Adventures of Sherlock Holmes	Arthur Conan Doyle	I might at any moment be seized and searched, and there would be the stone in my waistcoat pocket
1342	Pride and Prejudice	Jane Austen	[Illustration] The ladies of Longbourn soon waited on those of Netherfield
1661	The Adventures of Sherlock Holmes	Arthur Conan Doyle	I found the ash of a cigar, which my special knowledge of tobacco ashes enables me to pronounce as an Indian cigar
1661	The Adventures of Sherlock Holmes	Arthur Conan Doyle	One was an old woman, whose name is not mentioned, and the other was William Crowder, a game-keeper in the employ of Mr
1661	The Adventures of Sherlock Holmes	Arthur Conan Doyle	It is most refreshingly unusual
345	Dracula	Bram Stoker	He was some little time away, and I began to look at some of the books around me
345	Dracula	Bram Stoker	But the instant she had disappeared he pulled me, suddenly and forcibly, into the dining-room and closed the door
1661	The Adventures of Sherlock Holmes	Arthur Conan Doyle	And yet I need not tell you that my mind was far from at ease, and that I was well-nigh certain that some foul plot had been woven round him
1661	The Adventures of Sherlock Holmes	Arthur Conan Doyle	Yes, 17 King Edward Street, near St
345	Dracula	Bram Stoker	Taking his field-glasses from the case, he stood on the top of the rock, and began to search the horizon
345	Dracula	Bram Stoker	There we saw the Captain, Donelson by name, who told us of his voyage
1342	Pride and Prejudice	Jane Austen	And what sort of table do they keep
1342	Pride and Prejudice	Jane Austen	Fixed there by the keenest of all anguish, self-reproach, she could find no interval of ease or forgetfulness
345	Dracula	Bram Stoker	Again the operation; again the narcotic; again some return of colour to the ashy cheeks, and the regular breathing of healthy sleep
1342	Pride and Prejudice	Jane Austen	He simpers, and smirks, and makes love to us all
345	Dracula	Bram Stoker	In a long life of acts which were often not pleasant to do, and which sometimes did wring my heart, I have never had so heavy a task as now
1342	Pride and Prejudice	Jane Austen	In this danger Kitty is also comprehended
1342	Pride and Prejudice	Jane Austen	Do not involve yourself, or endeavour to involve him, in an affection which the want of fortune would make so very imprudent
1342	Pride and Prejudice	Jane Austen	I must confess myself surprised by your application; I did not expect it from _you_
345	Dracula	Bram Stoker	His call seemed to be answered from far and wide by the howling of wolves
1661	The Adventures of Sherlock Holmes	Arthur Conan Doyle	I think that it is quite clear that there must be more than one of them
345	Dracula	Bram Stoker	The driver again took his seat, and shaking his reins, started off at a great pace
1342	Pride and Prejudice	Jane Austen	Collins, when he returned to Longbourn to dinner, to drop no hint of what had passed before any of the family
1661	The Adventures of Sherlock Holmes	Arthur Conan Doyle	What could that something be
1661	The Adventures of Sherlock Holmes	Arthur Conan Doyle	There was but one way for it
345	Dracula	Bram Stoker	But these are not all, there is to her the silence now often; as so it was with Miss Lucy
345	Dracula	Bram Stoker	I stay here to-night, and I shall sit up with little miss myself
1342	Pride and Prejudice	Jane Austen	She saw that he wanted to engage her on the old subject of his grievances, and she was in no humour to indulge him
1342	Pride and Prejudice	Jane Austen	Very few days passed in which Mr
345	Dracula	Bram Stoker	I had now an opportunity of observing him, and found him of a very marked physiognomy
345	Dracula	Bram Stoker	I suppose it is a part of the horrible curse that such is, when his touch is on his victim
345	Dracula	Bram Stoker	But even yet I do not expect you to believe
345	Dracula	Bram Stoker	The sight was almost too much for me
1661	The Adventures of Sherlock Holmes	Arthur Conan Doyle	It was in the latter days of September, and the equinoctial gales had set in with exceptional violence
345	Dracula	Bram Stoker	The dark man kept his eyes fixed on her, and when the carriage moved up Piccadilly he followed in the same direction, and hailed a hansom
1342	Pride and Prejudice	Jane Austen	In pompous nothings on his side, and civil assents on that of his cousins, their time passed till they entered Meryton
345	Dracula	Bram Stoker	The girl went on her knees, and bent over me, simply gloating
345	Dracula	Bram Stoker	I think that the digression of my thoughts must have done me good, for when I got back to bed I found a lethargy creeping over me
345	Dracula	Bram Stoker	They surrounded it in a cluster, and hurried along as though beset
1661	The Adventures of Sherlock Holmes	Arthur Conan Doyle	The cabman said that he could not imagine what had become of him, for he had seen him get in with his own eyes
1661	The Adventures of Sherlock Holmes	Arthur Conan Doyle	McCarthy was very anxious that there should be a marriage between us
1342	Pride and Prejudice	Jane Austen	Darcy, was in such misery of shame that she could hardly keep her seat
1661	The Adventures of Sherlock Holmes	Arthur Conan Doyle	Etherege, whose husband you found so easy when the police and everyone had given him up for dead
345	Dracula	Bram Stoker	We soldered up the leaden coffin, screwed on the coffin-lid, and gathering up our belongings, came away
1661	The Adventures of Sherlock Holmes	Arthur Conan Doyle	As I passed his pew on the way out I dropped my bouquet over to him, and he slipped the note into my hand when he returned me the flowers
1342	Pride and Prejudice	Jane Austen	[Illustration: M^{rs} Bennet and her two youngest girls [_Copyright 1894 by George Allen._]] CHAPTER IX
1661	The Adventures of Sherlock Holmes	Arthur Conan Doyle	Here is the first heading upon which I come
1661	The Adventures of Sherlock Holmes	Arthur Conan Doyle	My attention was speedily drawn, as I have already remarked to you, to this ventilator, and to the bell-rope which hung down to the bed
345	Dracula	Bram Stoker	Are you mad to speak such things, or am I mad to listen to them
1342	Pride and Prejudice	Jane Austen	there is not a bit of fish to be got to-day
1661	The Adventures of Sherlock Holmes	Arthur Conan Doyle	It must be done at once
345	Dracula	Bram Stoker	Hawkins, he began to ask me how I had come across so suitable a place
345	Dracula	Bram Stoker	I woke Madam Mina, and again tried to hypnotise her; but alas
1342	Pride and Prejudice	Jane Austen	The rector of a parish has much to do
11	Alice's Adventures in Wonderland	Lewis Carroll	While she was looking at the place where it had been, it suddenly appeared again
1661	The Adventures of Sherlock Holmes	Arthur Conan Doyle	I walked round it and examined it closely from every point of view, but without noting anything else of interest
1342	Pride and Prejudice	Jane Austen	Their manner of living, even when the restoration of peace dismissed them to a home, was unsettled in the extreme
11	Alice's Adventures in Wonderland	Lewis Carroll	Our family always _hated_ cats: nasty, low, vulgar things
345	Dracula	Bram Stoker	I did not wish to seem too eager, or to let my informant know or guess too much, so, thanking him in the usual manner, I strolled away
345	Dracula	Bram Stoker	Hawkins dead and buried, and Jonathan with another attack that may harm him
1342	Pride and Prejudice	Jane Austen	A most delightful place
345	Dracula	Bram Stoker	You do not need any help
1661	The Adventures of Sherlock Holmes	Arthur Conan Doyle	But then the impossibility of the thing obtruded itself upon me
1342	Pride and Prejudice	Jane Austen	It was not without an effort, meanwhile, that she could wait even for Longbourn, before she told her sister of Mr
1342	Pride and Prejudice	Jane Austen	But I knew not--I was afraid of doing too much
1661	The Adventures of Sherlock Holmes	Arthur Conan Doyle	He stretched out his long arm to turn the lamp away from himself and towards the vacant chair upon which a newcomer must sit
345	Dracula	Bram Stoker	I sometimes think we must be all mad and that we shall wake to sanity in strait-waistcoats
345	Dracula	Bram Stoker	I shall not fear to sleep in any place where he is not
1342	Pride and Prejudice	Jane Austen	All that is known after this is, that they were seen to continue the London road
345	Dracula	Bram Stoker	And, too, it made me think of the wonderful power of money
345	Dracula	Bram Stoker	This he was to give in charge to a certain Petrof Skinsky, who dealt with the Slovaks who traded down the river to the port
345	Dracula	Bram Stoker	He will let two scientists see his case, if he will not let two friends
345	Dracula	Bram Stoker	The sun rise up, and up, and up; and then sleep come to her too late, but so heavy that she will not wake
1661	The Adventures of Sherlock Holmes	Arthur Conan Doyle	One was buttoned only in the two lower buttons out of five, and the other at the first, third, and fifth
1342	Pride and Prejudice	Jane Austen	For my part, I am determined never to speak of it again to anybody
1661	The Adventures of Sherlock Holmes	Arthur Conan Doyle	Nothing but energy can save you
1342	Pride and Prejudice	Jane Austen	is not disposed to depend upon their marriage: he shook his head when I expressed my hopes, and said he feared W
345	Dracula	Bram Stoker	Just then the whistle blew, and the train moved off
1342	Pride and Prejudice	Jane Austen	I was not in a humour to wait for an opening of yours
1342	Pride and Prejudice	Jane Austen	Elizabeth had the satisfaction of seeing her father taking pains to get acquainted with him; and Mr
345	Dracula	Bram Stoker	And oh, my God, my God, pity me
345	Dracula	Bram Stoker	I went over to it softly, and peeped out by the corner of the blind
345	Dracula	Bram Stoker	Last night I went to bed when the men had gone, simply because they told me to
345	Dracula	Bram Stoker	I know that when the Count wills me I must go
1342	Pride and Prejudice	Jane Austen	Gardiner went away in all the perplexity about Elizabeth and her Derbyshire friend, that had attended her from that part of the world
1342	Pride and Prejudice	Jane Austen	Whatever he said, was said well; and whatever he did, done gracefully
1661	The Adventures of Sherlock Holmes	Arthur Conan Doyle	But he could not help me in any way
345	Dracula	Bram Stoker	I did so, and the day seemed just upon us
345	Dracula	Bram Stoker	Despises the meaner forms of life altogether, though he dreads being haunted by their souls
1661	The Adventures of Sherlock Holmes	Arthur Conan Doyle	Simon, tapping his fingers upon the table
1342	Pride and Prejudice	Jane Austen	Darcy, while viewing the place, instantly occurred
1661	The Adventures of Sherlock Holmes	Arthur Conan Doyle	If they had come from Pondicherry in a steamer they would have arrived almost as soon as their letter
345	Dracula	Bram Stoker	I could only redirect it and hand it to him in silence
1661	The Adventures of Sherlock Holmes	Arthur Conan Doyle	With a short greeting he seated himself and lit the cigar which had been offered to him
345	Dracula	Bram Stoker	The same power that compels her silence may compel her speech
1661	The Adventures of Sherlock Holmes	Arthur Conan Doyle	As I expected, his reply was typewritten and revealed the same trivial but characteristic defects
345	Dracula	Bram Stoker	But how is he experimenting
345	Dracula	Bram Stoker	Even my own terrible experiences in Castle Dracula seem like a long-forgotten dream
1342	Pride and Prejudice	Jane Austen	My good, kind brother
345	Dracula	Bram Stoker	There are so many things which may happen, and their ways and their ends are so various that until the moment we may not say
1342	Pride and Prejudice	Jane Austen	My reproofs at Hunsford could not work such a change as this
1342	Pride and Prejudice	Jane Austen	There can be no occasion for your going so soon
1661	The Adventures of Sherlock Holmes	Arthur Conan Doyle	When I came down, Mr
345	Dracula	Bram Stoker	Is it possible that love is all subjective, or all objective
1342	Pride and Prejudice	Jane Austen	I am going to-morrow where I shall find a man who has not one agreeable quality, who has neither manners nor sense to recommend him
1342	Pride and Prejudice	Jane Austen	She longed to inquire of the housekeeper whether her master were really absent, but had not courage for it
345	Dracula	Bram Stoker	Still, your mind works true, and argues not _a particulari ad universale_
11	Alice's Adventures in Wonderland	Lewis Carroll	He looked at Alice, and tried to speak, but for a minute or two sobs choked his voice
345	Dracula	Bram Stoker	One of them I knew was Jonathan, and the other I took, of course, to be Lord Godalming
1661	The Adventures of Sherlock Holmes	Arthur Conan Doyle	Its owner is unknown
1342	Pride and Prejudice	Jane Austen	But to live in ignorance on such a point was impossible; or at least it was impossible not to try for information
1342	Pride and Prejudice	Jane Austen	It is of all subjects my delight
345	Dracula	Bram Stoker	As you go by the 10:30 train, you will not have time to read them; but I shall get the bundle of papers
1342	Pride and Prejudice	Jane Austen	The party then gathered round the fire to hear Lady Catherine determine what weather they were to have on the morrow
345	Dracula	Bram Stoker	This time I watched whilst Van Helsing recruited himself and rested
1661	The Adventures of Sherlock Holmes	Arthur Conan Doyle	I cudgelled my brains to find some possible explanation
345	Dracula	Bram Stoker	Then came the welcome cock-crow, and I felt that I was safe
1661	The Adventures of Sherlock Holmes	Arthur Conan Doyle	And when he speaks of Irene Adler, or when he refers to her photograph, it is always under the honourable title of _the_ woman
345	Dracula	Bram Stoker	This time, after going to the far side of the Pass, he suddenly turned down a narrow roadway which ran sharply to the right
345	Dracula	Bram Stoker	It seemed as though the mountain range had separated two atmospheres, and that now we had got into the thunderous one
345	Dracula	Bram Stoker	He have take his last earth-box on board a ship, and he leave the land
1661	The Adventures of Sherlock Holmes	Arthur Conan Doyle	Simon had by no means relaxed his rigid attitude, but had listened with a frowning brow and a compressed lip to this long narrative
1342	Pride and Prejudice	Jane Austen	Collins, was a very genteel, pretty kind of girl
1342	Pride and Prejudice	Jane Austen	To persuade him against returning into Hertfordshire, when that conviction had been given, was scarcely the work of a moment
345	Dracula	Bram Stoker	Thank God for that mercy at all events, though the proving it has been dreadful
345	Dracula	Bram Stoker	The Professor looked pityingly at him
345	Dracula	Bram Stoker	Then the horror overcame me, and I sank down unconscious
345	Dracula	Bram Stoker	He might begin to think, and then--
345	Dracula	Bram Stoker	We did not lose any time in examining the chests
1661	The Adventures of Sherlock Holmes	Arthur Conan Doyle	Nothing less would bring a man out on such a day and at such an hour
345	Dracula	Bram Stoker	It seems to have made a new man of me
345	Dracula	Bram Stoker	For if not, why he hurry so
1661	The Adventures of Sherlock Holmes	Arthur Conan Doyle	Watson, before whom you can speak as freely as before myself
1342	Pride and Prejudice	Jane Austen	It was exactly a scene, and exactly among people, where he had apparently least to do, and least temptation to go
1661	The Adventures of Sherlock Holmes	Arthur Conan Doyle	Your right hand is quite a size larger than your left
345	Dracula	Bram Stoker	Van Helsing is laconic; he tells the farmers that he is hurrying to Bistritz, and pays them well to make the exchange of horses
1342	Pride and Prejudice	Jane Austen	Darcy and his relation Colonel Fitzwilliam, I was ignorant of the truth myself
345	Dracula	Bram Stoker	As I sat I heard a sound in the courtyard without--the agonised cry of a woman
1661	The Adventures of Sherlock Holmes	Arthur Conan Doyle	I would call your attention very particularly to two points
1661	The Adventures of Sherlock Holmes	Arthur Conan Doyle	I was keenly on my guard against him
345	Dracula	Bram Stoker	If you trust me not, then I must tell what I think; and that is not perhaps well
345	Dracula	Bram Stoker	We have now to deal with a new factor: Madam Mina
345	Dracula	Bram Stoker	He moved towards me so quickly that for the moment I feared that he was about to make another homicidal attack
345	Dracula	Bram Stoker	There is something of a guiding purpose manifest throughout, which is comforting
1661	The Adventures of Sherlock Holmes	Arthur Conan Doyle	Its splendour was in such contrast to his homely ways and simple life that I could not help commenting upon it
1342	Pride and Prejudice	Jane Austen	Collins from the guilt of inheriting Longbourn
345	Dracula	Bram Stoker	Some one has evidently been telling tales
345	Dracula	Bram Stoker	All night long I watched by her
1342	Pride and Prejudice	Jane Austen	Darcy half so well as I do my dear Wickham, you must be very happy
345	Dracula	Bram Stoker	At last we reached the wall of the churchyard, which we climbed over
345	Dracula	Bram Stoker	Quincey and I simultaneously moved towards him, and took his arms
1661	The Adventures of Sherlock Holmes	Arthur Conan Doyle	He appeared to be wrenching at it, or bending it with all his strength
1342	Pride and Prejudice	Jane Austen	Who would have thought it
345	Dracula	Bram Stoker	Just think, my dear--I have been thinking all this long, long day of it--that
1342	Pride and Prejudice	Jane Austen	Her aunt asked her, smilingly, how she liked it
345	Dracula	Bram Stoker	The maids were still breathing, but more restlessly, and I fancied that the narcotic was wearing off
345	Dracula	Bram Stoker	Oh, if we had only had them earlier we might have saved poor Lucy
345	Dracula	Bram Stoker	So I went back to bed again, but determined not to go to sleep
345	Dracula	Bram Stoker	If our young lover should turn up unexpected, as before, no word to him
1342	Pride and Prejudice	Jane Austen	My poor mother is really ill, and keeps her room
1661	The Adventures of Sherlock Holmes	Arthur Conan Doyle	It must have been this morning, or the mark would not remain clear upon the finger
345	Dracula	Bram Stoker	The time seemed interminable as we swept on our way, now in almost complete darkness, for the rolling clouds obscured the moon
345	Dracula	Bram Stoker	Should the letters not carry, then the Count shall not yet know my secret or the extent of my knowledge
345	Dracula	Bram Stoker	It is time that I go too
1661	The Adventures of Sherlock Holmes	Arthur Conan Doyle	Your wedding was arranged, then, for the Friday
345	Dracula	Bram Stoker	Could not account for it
345	Dracula	Bram Stoker	Your argument is complete, and if I were free to speak I should not hesitate a moment; but I am not my own master in the matter
345	Dracula	Bram Stoker	We are hedged in with difficulties, all of us, my poor old fellow; but, please God, we shall come through them all right
345	Dracula	Bram Stoker	I love her a thousand times more for her sweet pity of last night, a pity that made my own hate of the monster seem despicable
1342	Pride and Prejudice	Jane Austen	Her ease and good spirits increased
1661	The Adventures of Sherlock Holmes	Arthur Conan Doyle	You must find your own ink, pens, and blotting-paper, but we provide this table and chair
1661	The Adventures of Sherlock Holmes	Arthur Conan Doyle	I am glad to see that Mrs
1661	The Adventures of Sherlock Holmes	Arthur Conan Doyle	What does her clever stepfather do then
345	Dracula	Bram Stoker	He gave many flies to one spider and many spiders to one bird, and then wanted a cat to eat the many birds
1661	The Adventures of Sherlock Holmes	Arthur Conan Doyle	I read nothing except the criminal news and the agony column
1661	The Adventures of Sherlock Holmes	Arthur Conan Doyle	I could distinguish the outline of an instep where the wet foot had been placed in coming in
1661	The Adventures of Sherlock Holmes	Arthur Conan Doyle	Between your brandy and your bandage, I feel a new man
345	Dracula	Bram Stoker	Canvas and cordage strain and masts and yards creak
1342	Pride and Prejudice	Jane Austen	In a moment they were all out of the chaise, rejoicing at the sight of each other
1661	The Adventures of Sherlock Holmes	Arthur Conan Doyle	THE RED-HEADED LEAGUE I had called upon my friend, Mr
1342	Pride and Prejudice	Jane Austen	Jones should be sent for early in the morning, if Miss Bennet were not decidedly better
345	Dracula	Bram Stoker	He, rushing up the steps, crossed the flagged yard, and pushed open the stable door
1342	Pride and Prejudice	Jane Austen	Nothing is false; nothing is superfluous
345	Dracula	Bram Stoker	The silence finally became agonising
345	Dracula	Bram Stoker	However, he means to succeed, and a man who has centuries before him can afford to wait and to go slow
345	Dracula	Bram Stoker	This is a lovely place
345	Dracula	Bram Stoker	Then if he has feared of my trust I shall show it to him, with every thought of my heart put down for his dear eyes to read
1661	The Adventures of Sherlock Holmes	Arthur Conan Doyle	He chucked it down into a corner and helped himself to a cup of tea
11	Alice's Adventures in Wonderland	Lewis Carroll	So they got their tails fast in their mouths
1342	Pride and Prejudice	Jane Austen	How are they even to be discovered
345	Dracula	Bram Stoker	I am thin, so, with his aid, I got out, but feet foremost, and, as we were only a few feet above ground, landed unhurt
345	Dracula	Bram Stoker	That poor soul who has wrought all this misery is the saddest case of all
345	Dracula	Bram Stoker	Dare not lower, as could not raise them again
345	Dracula	Bram Stoker	He was sleeping soundly, and his heart rose and fell with regular respiration
1342	Pride and Prejudice	Jane Austen	She had turned away; but on hearing herself called, though in a voice which proved it to be Mr
1342	Pride and Prejudice	Jane Austen	To the little town of Lambton, the scene of Mrs
345	Dracula	Bram Stoker	I spent all yesterday trying to read, or lying down dozing
345	Dracula	Bram Stoker	The landlady is putting us up a huge basket of provisions; it seems enough for a company of soldiers
1342	Pride and Prejudice	Jane Austen	He is gone to my father already
345	Dracula	Bram Stoker	But I forget now if you know of this; you will find it in my diary which I shall show you later
1661	The Adventures of Sherlock Holmes	Arthur Conan Doyle	A double carriage-sweep, with a snow-clad lawn, stretched down in front to two large iron gates which closed the entrance
1661	The Adventures of Sherlock Holmes	Arthur Conan Doyle	I was speaking only half an hour ago to Mr
1342	Pride and Prejudice	Jane Austen	She had never seen a place for which nature had done more, or where natural beauty had been so little counteracted by an awkward taste
1342	Pride and Prejudice	Jane Austen	When the party broke up, Lydia returned with Mrs
345	Dracula	Bram Stoker	I sat down and talked with him on a lot of subjects, all of which he treated naturally
1661	The Adventures of Sherlock Holmes	Arthur Conan Doyle	I went to the altar with him with the intention to make him just as good a wife as it was in me to be
1342	Pride and Prejudice	Jane Austen	Take almost any Frenchman, except the late M
1661	The Adventures of Sherlock Holmes	Arthur Conan Doyle	You have not observed
345	Dracula	Bram Stoker	Then he very thoughtfully took a chair, with his back to me, so that I might be as free as possible, and began to read
1342	Pride and Prejudice	Jane Austen	After a slight preparation for good news, the letter was read aloud
1661	The Adventures of Sherlock Holmes	Arthur Conan Doyle	Another, Lucy Parr, the second waiting-maid, has only been in my service a few months
1342	Pride and Prejudice	Jane Austen	The Miss Webbs all play, and their father has not so good an income as yours
1342	Pride and Prejudice	Jane Austen	Gardiner, with their four children, did at length appear at Longbourn
1342	Pride and Prejudice	Jane Austen	If I had ever learnt, I should have been a great proficient
1342	Pride and Prejudice	Jane Austen	Not, however, from any fear of disadvantage from it individually to herself; for at any rate there seemed a gulf impassable between them
345	Dracula	Bram Stoker	I was in an agony of despair for a long time after you left me; it seemed hours
345	Dracula	Bram Stoker	Strangely enough, Lucy did not wake; but she got up twice and dressed herself
345	Dracula	Bram Stoker	I had never seen one, and was much interested
1661	The Adventures of Sherlock Holmes	Arthur Conan Doyle	Our visitor bore every mark of being an average commonplace British tradesman, obese, pompous, and slow
345	Dracula	Bram Stoker	He dared even to attend the Scholomance, and there was no branch of knowledge of his time that he did not essay
1342	Pride and Prejudice	Jane Austen	Console Lady Catherine as well as you can
345	Dracula	Bram Stoker	What shall any man say of his pleasure at meeting Van Helsing
345	Dracula	Bram Stoker	One of the maids ran off, hurried on some more clothes, and opened it
345	Dracula	Bram Stoker	He tells me that he is nearly a hundred, and that he was a sailor in the Greenland fishing fleet when Waterloo was fought
345	Dracula	Bram Stoker	You return to your beautiful England, I to some work which may have such an end that we may never meet
345	Dracula	Bram Stoker	In two or three minutes later Van Helsing was in the room in his dressing-gown, and Mr
1342	Pride and Prejudice	Jane Austen	I am glad he is gone
1661	The Adventures of Sherlock Holmes	Arthur Conan Doyle	Your affection for Arthur blinds you as to the awful consequences to me
345	Dracula	Bram Stoker	Fancy _me_ hurting _you_
1342	Pride and Prejudice	Jane Austen	Wickham, undoubtedly by design; for there proved to have been a prior acquaintance between him and Mrs
1342	Pride and Prejudice	Jane Austen	Follies and nonsense, whims and inconsistencies, _do_ divert me, I own, and I laugh at them whenever I can
345	Dracula	Bram Stoker	Joseph Smollet at home and in his shirtsleeves, taking a late tea out of a saucer
1661	The Adventures of Sherlock Holmes	Arthur Conan Doyle	He is as brave as a bulldog and as tenacious as a lobster if he gets his claws upon anyone
1661	The Adventures of Sherlock Holmes	Arthur Conan Doyle	Then there was the peculiar dying reference to a rat
1661	The Adventures of Sherlock Holmes	Arthur Conan Doyle	It was easy to see that she was passionately devoted both to her husband and to her little son
1342	Pride and Prejudice	Jane Austen	It had not been very great; he had lost every point; but when Mrs
345	Dracula	Bram Stoker	The water rose and rose; and he began to fear that he would lose the tide altogether
1661	The Adventures of Sherlock Holmes	Arthur Conan Doyle	Her jacket was black, with black beads sewn upon it, and a fringe of little black jet ornaments
345	Dracula	Bram Stoker	The poor fellow was laid to rest quite near our seat so that we stood on it when the time came and saw everything
1342	Pride and Prejudice	Jane Austen	Collins allowed him to speak, replied with an air of distant civility
345	Dracula	Bram Stoker	As for Arthur, he seemed under a spell; moving his hands from his face, he opened wide his arms
1661	The Adventures of Sherlock Holmes	Arthur Conan Doyle	But a human body is a different matter
345	Dracula	Bram Stoker	Only at certain times can he have limited freedom
345	Dracula	Bram Stoker	My dear, my dear, your ears must tingle as you sleep, as mine do waking
1342	Pride and Prejudice	Jane Austen	They talked of his sister, his friends, his house, his fruit, of everything but himself; yet Elizabeth was longing to know what Mrs
345	Dracula	Bram Stoker	Then I shall never know the real truth now
345	Dracula	Bram Stoker	Early this morning, one crew took us for a Government boat, and treated us accordingly
345	Dracula	Bram Stoker	Nothing is too small
1342	Pride and Prejudice	Jane Austen	Darcy called, and was shut up with him several hours
1342	Pride and Prejudice	Jane Austen	[Illustration] CHAPTER XL
345	Dracula	Bram Stoker	It was a hot day for autumn, and there was a comfortable seat in a shady place
345	Dracula	Bram Stoker	Friend John, this has been a great hour; and it have done much to advance us on our way
1661	The Adventures of Sherlock Holmes	Arthur Conan Doyle	He never spoke of the softer passions, save with a gibe and a sneer
345	Dracula	Bram Stoker	I suppose I was hysterical, for I threw myself on my knees and held up my hands to him, and implored him to make my husband well again
345	Dracula	Bram Stoker	His moods have so followed the doings of the Count, that the coming destruction of the monster may be carried to him in some subtle way
1661	The Adventures of Sherlock Holmes	Arthur Conan Doyle	I had heard of him before as being a man of evil reputation among women
1661	The Adventures of Sherlock Holmes	Arthur Conan Doyle	This man, however, was leaning against the railings which bordered our field and was looking earnestly up
1661	The Adventures of Sherlock Holmes	Arthur Conan Doyle	Give him a dash of brandy
345	Dracula	Bram Stoker	Jonathan was a man of much thankfulness; but see, his wife have all the good things
1661	The Adventures of Sherlock Holmes	Arthur Conan Doyle	The stage lost a fine actor, even as science lost an acute reasoner, when he became a specialist in crime
1342	Pride and Prejudice	Jane Austen	There was no want of discourse
345	Dracula	Bram Stoker	I slept till late in the day, and awoke of my own accord
1661	The Adventures of Sherlock Holmes	Arthur Conan Doyle	I know that he is right
345	Dracula	Bram Stoker	There was an earthy smell, as of some dry miasma, which came through the fouler air
1661	The Adventures of Sherlock Holmes	Arthur Conan Doyle	Miss Stoner turned white to the lips as she listened
1342	Pride and Prejudice	Jane Austen	His surprise was great
345	Dracula	Bram Stoker	See, I lift you so that to swallow is easy
1342	Pride and Prejudice	Jane Austen	It was not known that Wickham had a single relation with whom he kept up any connection, and it was certain that he had no near one living
345	Dracula	Bram Stoker	You shall be sorry yet, each one of you
345	Dracula	Bram Stoker	I grew dreadfully afraid, and the horses shared my fear
345	Dracula	Bram Stoker	I am going among the latter, who claim to be descended from Attila and the Huns
345	Dracula	Bram Stoker	If I could only get into his room
345	Dracula	Bram Stoker	I was not afraid, but I did wish that Dr
1342	Pride and Prejudice	Jane Austen	His countenance rather gained in austerity; and he scarcely opened his lips
345	Dracula	Bram Stoker	I got up quietly, and pulling aside the blind, looked out
345	Dracula	Bram Stoker	True, he might escape at night; but what would he be, if left in a strange place with no refuge that he could fly to
1661	The Adventures of Sherlock Holmes	Arthur Conan Doyle	There only remains Mrs
345	Dracula	Bram Stoker	It was without a scratch or scar of any kind
1661	The Adventures of Sherlock Holmes	Arthur Conan Doyle	I caught it, and prying its bill open, I thrust the stone down its throat as far as my finger could reach
1342	Pride and Prejudice	Jane Austen	Bennet was most pressingly civil in her hope of seeing the whole family soon at Longbourn; and addressed herself particularly to Mr
1661	The Adventures of Sherlock Holmes	Arthur Conan Doyle	He made a sweeping bow to the three of us and walked quietly off in the custody of the detective
1661	The Adventures of Sherlock Holmes	Arthur Conan Doyle	It seems that a young lady has arrived in a considerable state of excitement, who insists upon seeing me
345	Dracula	Bram Stoker	She is bad, very, very bad
345	Dracula	Bram Stoker	He find ship going by the route he came, and he go in it
345	Dracula	Bram Stoker	I am longing to be with you, and by the sea, where we can talk together freely and build our castles in the air
345	Dracula	Bram Stoker	I do not suppose there will be much of interest to other people; but it is not intended for them
1661	The Adventures of Sherlock Holmes	Arthur Conan Doyle	The door of Briony Lodge was open, and an elderly woman stood upon the steps
1661	The Adventures of Sherlock Holmes	Arthur Conan Doyle	I am going through the City first, and we can have some lunch on the way
345	Dracula	Bram Stoker	Mina sat rigid, and the Professor stood staring at her fixedly; the rest of us hardly dared to breathe
345	Dracula	Bram Stoker	That awful journal gets hold of my imagination and tinges everything with something of its own colour
1342	Pride and Prejudice	Jane Austen	Now, seriously, what have you ever known of self-denial and dependence
345	Dracula	Bram Stoker	Harker; either or both may possibly throw more light on what is happening
345	Dracula	Bram Stoker	But there remains a greater task: to find out the author of all this our sorrow and to stamp him out
345	Dracula	Bram Stoker	When the three men had gone out to their tasks Van Helsing asked Mrs
1661	The Adventures of Sherlock Holmes	Arthur Conan Doyle	As you observe, this woman had plush upon her sleeves, which is a most useful material for showing traces
345	Dracula	Bram Stoker	Arthur says I am getting fat
345	Dracula	Bram Stoker	At last, however, I found one door at the top of the stairway which, though it seemed to be locked, gave a little under pressure
345	Dracula	Bram Stoker	I suppose I shall never know, for I dare not open the subject to him
1342	Pride and Prejudice	Jane Austen	But our visitor was very obstinate
345	Dracula	Bram Stoker	Judge Moneybag will settle this case, I think
345	Dracula	Bram Stoker	I desire to go at once--here--now--this very hour--this very moment, if I may
1661	The Adventures of Sherlock Holmes	Arthur Conan Doyle	Never trust to general impressions, my boy, but concentrate yourself upon details
1661	The Adventures of Sherlock Holmes	Arthur Conan Doyle	It rested upon a heading which sent a chill to my heart
345	Dracula	Bram Stoker	The Professor encourages her, and whispers to me that it may be a week before we can get any good food again
345	Dracula	Bram Stoker	After a bit I began to grow anxious, for the loss of blood was telling on Arthur, strong man as he was
345	Dracula	Bram Stoker	At the Borgo Pass my carriage will await you and will bring you to me
1342	Pride and Prejudice	Jane Austen	I have done with you from this very day
345	Dracula	Bram Stoker	But, my child, do not despair; this knowledge come to him just too late
1342	Pride and Prejudice	Jane Austen	It had better have happened to _you_, Lizzy; you would have laughed yourself out of it sooner
345	Dracula	Bram Stoker	As yet I have not had the chance of looking at the papers which Van Helsing left with me, though they lie open before me
1342	Pride and Prejudice	Jane Austen	who have often disdained the generous candour of my sister, and gratified my vanity in useless or blameless distrust
1342	Pride and Prejudice	Jane Austen	Yet, indeed, I am in earnest
345	Dracula	Bram Stoker	I have thought of Lucy, and I shall not dishonour her by mixing the two
1661	The Adventures of Sherlock Holmes	Arthur Conan Doyle	He was trying to utter the name of his murderer
1661	The Adventures of Sherlock Holmes	Arthur Conan Doyle	Having found the ash, I then looked round and discovered the stump among the moss where he had tossed it
1342	Pride and Prejudice	Jane Austen	The attention of the younger ones was then no longer to be gained by _him_
1661	The Adventures of Sherlock Holmes	Arthur Conan Doyle	I do not know what I could do without her
1342	Pride and Prejudice	Jane Austen	It is very often nothing but our own vanity that deceives us
1661	The Adventures of Sherlock Holmes	Arthur Conan Doyle	I was standing, rapt in the peaceful beauty of the scene, when I was aware that something was moving under the shadow of the copper beeches
1661	The Adventures of Sherlock Holmes	Arthur Conan Doyle	I think that was the chain of events, Mr
345	Dracula	Bram Stoker	Jonathan kept staring at him, till I was afraid he would notice
1661	The Adventures of Sherlock Holmes	Arthur Conan Doyle	The other dived down the hole, and I heard the sound of rending cloth as Jones clutched at his skirts
345	Dracula	Bram Stoker	Madam Mina still sleeps; and, God be thanked
345	Dracula	Bram Stoker	I shall try to do what I see lady journalists do: interviewing and writing descriptions and trying to remember conversations
345	Dracula	Bram Stoker	The Professor sighed
1661	The Adventures of Sherlock Holmes	Arthur Conan Doyle	I know the military neatness which characterises you
1342	Pride and Prejudice	Jane Austen	As she went upstairs to get ready, Mrs
345	Dracula	Bram Stoker	I looked eagerly, and in the window of my own room saw Mina
1342	Pride and Prejudice	Jane Austen	His reception, however, was of the most flattering kind
1342	Pride and Prejudice	Jane Austen	If she heard me, it was by good luck, for I am sure she did not listen
345	Dracula	Bram Stoker	This startled me, but as the effect was only momentary, I took it that my eyes deceived me straining through the darkness
1661	The Adventures of Sherlock Holmes	Arthur Conan Doyle	I have no doubt at all that he had left it there
1342	Pride and Prejudice	Jane Austen	Bennet at conversation, and, by so doing, threw a languor over the whole party, which was very little relieved by the long speeches of Mr
345	Dracula	Bram Stoker	I am beginning to wonder if my long habit of life amongst the insane is beginning to tell upon my own brain
345	Dracula	Bram Stoker	There was one great tomb more lordly than all the rest; huge it was, and nobly proportioned
345	Dracula	Bram Stoker	Now that my work is done I, too, shall go to bed
1661	The Adventures of Sherlock Holmes	Arthur Conan Doyle	Now, I know that there are seventeen steps, because I have both seen and observed
345	Dracula	Bram Stoker	Oh, my love, I am so glad you have come
1342	Pride and Prejudice	Jane Austen	She had instinctively turned away; but stopping on his approach, received his compliments with an embarrassment impossible to be overcome
345	Dracula	Bram Stoker	Our ways are not your ways, and there shall be to you many strange things
345	Dracula	Bram Stoker	When the Professor was satisfied he called Arthur into the room, and bade him strip off his coat
1342	Pride and Prejudice	Jane Austen	Of neither Darcy nor Wickham could she think, without feeling that she had been blind, partial, prejudiced, absurd
345	Dracula	Bram Stoker	Thus we defeat him with his own weapon, for we make it more holy still
345	Dracula	Bram Stoker	We have seen it with our eyes
1661	The Adventures of Sherlock Holmes	Arthur Conan Doyle	Simon shrugged his shoulders and raised his eyebrows
345	Dracula	Bram Stoker	It is morning, and I write by a fire which all the night I have kept alive--Madam Mina aiding me
1661	The Adventures of Sherlock Holmes	Arthur Conan Doyle	These good people were absolutely ignorant that their land contained that which was quite as valuable as a gold-mine
1661	The Adventures of Sherlock Holmes	Arthur Conan Doyle	At last, however, the bumping of the road was exchanged for the crisp smoothness of a gravel-drive, and the carriage came to a stand
345	Dracula	Bram Stoker	On the stage they would be set down at once as some old Oriental band of brigands
1342	Pride and Prejudice	Jane Austen	But I believe your opinion of him would in general astonish--and, perhaps, you would not express it quite so strongly anywhere else
345	Dracula	Bram Stoker	I had only a couple of glasses of this, and nothing else
345	Dracula	Bram Stoker	There was springing up a choppy wind, and I could not leave the helm
1342	Pride and Prejudice	Jane Austen	But he found Lydia absolutely resolved on remaining where she was
1342	Pride and Prejudice	Jane Austen	Miss Bingley sees that her brother is in love with you and wants him to marry Miss Darcy
345	Dracula	Bram Stoker	We moistened the parched lips, and the patient quickly revived
1342	Pride and Prejudice	Jane Austen	It is a pity that great ladies in general are not more like her
345	Dracula	Bram Stoker	One of his neighbours, who did not seem to bear him any affection, said that he had gone away two days before, no one knew whither
1342	Pride and Prejudice	Jane Austen	Bennet and Lydia are going in the carriage to Meryton
345	Dracula	Bram Stoker	She sleep all the time; till at the last, I feel myself to suspicious grow, and attempt to wake her
345	Dracula	Bram Stoker	And now let us go home
1342	Pride and Prejudice	Jane Austen	When the card tables were placed, he had an opportunity of obliging her, in return, by sitting down to whist
345	Dracula	Bram Stoker	And then the horses cowered lower and lower, and moaned in terror as men do in pain
345	Dracula	Bram Stoker	Suddenly with a single bound he leaped into the room, winning a way past us before any of us could raise a hand to stay him
1342	Pride and Prejudice	Jane Austen	_My_ father began life in the profession which your uncle, Mr
345	Dracula	Bram Stoker	With the child-brain that was to him he have long since conceive the idea of coming to a great city
345	Dracula	Bram Stoker	I got ready food: but she would not eat, simply saying that she had not hunger
345	Dracula	Bram Stoker	Of bell or knocker there was no sign; through these frowning walls and dark window openings it was not likely that my voice could penetrate
1661	The Adventures of Sherlock Holmes	Arthur Conan Doyle	We live very quietly, sir, the three of us; and we keep a roof over our heads and pay our debts, if we do nothing more
11	Alice's Adventures in Wonderland	Lewis Carroll	However, she did not like to be rude, so she bore it as well as she could
1661	The Adventures of Sherlock Holmes	Arthur Conan Doyle	It was from her that I had your address
1342	Pride and Prejudice	Jane Austen	My feelings in every respect forbid it
1342	Pride and Prejudice	Jane Austen	Lady Catherine, Sir William, and Mr
1661	The Adventures of Sherlock Holmes	Arthur Conan Doyle	I leave my estate, with all its advantages and all its disadvantages, to my brother, your father, whence it will, no doubt, descend to you
345	Dracula	Bram Stoker	For, had she live one more day, we could have save her
345	Dracula	Bram Stoker	After a few seconds he rushed up on deck in his flannels
345	Dracula	Bram Stoker	I began to fear--horrible fears; but then came to me the sense of safety in that ring wherein I stood
345	Dracula	Bram Stoker	I have an appetite like a cormorant, am full of life, and sleep well
345	Dracula	Bram Stoker	But the room was awfully stuffy
1661	The Adventures of Sherlock Holmes	Arthur Conan Doyle	And now, Miss Stoner, we must leave you for if Dr
345	Dracula	Bram Stoker	All three had brilliant white teeth that shone like pearls against the ruby of their voluptuous lips
1342	Pride and Prejudice	Jane Austen	But it was not to be
1342	Pride and Prejudice	Jane Austen	She still cherished a very tender affection for Bingley
345	Dracula	Bram Stoker	We must wait till to-night
1342	Pride and Prejudice	Jane Austen	If, indeed, it should be so
1342	Pride and Prejudice	Jane Austen	Gardiner readily promised every assistance in his power
1342	Pride and Prejudice	Jane Austen	I was sure you loved your girls too well to neglect such an acquaintance
1661	The Adventures of Sherlock Holmes	Arthur Conan Doyle	Therefore it is upon the logic rather than upon the crime that you should dwell
1342	Pride and Prejudice	Jane Austen	Collins, the visit to Hunsford, the Derbyshire tour--fit in after the same unostentatious, but masterly fashion
1661	The Adventures of Sherlock Holmes	Arthur Conan Doyle	If Horner were in danger it would be another thing; but this fellow will not appear against him, and the case must collapse
1342	Pride and Prejudice	Jane Austen	He repeated the question, with some surprise at her silence
1342	Pride and Prejudice	Jane Austen	They were all of them warm in their admiration; and at that moment she felt that to be mistress of Pemberley might be something
1342	Pride and Prejudice	Jane Austen	They have not the same force or rapidity, and do not produce the same expression
345	Dracula	Bram Stoker	m._--I gave Renfield a strong opiate to-night, enough to make even him sleep, and took away his pocket-book to look at it
1661	The Adventures of Sherlock Holmes	Arthur Conan Doyle	God keep you out of the clutches of such a man as he
345	Dracula	Bram Stoker	The warlike days are over
1342	Pride and Prejudice	Jane Austen	So near a vicinity to her mother and Meryton relations was not desirable even to _his_ easy temper, or _her_ affectionate heart
11	Alice's Adventures in Wonderland	Lewis Carroll	This time there were _two_ little shrieks, and more sounds of broken glass
345	Dracula	Bram Stoker	You are the lover of our dear miss
1342	Pride and Prejudice	Jane Austen	She will be taken good care of
345	Dracula	Bram Stoker	Seeing that they were surrounded the men tightened their reins and drew up
345	Dracula	Bram Stoker	I saw a young woman do it once at the Eversfield Asylum before anyone could lay hands on her
345	Dracula	Bram Stoker	I trust you will find all you wish
345	Dracula	Bram Stoker	I hear water swirling by, level with my ears, and the creaking of wood on wood
345	Dracula	Bram Stoker	I told them that one life was bad enough to lose, and that if they delayed they would sacrifice Miss Lucy
1342	Pride and Prejudice	Jane Austen	After lamenting it, however, at some length, she had the consolation of thinking that Mr
345	Dracula	Bram Stoker	Goods are delivered in exact accordance with instructions, and keys left in parcel in main hall, as directed
345	Dracula	Bram Stoker	Thus, in order to be quite safe, we must leave here on 17th at latest
1342	Pride and Prejudice	Jane Austen	She saw herself the object of attention to tens and to scores of them at present unknown
1661	The Adventures of Sherlock Holmes	Arthur Conan Doyle	He was quietly dressed in a suit of heather tweed with a soft cloth cap which he had laid down upon my books
1661	The Adventures of Sherlock Holmes	Arthur Conan Doyle	I think that we may judge Lord St
345	Dracula	Bram Stoker	And if I work--as work I shall, no matter trust or no trust--without my friend trust in me, I work with heavy heart and feel, oh
1342	Pride and Prejudice	Jane Austen	Bennet was profuse in her acknowledgments
1342	Pride and Prejudice	Jane Austen	Elizabeth preserved as steady a silence as either Mrs
345	Dracula	Bram Stoker	The gentleman who saw me was particularly suave in manner, but uncommunicative in equal proportion
1342	Pride and Prejudice	Jane Austen	First, that you will allow me the free use of my understanding on the present occasion; and, secondly, of my room
345	Dracula	Bram Stoker	I may get some light on the mystery
1342	Pride and Prejudice	Jane Austen	A clergyman like you must marry
1661	The Adventures of Sherlock Holmes	Arthur Conan Doyle	It gave even my hardened nerves a shudder to look at it
345	Dracula	Bram Stoker	The red sunlight was shining on the windows of St
1342	Pride and Prejudice	Jane Austen	While thus engaged, Elizabeth had a fair opportunity of deciding whether she most feared or wished for the appearance of Mr
345	Dracula	Bram Stoker	I nodded, and we all went down the passage together
345	Dracula	Bram Stoker	The sun that rose on our sorrow this morning guards us in its course
1342	Pride and Prejudice	Jane Austen	To his wife he was very little otherwise indebted than as her ignorance and folly had contributed to his amusement
345	Dracula	Bram Stoker	As it sank he became less and less frenzied; and just as it dipped he slid from the hands that held him, an inert mass, on the floor
1342	Pride and Prejudice	Jane Austen	But when this subject was succeeded by his account of Mr
1342	Pride and Prejudice	Jane Austen	Darcy, though she had not before known its extent, agreed equally well with his own words
1661	The Adventures of Sherlock Holmes	Arthur Conan Doyle	We were all assembled round him when the door opened, and a tall, gaunt woman entered the room
345	Dracula	Bram Stoker	It is a shame to me to hear such a word
345	Dracula	Bram Stoker	I had hung my shaving glass by the window, and was just beginning to shave
345	Dracula	Bram Stoker	Then there came to me the old fear of sleep, and I determined to keep awake
1342	Pride and Prejudice	Jane Austen	Their lodgings were not long a secret, and at length they began to know the officers themselves
345	Dracula	Bram Stoker	But it is here that the grave shock that he experienced tells upon him the most
1342	Pride and Prejudice	Jane Austen	I, who have valued myself on my abilities
345	Dracula	Bram Stoker	I promise you that I will gladly do _all_ for him that I can--all to make his life strong and manly, and your life a happy one
1342	Pride and Prejudice	Jane Austen	Elizabeth now began to revive
345	Dracula	Bram Stoker	Mina is a woman, and there is nought in common
1661	The Adventures of Sherlock Holmes	Arthur Conan Doyle	Then he offered to give us a chance of talking to Lord St
1342	Pride and Prejudice	Jane Austen	The hill, crowned with wood, from which they had descended, receiving increased abruptness from the distance, was a beautiful object
345	Dracula	Bram Stoker	There was a long pause
1342	Pride and Prejudice	Jane Austen	I declare, after all, there is no enjoyment like reading
1661	The Adventures of Sherlock Holmes	Arthur Conan Doyle	I was ascertaining whether the cellar stretched out in front or behind
345	Dracula	Bram Stoker	One or two small rooms near the hall were open, but there was nothing to see in them except old furniture, dusty with age and moth-eaten
345	Dracula	Bram Stoker	Each of the others was similarly equipped
345	Dracula	Bram Stoker	A great viaduct runs across, with high piers, through which the view seems somehow further away than it really is
1342	Pride and Prejudice	Jane Austen	They returned, therefore, in good spirits to Longbourn, the village where they lived, and of which they were the principal inhabitants
1661	The Adventures of Sherlock Holmes	Arthur Conan Doyle	Turner had a considerable household, some half-dozen at the least
345	Dracula	Bram Stoker	He vanished into some hole or window
345	Dracula	Bram Stoker	I am weary to-night and low in spirits
1661	The Adventures of Sherlock Holmes	Arthur Conan Doyle	Having once made up my mind, you know the steps which I took in order to put the matter to the proof
1342	Pride and Prejudice	Jane Austen	Perhaps I am not doing her justice
345	Dracula	Bram Stoker	His reply was in a way characteristic of him, for it was logical and forceful and mysterious
1342	Pride and Prejudice	Jane Austen	She stared, coloured, doubted, and was silent
345	Dracula	Bram Stoker	Do not fear to think even the most not-probable
1342	Pride and Prejudice	Jane Austen	I dare say he often hears worse things said than I am going to say
1342	Pride and Prejudice	Jane Austen	Sometimes one officer, sometimes another, had been her favourite, as their attentions raised them in her opinion
1661	The Adventures of Sherlock Holmes	Arthur Conan Doyle	Holmes chuckled and wriggled in his chair, as was his habit when in high spirits
1342	Pride and Prejudice	Jane Austen	There was also a legacy of one thousand pounds
345	Dracula	Bram Stoker	During the time I was eating it the Count asked me many questions as to my journey, and I told him by degrees all I had experienced
345	Dracula	Bram Stoker	And so now, up to this very hour, all the records we have are complete and in order
345	Dracula	Bram Stoker	They were driven by a tall man, with a long brown beard and a great black hat, which seemed to hide his face from us
1342	Pride and Prejudice	Jane Austen	But everybody is to judge for themselves, and the Lucases are a very good sort of girls, I assure you
1342	Pride and Prejudice	Jane Austen	But he is an ugly fellow
345	Dracula	Bram Stoker	Surely God will not permit the world to be the poorer by the loss of such a creature
1661	The Adventures of Sherlock Holmes	Arthur Conan Doyle	Kindly sign the paper where Mr
345	Dracula	Bram Stoker	There could be no doubt as to his quest, and in my garb, too
345	Dracula	Bram Stoker	My fear was justified when I saw the same cart which had passed before coming down the road, having on it some great wooden boxes
345	Dracula	Bram Stoker	Van Helsing stepped out, and, obedient to his gesture, we all advanced too; the four of us ranged in a line before the door of the tomb
345	Dracula	Bram Stoker	The day has come, and Godalming is sleeping
1661	The Adventures of Sherlock Holmes	Arthur Conan Doyle	That will just show you how fond he was of me, Mr
345	Dracula	Bram Stoker	He has the sugar of his tea spread out on the window-sill, and is reaping quite a harvest of flies
345	Dracula	Bram Stoker	All affairs are settled with me, and I have much to tell
345	Dracula	Bram Stoker	I felt a little sad myself, for I could not but feel how _absolutely_ happy it would have been had Jonathan been with me
1342	Pride and Prejudice	Jane Austen	But make a virtue of it by all means
345	Dracula	Bram Stoker	They resolutely turned away
1661	The Adventures of Sherlock Holmes	Arthur Conan Doyle	Clair walked slowly, glancing about in the hope of seeing a cab, as she did not like the neighbourhood in which she found herself
345	Dracula	Bram Stoker	I waited a considerable time for Van Helsing to begin, but he stood as if wrapped in thought
1342	Pride and Prejudice	Jane Austen	He seemed scarcely to hear her, and was walking up and down the room in earnest meditation; his brow contracted, his air gloomy
1661	The Adventures of Sherlock Holmes	Arthur Conan Doyle	Kindly tell us now all about your connection with Mr
345	Dracula	Bram Stoker	It was with a heavy heart that we sought the station and just caught the train, which was steaming in as we reached the platform
1342	Pride and Prejudice	Jane Austen	Are you much acquainted with Mr
345	Dracula	Bram Stoker	I shall see Miss Westenra to-morrow again
345	Dracula	Bram Stoker	But death is not all
345	Dracula	Bram Stoker	I have had one lesson already in accepting facts that should make a man humble to the last hour of his life
1342	Pride and Prejudice	Jane Austen	The hall, the dining-room, and all its furniture, were examined and praised; and his commendation of everything would have touched Mrs
1661	The Adventures of Sherlock Holmes	Arthur Conan Doyle	Known to have been employed in an office in Leadenhall Street
345	Dracula	Bram Stoker	Van Helsing pulled back the latch, and, holding the door half open, stood back, having both hands ready for action
345	Dracula	Bram Stoker	It had been locked after I left the Count
345	Dracula	Bram Stoker	You are physiognomist
345	Dracula	Bram Stoker	A great awe came on all as they realised that the ship, as if by a miracle, had found the harbour, unsteered save by the hand of a dead man
1342	Pride and Prejudice	Jane Austen	Bingley had not been of age two years when he was tempted, by an accidental recommendation, to look at Netherfield House
345	Dracula	Bram Stoker	We shall to-night play sane wits against mad ones
1342	Pride and Prejudice	Jane Austen	[Illustration] Elizabeth, when Mr
1661	The Adventures of Sherlock Holmes	Arthur Conan Doyle	I could see a change in my uncle, however
345	Dracula	Bram Stoker	They were like the tiniest grains of dust, and they whirled round and gathered in clusters in a nebulous sort of way
1342	Pride and Prejudice	Jane Austen	Darcy walked off; and Elizabeth remained with no very cordial feelings towards him
1342	Pride and Prejudice	Jane Austen	If it be not so, let Mr
1342	Pride and Prejudice	Jane Austen	She is all affability and condescension, and I doubt not but you will be honoured with some portion of her notice when service is over
345	Dracula	Bram Stoker	I seized some of the firewood which was by me, and holding out some of the Wafer, advanced on them towards the fire
1342	Pride and Prejudice	Jane Austen	_You_ know him too well to doubt the rest
1661	The Adventures of Sherlock Holmes	Arthur Conan Doyle	At one side of the coronet was a cracked edge, where a corner holding three gems had been torn away
345	Dracula	Bram Stoker	They said that he thought only of himself
11	Alice's Adventures in Wonderland	Lewis Carroll	Alice was thoroughly puzzled
345	Dracula	Bram Stoker	If it be that I had not dreamt, the Count must have carried me here
1342	Pride and Prejudice	Jane Austen	Not one party, or scheme, or anything
345	Dracula	Bram Stoker	There has been a series of little circumstances which have thrown out all our calculations as to Lucy being properly watched
1342	Pride and Prejudice	Jane Austen	Darcy rise also and follow him, and her agitation on seeing it was extreme
1661	The Adventures of Sherlock Holmes	Arthur Conan Doyle	I have made a small study of tattoo marks and have even contributed to the literature of the subject
345	Dracula	Bram Stoker	Those who were unmounted jumped upon the leiter-wagon and shouted to the horsemen not to desert them
345	Dracula	Bram Stoker	The house has been added to, but in a very straggling way, and I can only guess at the amount of ground it covers, which must be very great
345	Dracula	Bram Stoker	Whilst she did so there came a little shudder through her, as though she felt the cold
345	Dracula	Bram Stoker	In the meantime we can do nothing here; and as I think that Varna is not familiar to any of us, why not go there more soon
1342	Pride and Prejudice	Jane Austen	Elizabeth immediately began playing again
345	Dracula	Bram Stoker	At one corner of the room was a heavy door
345	Dracula	Bram Stoker	Then I stopped and looked at the Count
1342	Pride and Prejudice	Jane Austen	Her thoughts were all fixed on that one spot of Pemberley House, whichever it might be, where Mr
1342	Pride and Prejudice	Jane Austen	No sentiment of shame gave a damp to her triumph
1661	The Adventures of Sherlock Holmes	Arthur Conan Doyle	Here are his keys, which are the duplicates of Mr
1342	Pride and Prejudice	Jane Austen	But with Miss Austen the myriad, trivial, unforced strokes build up the picture like magic
345	Dracula	Bram Stoker	Some day he may ask me about it
345	Dracula	Bram Stoker	I fear to think of her, off on the wolds near that horrid place
1342	Pride and Prejudice	Jane Austen	On the other hand, I, for my part, declare for_ Pride and Prejudice _unhesitatingly
345	Dracula	Bram Stoker	Harker having gone to bed--we discussed the attempts and discoveries of the day
1661	The Adventures of Sherlock Holmes	Arthur Conan Doyle	This business has had a very bad effect upon him
1661	The Adventures of Sherlock Holmes	Arthur Conan Doyle	On ascertaining that his daughter had disappeared, Mr
1342	Pride and Prejudice	Jane Austen	Darcy is neither by honour nor inclination confined to his cousin, why is not he to make another choice
1661	The Adventures of Sherlock Holmes	Arthur Conan Doyle	An elderly man with a red face and shaking limbs came staggering out at a side door
345	Dracula	Bram Stoker	Having learned the address of Mitchell, Sons, & Candy from a directory at the Berkeley, I was soon at their office in Sackville Street
1342	Pride and Prejudice	Jane Austen	Elizabeth went away with her head full of him
1342	Pride and Prejudice	Jane Austen	These parties were acceptable to all; to avoid a family circle was even more desirable to such as did think than such as did not
345	Dracula	Bram Stoker	The wounds on the throat had absolutely disappeared
345	Dracula	Bram Stoker	He is so abnormally clever that if he went off his head he would carry out his intent with regard to some fixed idea in a wonderful way
1661	The Adventures of Sherlock Holmes	Arthur Conan Doyle	Rucastle seemed to be a very kind, good-natured man
345	Dracula	Bram Stoker	Indeed, I can quite understand the effect, for the sounds disturbed even me, though I was some distance away
1342	Pride and Prejudice	Jane Austen	How could I be so silly as to wish it
345	Dracula	Bram Stoker	God help me in my task
1342	Pride and Prejudice	Jane Austen	The easy assurance of the young couple, indeed, was enough to provoke him
1342	Pride and Prejudice	Jane Austen	Till I was in Kent, and saw so much both of Mr
1661	The Adventures of Sherlock Holmes	Arthur Conan Doyle	The Adventure of the Noble Bachelor XI
345	Dracula	Bram Stoker	This, with some cheese and a salad and a bottle of old Tokay, of which I had two glasses, was my supper
345	Dracula	Bram Stoker	Sir, I make no apology for dropping all forms of conventional prefix
345	Dracula	Bram Stoker	Things have been as bad as they can be; and whatever may happen must have in it some element of hope or comfort
345	Dracula	Bram Stoker	It was a lonely vigil
11	Alice's Adventures in Wonderland	Lewis Carroll	I must have been changed for Mabel
1342	Pride and Prejudice	Jane Austen	Darcy to marry your daughter; but would my giving you the wished-for promise make _their_ marriage at all more probable
11	Alice's Adventures in Wonderland	Lewis Carroll	she was up to her chin in salt water
1342	Pride and Prejudice	Jane Austen	All that I can promise you, therefore, is not to be in a hurry
1342	Pride and Prejudice	Jane Austen	His diffidence had prevented his depending on his own judgment in so anxious a case, but his reliance on mine made everything easy
1661	The Adventures of Sherlock Holmes	Arthur Conan Doyle	You have made your statement very clearly
345	Dracula	Bram Stoker	Ye can, with your young eyes, read the small-print of the lies from here
345	Dracula	Bram Stoker	A half-thought has been buzzing often in my brain, but I fear to let him loose his wings
345	Dracula	Bram Stoker	With strained ears, I listened, and heard downstairs the grinding of the key in the great lock and the falling back of the heavy door
1342	Pride and Prejudice	Jane Austen	She began at length to recover, to fidget about in her chair, get up, sit down again, wonder, and bless herself
1342	Pride and Prejudice	Jane Austen	I thought I should have died
345	Dracula	Bram Stoker	In fact, he spoke quite confidently of getting his discharge at once
345	Dracula	Bram Stoker	When I am with you I shall keep a diary in the same way
345	Dracula	Bram Stoker	Seward in the centre
1661	The Adventures of Sherlock Holmes	Arthur Conan Doyle	I heard a gentle sound of movement, and then all was silent once more, though the smell grew stronger
1661	The Adventures of Sherlock Holmes	Arthur Conan Doyle	The chances are that she would be as averse to its being seen by Mr
345	Dracula	Bram Stoker	Pray do not put me in a strait-waistcoat
345	Dracula	Bram Stoker	She was not asleep, but she was simply too weak to make the effort
1342	Pride and Prejudice	Jane Austen	Are you lost to every feeling of propriety and delicacy
345	Dracula	Bram Stoker	I shuddered as I bent over to touch him, and every sense in me revolted at the contact; but I had to search, or I was lost
1342	Pride and Prejudice	Jane Austen	I always say that nothing is to be done in education without steady and regular instruction, and nobody but a governess can give it
345	Dracula	Bram Stoker	My fear fell from me as if it had been a vaporous garment which dissolved in the warmth
345	Dracula	Bram Stoker	Godalming is shutting the furnace door
1342	Pride and Prejudice	Jane Austen	Bingley, _I_ always keep servants that can do their own work; _my_ daughters are brought up differently
345	Dracula	Bram Stoker	There are great, frowning precipices and much falling water, and Nature seem to have held sometime her carnival
345	Dracula	Bram Stoker	Then, for a while, there came over her face a repose which was like spring after the blasts of March
1342	Pride and Prejudice	Jane Austen	Darcy returned within the stated time
1342	Pride and Prejudice	Jane Austen	Such amiable qualities must speak for themselves
1661	The Adventures of Sherlock Holmes	Arthur Conan Doyle	A lover evidently, for who else could outweigh the love and gratitude which she must feel to you
345	Dracula	Bram Stoker	Oh, if men only knew
345	Dracula	Bram Stoker	He became quite quiet, and went and sat on the edge of his bed resignedly, and looked into space with lack-lustre eyes
345	Dracula	Bram Stoker	He beckoned me to the window
1342	Pride and Prejudice	Jane Austen	At present I am not in love with Mr
1342	Pride and Prejudice	Jane Austen	They would doubtless be congenial with the generality of female minds
345	Dracula	Bram Stoker	There will only be one other, our old pal at the Korea, Jack Seward
345	Dracula	Bram Stoker	When I came softly in, I found Van Helsing with a sheet or two of note-paper in his hand
345	Dracula	Bram Stoker	That is a wonderful machine, but it is cruelly true
1661	The Adventures of Sherlock Holmes	Arthur Conan Doyle	See that light among the trees
1342	Pride and Prejudice	Jane Austen	Bennet sent them word that they could not possibly have the carriage before Tuesday; and in her postscript it was added, that if Mr
1342	Pride and Prejudice	Jane Austen	In the first place, she persisted in disbelieving the whole of the matter; secondly, she was very sure that Mr
345	Dracula	Bram Stoker	The doctors were quite right to insist on her being kept out of this dreadful business
345	Dracula	Bram Stoker	And I am afraid, afraid, afraid!--I am afraid of all things--even to think but I must go on my way
345	Dracula	Bram Stoker	S.--My patient being asleep, I open this to let you know something more
1342	Pride and Prejudice	Jane Austen	In a softened tone she declared herself not at all offended; but he continued to apologize for about a quarter of an hour
1342	Pride and Prejudice	Jane Austen	Wickham was perfectly friendly; on his side even more
1342	Pride and Prejudice	Jane Austen	He owed a good deal in the town, but his debts of honour were still more formidable
345	Dracula	Bram Stoker	For it was the voice of my dear Madam Mina that I heard
1661	The Adventures of Sherlock Holmes	Arthur Conan Doyle	It was clear to me at a glance that he was in the grip of some deadly and chronic disease
1342	Pride and Prejudice	Jane Austen	Darcy had been staying there
345	Dracula	Bram Stoker	When the Professor locked the door he gave the key to Arthur
345	Dracula	Bram Stoker	I never saw a lunatic in such a paroxysm of rage before; and I hope I shall not again
345	Dracula	Bram Stoker	But I know you now; and let me say that I should have known you long ago
345	Dracula	Bram Stoker	And together we went into the room
345	Dracula	Bram Stoker	I thought at the time that it was the softness of the red sunset on her face, but somehow now I think it has a deeper meaning
345	Dracula	Bram Stoker	Carter, Paterson & Co., London, to Messrs
1342	Pride and Prejudice	Jane Austen	Jane ran to her uncle and aunt, and welcomed and thanked them both, with alternate smiles and tears
1342	Pride and Prejudice	Jane Austen	And his behaviour, so strikingly altered,--what could it mean
1342	Pride and Prejudice	Jane Austen	The manner in which they spoke of the Meryton assembly was sufficiently characteristic
1661	The Adventures of Sherlock Holmes	Arthur Conan Doyle	We got away with the gold, became wealthy men, and made our way over to England without being suspected
1661	The Adventures of Sherlock Holmes	Arthur Conan Doyle	Windibank did not wish us to go
345	Dracula	Bram Stoker	I was so frightened that I crept into bed, and pulled the clothes over my head, putting my fingers in my ears
345	Dracula	Bram Stoker	And to-night I shall not fear to sleep, since he is close at hand and within call
345	Dracula	Bram Stoker	I do not, as you know, take sufficient interest in dress to be able to describe the new fashions
345	Dracula	Bram Stoker	Jonathan is greatly distressed
1342	Pride and Prejudice	Jane Austen	He readily agreed to it
1342	Pride and Prejudice	Jane Austen	[Illustration] Till Elizabeth entered the drawing-room at Netherfield, and looked in vain for Mr
1661	The Adventures of Sherlock Holmes	Arthur Conan Doyle	All was as we had seen it in the daytime
1661	The Adventures of Sherlock Holmes	Arthur Conan Doyle	However, it was too late to alter the matter now, so I locked it up in my private safe and turned once more to my work
11	Alice's Adventures in Wonderland	Lewis Carroll	Alice said nothing: she had never been so much contradicted in her life before, and she felt that she was losing her temper
345	Dracula	Bram Stoker	Dinner will by then be ready
345	Dracula	Bram Stoker	I fear she is fretting about something
1342	Pride and Prejudice	Jane Austen	And there are several of the young men, too, that she likes very much
345	Dracula	Bram Stoker	However, I set it all right; and he is going on well
1661	The Adventures of Sherlock Holmes	Arthur Conan Doyle	I cannot, with this thought in my mind, ever again be happy under your roof, and I feel that I must leave you forever
345	Dracula	Bram Stoker	By the roadside were many crosses, and as we swept by, my companions all crossed themselves
1661	The Adventures of Sherlock Holmes	Arthur Conan Doyle	Then, as to sitting here or there, or amusing yourself in any manner indicated, that need cause you no inconvenience
345	Dracula	Bram Stoker	Lucy seems more restful than she has been for some time, and fell asleep at once
1342	Pride and Prejudice	Jane Austen	Your mother will never see you again if you do _not_ marry Mr
1661	The Adventures of Sherlock Holmes	Arthur Conan Doyle	Now, look at that third name
345	Dracula	Bram Stoker	The vampire live on, and cannot die by mere passing of the time; he can flourish when that he can fatten on the blood of the living
345	Dracula	Bram Stoker	The last conscious effort which imagination made was to show me a livid white face bending over me out of the mist
1342	Pride and Prejudice	Jane Austen	The venison was roasted to a turn--and everybody said, they never saw so fat a haunch
1661	The Adventures of Sherlock Holmes	Arthur Conan Doyle	He was kind to her also in his bluff, boisterous fashion, and on the whole they seemed to be a happy couple
1661	The Adventures of Sherlock Holmes	Arthur Conan Doyle	The Foundation is committed to complying with the laws regulating charities and charitable donations in all 50 states of the United States
1661	The Adventures of Sherlock Holmes	Arthur Conan Doyle	I knelt beside him for some minutes, and then made my way to Mr
1661	The Adventures of Sherlock Holmes	Arthur Conan Doyle	It is no wonder that he and his family have some of the more implacable spirits upon their track
1342	Pride and Prejudice	Jane Austen	Darcy that they scarcely ever saw him
345	Dracula	Bram Stoker	In trance she died, and in trance she is Un-Dead, too
345	Dracula	Bram Stoker	_Letter, Van Helsing to Mrs
345	Dracula	Bram Stoker	I wish I were safe out of it, or that I had never come
345	Dracula	Bram Stoker	I took their names and addresses, in case they might be needed
345	Dracula	Bram Stoker	For a man who was never in the country, and who did not evidently do much in the way of business, his knowledge and acumen were wonderful
1342	Pride and Prejudice	Jane Austen	It is difficult to know whether he is most agreeable when talking to his wife, or when putting Mr
1342	Pride and Prejudice	Jane Austen	When convinced on that article, Miss Bennet had nothing further to wish
1342	Pride and Prejudice	Jane Austen	Surprise was the least of all her feelings on this development
1661	The Adventures of Sherlock Holmes	Arthur Conan Doyle	It is just as well that we should do business with the male relatives
11	Alice's Adventures in Wonderland	Lewis Carroll	There was certainly too much of it in the air
345	Dracula	Bram Stoker	I shall try to think as she does
345	Dracula	Bram Stoker	See, I have tried to be useful
1342	Pride and Prejudice	Jane Austen	I will not tell you what it is
345	Dracula	Bram Stoker	It is a _selected_ list; every book in it has achieved a certain measure of _success_
345	Dracula	Bram Stoker	m._--Last night I slept, but did not dream
1342	Pride and Prejudice	Jane Austen	A person may be proud without being vain
1342	Pride and Prejudice	Jane Austen	He protested that she should receive from him no mark of affection whatever on the occasion
1342	Pride and Prejudice	Jane Austen	Oh, my sweetest Lizzy
345	Dracula	Bram Stoker	Morris, with instinctive delicacy, just laid a hand for a moment on his shoulder, and then walked quietly out of the room
1661	The Adventures of Sherlock Holmes	Arthur Conan Doyle	How long they seemed, those quarters
345	Dracula	Bram Stoker	To-day Harker is out following up his clue, and Art and Quincey are looking after horses
1342	Pride and Prejudice	Jane Austen	A small part of Derbyshire is all the present concern
1661	The Adventures of Sherlock Holmes	Arthur Conan Doyle	Of course it is a nucleus and focus of crime
345	Dracula	Bram Stoker	But Arthur never faltered
1661	The Adventures of Sherlock Holmes	Arthur Conan Doyle	His chin was cocked upward and his eyes were fixed in a dreadful, rigid stare at the corner of the ceiling
1661	The Adventures of Sherlock Holmes	Arthur Conan Doyle	I rushed across the bedroom, flung open the window, and looked out
345	Dracula	Bram Stoker	All this have I told these others; you, my dear Madam Mina, will learn it in the phonograph of my friend John, or in that of your husband
1342	Pride and Prejudice	Jane Austen	The first mentioned was, that, regardless of the sentiments of either, I had detached Mr
345	Dracula	Bram Stoker	Not having power to work sails, have to run before wind
1342	Pride and Prejudice	Jane Austen	Kitty stared at him, and Lydia exclaimed
345	Dracula	Bram Stoker	Seward, may I ask a favour
345	Dracula	Bram Stoker	There was a smile on her face, and it was evident that no bad dreams had come to disturb her peace of mind
345	Dracula	Bram Stoker	We shall both swear to leave you at home if you drink too deep to a certain pair of eyes
345	Dracula	Bram Stoker	Morris had had to use force to pass through his side of the ring of Szgany
345	Dracula	Bram Stoker	And if there is no necessity for a post-mortem and nothing to gain by it--no good to her, to us, to science, to human knowledge--why do it
345	Dracula	Bram Stoker	We closed the outer door and barred and locked it, and bringing the dogs with us, began our search of the house
345	Dracula	Bram Stoker	Last night I found her leaning out when I woke up, and when I tried to wake her I could not; she was in a faint
345	Dracula	Bram Stoker	Professor Van Helsing took the head of the table, to which Dr
345	Dracula	Bram Stoker	Do ye think that all these men will have to make a rush to Whitby when the trumpet sounds
1342	Pride and Prejudice	Jane Austen	He could not speak a word for full ten minutes
1661	The Adventures of Sherlock Holmes	Arthur Conan Doyle	I rushed down the passage, through the door, and straight into the arms of Mr
1661	The Adventures of Sherlock Holmes	Arthur Conan Doyle	He put less weight upon it
1342	Pride and Prejudice	Jane Austen	Miss Bingley did the same; and Mrs
1342	Pride and Prejudice	Jane Austen	Jenkinson was chiefly employed in watching how little Miss de Bourgh ate, pressing her to try some other dish and fearing she was indisposed
345	Dracula	Bram Stoker	Van Helsing when he comes
345	Dracula	Bram Stoker	I pray it will all last
1661	The Adventures of Sherlock Holmes	Arthur Conan Doyle	I have myself some small business matters to attend to
1342	Pride and Prejudice	Jane Austen	With what delighted pride she afterwards visited Mrs
345	Dracula	Bram Stoker	Finally I came to the hall door and found it open
345	Dracula	Bram Stoker	Life is nothings; I heed him not
345	Dracula	Bram Stoker	I am not sleepy, and the work will help to keep me quiet
345	Dracula	Bram Stoker	We found no papers, or any sign of use in the house; and in the old chapel the great boxes looked just as we had seen them last
1342	Pride and Prejudice	Jane Austen	Teasing, teasing man
345	Dracula	Bram Stoker	she is calm in her sleep
345	Dracula	Bram Stoker	He thinks of the loaves and fishes even when he believes he is in a Real Presence
1661	The Adventures of Sherlock Holmes	Arthur Conan Doyle	I sprang from my bed, wrapped a shawl round me, and rushed into the corridor
345	Dracula	Bram Stoker	It was then very dark, and the scattered lamps made the darkness greater when we were once outside their individual radius
1342	Pride and Prejudice	Jane Austen	She had very little notice from any but him
1342	Pride and Prejudice	Jane Austen	Gardiner, though unknown
345	Dracula	Bram Stoker	She looks so sweet as she sleeps; but she is paler than is her wont, and there is a drawn, haggard look under her eyes which I do not like
345	Dracula	Bram Stoker	Opposite us were Lord Godalming, Dr
345	Dracula	Bram Stoker	I have them all here
345	Dracula	Bram Stoker	I burst into tears--I am afraid, my dear, you will think this a very sloppy letter in more ways than one--and I really felt very badly
11	Alice's Adventures in Wonderland	Lewis Carroll	He had been looking at Alice for some time with great curiosity, and this was his first speech
345	Dracula	Bram Stoker	There are signs of snow coming; and if it falls heavy it will stop us
1342	Pride and Prejudice	Jane Austen	Are you out of your senses to be accepting this man
1342	Pride and Prejudice	Jane Austen	How much of pleasure or pain it was in his power to bestow
345	Dracula	Bram Stoker	I found my dear one, oh, so thin and pale and weak-looking
1661	The Adventures of Sherlock Holmes	Arthur Conan Doyle	Windibank, turning white to his lips and glancing about him like a rat in a trap
345	Dracula	Bram Stoker	It is gurgling by, and little waves leap
1342	Pride and Prejudice	Jane Austen	it was melancholy to leave her to such society
345	Dracula	Bram Stoker	The dear horses are patient and good, and they give us no trouble
345	Dracula	Bram Stoker	We are on fire with anxiety and eagerness
1342	Pride and Prejudice	Jane Austen	I was uncomfortable enough, I was very uncomfortable--I may say unhappy
345	Dracula	Bram Stoker	He has certain qualities very largely developed; selfishness, secrecy, and purpose
345	Dracula	Bram Stoker	Now, the old habit seemed to be renewed instinctively
345	Dracula	Bram Stoker	I fear that the strain of the past week has broken down even his iron strength
345	Dracula	Bram Stoker	I had not heard from Jonathan for some time, and was very concerned; but yesterday dear Mr
1661	The Adventures of Sherlock Holmes	Arthur Conan Doyle	You, of course, saw that everyone in the street was an accomplice
345	Dracula	Bram Stoker	He was, I think, surprised to see me
1661	The Adventures of Sherlock Holmes	Arthur Conan Doyle	You are doing what you can for him and for me
345	Dracula	Bram Stoker	Oh, would it were so
345	Dracula	Bram Stoker	There is the surest rest
345	Dracula	Bram Stoker	If need be, to-night shall be sleepless
1661	The Adventures of Sherlock Holmes	Arthur Conan Doyle	When I cried out that it was a false alarm, she replaced it, glanced at the rocket, rushed from the room, and I have not seen her since
1342	Pride and Prejudice	Jane Austen	From this day you must be a stranger to one of your parents
1661	The Adventures of Sherlock Holmes	Arthur Conan Doyle	I advertised, and I answered advertisements, but without success
345	Dracula	Bram Stoker	Morris are coming too
345	Dracula	Bram Stoker	He, too, put me at once in communication with the proper officials, and I saw that their tally was correct with the original invoice
1342	Pride and Prejudice	Jane Austen	Elizabeth noticed every sentence conveying the idea of uneasiness, with an attention which it had hardly received on the first perusal
1661	The Adventures of Sherlock Holmes	Arthur Conan Doyle	There were no signs of violence upon any of these garments, and there were no other traces of Mr
1661	The Adventures of Sherlock Holmes	Arthur Conan Doyle	It was not a common thing for him to receive letters, for his bills were all paid in ready money, and he had no friends of any sort
1661	The Adventures of Sherlock Holmes	Arthur Conan Doyle	And yet it would be the blackest treachery to Holmes to draw back now from the part which he had intrusted to me
345	Dracula	Bram Stoker	Before they retired the Professor fixed up the room against any coming of the Vampire, and assured Mrs
345	Dracula	Bram Stoker	With a sob he laid his head on my shoulder and cried like a wearied child, whilst he shook with emotion
345	Dracula	Bram Stoker	Of course it is possible that all may be well, but what _may_ have happened
345	Dracula	Bram Stoker	I wonder what has come over me to-day
345	Dracula	Bram Stoker	I took up my place behind a yew-tree, and I saw his dark figure move until the intervening headstones and trees hid it from my sight
345	Dracula	Bram Stoker	Then I make a fire; and near it I make Madam Mina, now awake and more charming than ever, sit comfortable amid her rugs
345	Dracula	Bram Stoker	He was very obliging, and offered to do anything in his power
345	Dracula	Bram Stoker	For this he took the money; for this he hurry at the last, lest we catch him before the sun go down
1661	The Adventures of Sherlock Holmes	Arthur Conan Doyle	When you raise your cry of fire, it will be taken up by quite a number of people
1342	Pride and Prejudice	Jane Austen	Darcy afterwards discharged
345	Dracula	Bram Stoker	This, in fact, marked the extent of her weakness
1661	The Adventures of Sherlock Holmes	Arthur Conan Doyle	The dear fellow wanted to see if the missing piece were at the scene of the struggle
1661	The Adventures of Sherlock Holmes	Arthur Conan Doyle	There is something distinctly novel about some of the features
1661	The Adventures of Sherlock Holmes	Arthur Conan Doyle	Unless you have removed all references to Project Gutenberg: 1.E.1
1342	Pride and Prejudice	Jane Austen	But I confess they would have no charms for _me_
1342	Pride and Prejudice	Jane Austen	Bingley had danced with her twice, and she had been distinguished by his sisters
1342	Pride and Prejudice	Jane Austen	She was ashamed to think how much
345	Dracula	Bram Stoker	When they have gone, my carriage shall come for you, and shall bear you to the Borgo Pass to meet the diligence from Bukovina to Bistritz
1661	The Adventures of Sherlock Holmes	Arthur Conan Doyle	Then I thought of you, Mr
1342	Pride and Prejudice	Jane Austen	He was her dear Wickham on every occasion; no one was to be put in competition with him
1661	The Adventures of Sherlock Holmes	Arthur Conan Doyle	I found my father expiring upon the ground, with his head terribly injured
1661	The Adventures of Sherlock Holmes	Arthur Conan Doyle	I was glad that he should go, for it seemed to me that he was farther from danger when he was away from home
1661	The Adventures of Sherlock Holmes	Arthur Conan Doyle	Now, of course that suggested at once that there must be a communication between the two rooms
345	Dracula	Bram Stoker	He was a nice well-behaved wolf, that never gave no trouble to talk of
1342	Pride and Prejudice	Jane Austen	They were natural and just
1342	Pride and Prejudice	Jane Austen	His sister was less delicate, and directed her eye towards Mr
345	Dracula	Bram Stoker	I wonder when it will be
1342	Pride and Prejudice	Jane Austen	I want to talk very seriously
1342	Pride and Prejudice	Jane Austen	March was to take Elizabeth to Hunsford
1342	Pride and Prejudice	Jane Austen	A low phaeton with a nice little pair of ponies would be the very thing
1342	Pride and Prejudice	Jane Austen	Letters of business, too
345	Dracula	Bram Stoker	Finally, they got up the rapids all right, with local help, and are off on the chase afresh
1342	Pride and Prejudice	Jane Austen	Detection could not be in your power, and suspicion certainly not in your inclination
1342	Pride and Prejudice	Jane Austen	At length, however, Mrs
345	Dracula	Bram Stoker	As he swept his long arms, as though brushing aside some impalpable obstacle, the wolves fell back and back further still
1661	The Adventures of Sherlock Holmes	Arthur Conan Doyle	Twice he was walking, and once he ran swiftly, so that the soles are deeply marked and the heels hardly visible
1342	Pride and Prejudice	Jane Austen	The particulars I reserve till we meet
1661	The Adventures of Sherlock Holmes	Arthur Conan Doyle	It was only by trying begging as an amateur that I could get the facts upon which to base my articles
1661	The Adventures of Sherlock Holmes	Arthur Conan Doyle	Clearly such a blow must have been struck from behind
345	Dracula	Bram Stoker	This is a new weakness, of which I must be careful
345	Dracula	Bram Stoker	Lord Godalming grew very pale, and sat breathing heavily
1661	The Adventures of Sherlock Holmes	Arthur Conan Doyle	I lay listening with all my ears
1342	Pride and Prejudice	Jane Austen	Neither had anything occurred in the intelligence of their Lambton friends that could materially lessen its weight
345	Dracula	Bram Stoker	Between it and the town there is another church, the parish one, round which is a big graveyard, all full of tombstones
1661	The Adventures of Sherlock Holmes	Arthur Conan Doyle	It is introspective, and I want to introspect
345	Dracula	Bram Stoker	There are thousands of them in Hungary and Transylvania, who are almost outside all law
345	Dracula	Bram Stoker	m._--I have visited him again and found him sitting in a corner brooding
1661	The Adventures of Sherlock Holmes	Arthur Conan Doyle	It could not be delirium
345	Dracula	Bram Stoker	I wonder at how many lives he values a man, or if at only one
345	Dracula	Bram Stoker	This morning I slept late after the fatigues of yesterday, and though Jonathan was late too, he was the earlier
1342	Pride and Prejudice	Jane Austen	My youngest sister has left all her friends--has eloped; has thrown herself into the power of--of Mr
1342	Pride and Prejudice	Jane Austen	Here again I cannot go with the objectors
1342	Pride and Prejudice	Jane Austen	Bennet made no answer
345	Dracula	Bram Stoker	More Customs officers and flagboat of guarding squadron
345	Dracula	Bram Stoker	We had left the child in safety, and were tired; so we all slept with more or less reality of sleep
1342	Pride and Prejudice	Jane Austen	Bennet give up the point
1342	Pride and Prejudice	Jane Austen	They must all go to Brighton
1342	Pride and Prejudice	Jane Austen	He made her an offer in this very room, and she refused him
345	Dracula	Bram Stoker	Her faint became a profound slumber
345	Dracula	Bram Stoker	Harker that it was time to leave
1661	The Adventures of Sherlock Holmes	Arthur Conan Doyle	She responded beautifully
1342	Pride and Prejudice	Jane Austen	On their being joined by Mr
1661	The Adventures of Sherlock Holmes	Arthur Conan Doyle	But to my astonishment, when I came to look round me, neither house nor garden were to be seen
1661	The Adventures of Sherlock Holmes	Arthur Conan Doyle	I was ten miles or so from Eyford, that was all I knew, but whether north, south, east, or west I had no idea
1342	Pride and Prejudice	Jane Austen	Sir William did not say much
345	Dracula	Bram Stoker	I suppose a cry does us all good at times--clears the air as other rain does
11	Alice's Adventures in Wonderland	Lewis Carroll	Once more she found herself in the long hall, and close to the little glass table
1661	The Adventures of Sherlock Holmes	Arthur Conan Doyle	But when I gave him every particular that had occurred, he tried to bluster and took down a life-preserver from the wall
1342	Pride and Prejudice	Jane Austen	It was impossible to imagine; it was impossible not to long to know
345	Dracula	Bram Stoker	His face was turned from us, but the instant we saw we all recognised the Count--in every way, even to the scar on his forehead
1342	Pride and Prejudice	Jane Austen	She could think of nothing but of Mr
1342	Pride and Prejudice	Jane Austen	Miss Bennet was therefore established as a sweet girl; and their brother felt authorized by such commendation to think of her as he chose
345	Dracula	Bram Stoker	After a long spell she seemed sinking off to sleep, but with an effort seemed to pull herself together and shook it off
345	Dracula	Bram Stoker	Then with a long, thin knife we pushed back the fastening of the sashes and opened the window
1661	The Adventures of Sherlock Holmes	Arthur Conan Doyle	If the second copy is also defective, you may demand a refund in writing without further opportunities to fix the problem
1661	The Adventures of Sherlock Holmes	Arthur Conan Doyle	But you shall have it all just as it occurred
345	Dracula	Bram Stoker	I only hope we have done what is best
345	Dracula	Bram Stoker	In the early morning her maid came, and I left her in her care and took myself back home, for I was anxious about many things
1342	Pride and Prejudice	Jane Austen	But as it is--you must not let your fancy run away with you
345	Dracula	Bram Stoker	They are fearless and without religion, save superstition, and they talk only their own varieties of the Romany tongue
345	Dracula	Bram Stoker	She is in gay spirits and full of life and cheerfulness
1661	The Adventures of Sherlock Holmes	Arthur Conan Doyle	The Foundation makes no representations concerning the copyright status of any work in any country other than the United States
1342	Pride and Prejudice	Jane Austen	His air was grave and stately, and his manners were very formal
345	Dracula	Bram Stoker	When I ran to push it open, I found that it was hopelessly fast
345	Dracula	Bram Stoker	I counsel you, put down in record even your doubts and surmises
345	Dracula	Bram Stoker	Sister Agatha, who is a good creature and a born nurse, tells me that he raved of dreadful things whilst he was off his head
1661	The Adventures of Sherlock Holmes	Arthur Conan Doyle	I went down to the Albert Dock and found that she had been taken down the river by the early tide this morning, homeward bound to Savannah
345	Dracula	Bram Stoker	The Professor took the key, opened the creaky door, and standing back, politely, but quite unconsciously, motioned me to precede him
345	Dracula	Bram Stoker	I got a ladder myself, and crossing the wall, dropped down on the other side
1661	The Adventures of Sherlock Holmes	Arthur Conan Doyle	There is no reason, therefore, to think that money troubles have been weighing upon his mind
1661	The Adventures of Sherlock Holmes	Arthur Conan Doyle	That is just my point
345	Dracula	Bram Stoker	I will undertake that if you will satisfy even me--a stranger, without prejudice, and with the habit of keeping an open mind--Dr
1661	The Adventures of Sherlock Holmes	Arthur Conan Doyle	Then he turned to me, tapped his forehead three times, shook his head solemnly, and hurried away
345	Dracula	Bram Stoker	I have thought and thought, and it seems to me that the simplest way is the best of all
1661	The Adventures of Sherlock Holmes	Arthur Conan Doyle	I shall take nothing for granted until I have the opportunity of looking personally into it
1342	Pride and Prejudice	Jane Austen	She had fully proposed being engaged by Wickham for those very dances; and to have Mr
345	Dracula	Bram Stoker	So if it be that he come thither on this night he shall find me; but none other shall--until it be too late
345	Dracula	Bram Stoker	It was on the dark side of twilight when we got to Bistritz, which is a very interesting old place
1342	Pride and Prejudice	Jane Austen	But it was two or three days before he could get from her what he wanted
345	Dracula	Bram Stoker	this is the country where bribery can do anything, and we are well supplied with money
1342	Pride and Prejudice	Jane Austen	My kind friends will not hear of my returning home till I am better
345	Dracula	Bram Stoker	They were far off, but the sound, even though coming muffled through the deadening snowfall, was full of terror
1342	Pride and Prejudice	Jane Austen	It is only that he has better means of having it than many others, because he is rich, and many others are poor
1661	The Adventures of Sherlock Holmes	Arthur Conan Doyle	He was a solicitor and was using my room as a temporary convenience until his new premises were ready
1661	The Adventures of Sherlock Holmes	Arthur Conan Doyle	The summons was a brief and urgent one
345	Dracula	Bram Stoker	Fortunately, each time I awoke in time and managed to undress her without waking her, and got her back to bed
345	Dracula	Bram Stoker	This was possible from the disordered state of things in the household
1342	Pride and Prejudice	Jane Austen	She coloured as she spoke; but neither that, nor anything else, awakened a suspicion of the truth
1342	Pride and Prejudice	Jane Austen	The observations of her uncle and aunt now began; and each of them pronounced him to be infinitely superior to anything they had expected
345	Dracula	Bram Stoker	So here I am finishing my entry in my phonograph diary whilst I await her
345	Dracula	Bram Stoker	And, besides, she is young woman and not so long married; there may be other things to think of some time, if not now
345	Dracula	Bram Stoker	Jonathan woke a little after the hour, and all was ready, and he sat up in bed, propped up with pillows
1342	Pride and Prejudice	Jane Austen	Wickham had received his commission before he left London, and he was to join his regiment at the end of a fortnight
1342	Pride and Prejudice	Jane Austen	Would to Heaven that anything could be either said or done on my part, that might offer consolation to such distress
345	Dracula	Bram Stoker	I knew that there were at least three graves to find--graves that are inhabit; so I search, and search, and I find one of them
1342	Pride and Prejudice	Jane Austen	Everything being settled between _them_, Mr
1661	The Adventures of Sherlock Holmes	Arthur Conan Doyle	I think that I will go in and have a word with Moran, and perhaps write a little note
345	Dracula	Bram Stoker	Which of them is it that you seek
345	Dracula	Bram Stoker	He did not reply for a moment but looked all round him, and up and down, as though he expected to find some inspiration for an answer
1661	The Adventures of Sherlock Holmes	Arthur Conan Doyle	I kept all the keys and could go where I liked and do what I liked, so long as I did not disturb him in his privacy
345	Dracula	Bram Stoker	Read all, I pray you, with the open mind; and if you can add in any way to the story here told do so, for it is all-important
345	Dracula	Bram Stoker	I felt my hair rise like bristles on the back of my neck, and my heart seemed to stand still
1661	The Adventures of Sherlock Holmes	Arthur Conan Doyle	Swiftly and silently he made his way along the track which ran through the meadows, and so by way of the woods to the Boscombe Pool
345	Dracula	Bram Stoker	I trust that your journey from London has been a happy one, and that you will enjoy your stay in my beautiful land
345	Dracula	Bram Stoker	I wish I could get some glimpse of his mind or of the cause of his sudden passion
345	Dracula	Bram Stoker	I had gained a new painful experience; the Count could, it was evident, handle the earth-boxes himself
1661	The Adventures of Sherlock Holmes	Arthur Conan Doyle	That is very interesting
1661	The Adventures of Sherlock Holmes	Arthur Conan Doyle	And he said that I had nothing fit to wear, when I had my purple plush that I had never so much as taken out of the drawer
345	Dracula	Bram Stoker	Now, since I know it is all true, a hundred thousand times more do I know that he must pass through the bitter waters to reach the sweet
1342	Pride and Prejudice	Jane Austen	You have sense, and we all expect you to use it
1342	Pride and Prejudice	Jane Austen	It is natural that obligation should be felt, and if I could _feel_ gratitude, I would now thank you
1661	The Adventures of Sherlock Holmes	Arthur Conan Doyle	As he said, what interest could anyone have in bringing me to the doors of the church, and then leaving me
1342	Pride and Prejudice	Jane Austen	Collins; but _I_ do not think there would have been any fun in it
345	Dracula	Bram Stoker	She did not stir again all night
1661	The Adventures of Sherlock Holmes	Arthur Conan Doyle	I see the direction in which all this points
1342	Pride and Prejudice	Jane Austen	It was a handsome modern building, well situated on rising ground
345	Dracula	Bram Stoker	You and I, Mina dear, who are engaged and are going to settle down soon soberly into old married women, can despise vanity
345	Dracula	Bram Stoker	In the night he may lie hidden somewhere; but if he be not carried on shore, or if the ship do not touch it, he cannot achieve the land
345	Dracula	Bram Stoker	But this is nonsense
345	Dracula	Bram Stoker	The sky was overcast, and somewhere far off an early cock crew
1661	The Adventures of Sherlock Holmes	Arthur Conan Doyle	It struck me that it might have been fastened by a mere oversight, so I took out my bunch of keys and tried to open it
345	Dracula	Bram Stoker	You others are young
345	Dracula	Bram Stoker	Remember that we are in terrible straits
1342	Pride and Prejudice	Jane Austen	She was very equal, therefore, to address Mr
345	Dracula	Bram Stoker	His face was all bruised and crushed in, and the bones of the neck were broken
1661	The Adventures of Sherlock Holmes	Arthur Conan Doyle	And the man who wrote the note is a German
345	Dracula	Bram Stoker	Van Helsing and I rose behind the rock and pointed our weapons at them
345	Dracula	Bram Stoker	We have now had so many changes and find the same thing so constantly that we are encouraged to think that the journey will be an easy one
345	Dracula	Bram Stoker	Last night tired me more than if I had not slept at all
1661	The Adventures of Sherlock Holmes	Arthur Conan Doyle	He had for years been known as a professional beggar, but his life appeared to have been a very quiet and innocent one
1342	Pride and Prejudice	Jane Austen	She was very wrong in singling me out as she did; I can safely say, that every advance to intimacy began on her side
1661	The Adventures of Sherlock Holmes	Arthur Conan Doyle	I deserve to be kicked from here to Charing Cross
345	Dracula	Bram Stoker	Lucy was full of pity, too, but she did not attempt to touch the dog, but looked at it in an agonised sort of way
345	Dracula	Bram Stoker	It was now dark, and I was tired and hungry
11	Alice's Adventures in Wonderland	Lewis Carroll	If I or she should chance to be Involved in this affair, He trusts to you to set them free, Exactly as we were
1661	The Adventures of Sherlock Holmes	Arthur Conan Doyle	You have formed some conclusion
1342	Pride and Prejudice	Jane Austen	But do not imagine that he is always here so often
1342	Pride and Prejudice	Jane Austen	I assure you that I have now learnt to enjoy his conversation as an agreeable and sensible young man without having a wish beyond it
1342	Pride and Prejudice	Jane Austen	F.; but no one can throw any blame on them
345	Dracula	Bram Stoker	If I had not seized him just at the moment I believe he would have killed the man there and then
1661	The Adventures of Sherlock Holmes	Arthur Conan Doyle	I am sorry to hear you say that
345	Dracula	Bram Stoker	It was this madman who had got rid of the men one by one, and now he has followed them himself
1342	Pride and Prejudice	Jane Austen	Such were the gentle murmurs of Mrs
345	Dracula	Bram Stoker	It is in the hold, perhaps in one of those boxes
1661	The Adventures of Sherlock Holmes	Arthur Conan Doyle	I took two steps forward and looked back
345	Dracula	Bram Stoker	Then there can be no wrong to her
345	Dracula	Bram Stoker	There was no letter for me
1342	Pride and Prejudice	Jane Austen	But I will not repine
1661	The Adventures of Sherlock Holmes	Arthur Conan Doyle	In this way I am no doubt indirectly responsible for Dr
1661	The Adventures of Sherlock Holmes	Arthur Conan Doyle	Suddenly, amid all the hubbub of the gale, there burst forth the wild scream of a terrified woman
1661	The Adventures of Sherlock Holmes	Arthur Conan Doyle	I answered that it had ceased to be a private matter, but had become a public one, since the ruined coronet was national property
345	Dracula	Bram Stoker	Of one thing only am I certain; that it is no use making my ideas known to the Count
1342	Pride and Prejudice	Jane Austen	I beg you will not go
1342	Pride and Prejudice	Jane Austen	Collins, you must send a servant with them
345	Dracula	Bram Stoker	The moment we were alone in the carriage he gave way to a regular fit of hysterics
345	Dracula	Bram Stoker	I found all the others at home
345	Dracula	Bram Stoker	We sat down on a bench within good view, and began to smoke cigars so as to attract as little attention as possible
345	Dracula	Bram Stoker	I had written asking him if he had heard, and he said the enclosed had just been received
1661	The Adventures of Sherlock Holmes	Arthur Conan Doyle	Of these he took five and thrust them into an envelope
345	Dracula	Bram Stoker	However, after a while I came away; my friend is just a little too sane at present to make it safe to probe him too deep with questions
345	Dracula	Bram Stoker	On the cart was a great square chest
345	Dracula	Bram Stoker	Did I not, I would soon have learned, for the wheeling figures of mist and snow came closer, but keeping ever without the Holy circle
1342	Pride and Prejudice	Jane Austen	I am so grieved for him
345	Dracula	Bram Stoker	But the ole chapel--that took the cike, that did
345	Dracula	Bram Stoker	They lifted off the body of my dear mother, and laid her, covered up with a sheet, on the bed after I had got up
1661	The Adventures of Sherlock Holmes	Arthur Conan Doyle	Who could come to-night
345	Dracula	Bram Stoker	I must tell you of my wedding present
1342	Pride and Prejudice	Jane Austen	She comes to us to-day
345	Dracula	Bram Stoker	Hawkins sent me on the letter, and wrote himself, oh, so kindly
345	Dracula	Bram Stoker	His bundle of names links all our little band of men together; but we call him Quincey
345	Dracula	Bram Stoker	I called to the coachman to come, for it seemed to me that our only chance was to try to break out through the ring and to aid his approach
1342	Pride and Prejudice	Jane Austen	Darcy was condemned as the worst of men
345	Dracula	Bram Stoker	However, all took place more quickly than it takes to write these words
1342	Pride and Prejudice	Jane Austen	It was all pride and insolence
1342	Pride and Prejudice	Jane Austen	But little had she dared to hope that so much love and eloquence awaited her there
345	Dracula	Bram Stoker	Whilst they are resting, I shall go over all carefully, and perhaps I may arrive at some conclusion
1661	The Adventures of Sherlock Holmes	Arthur Conan Doyle	There was no rest for me, no peace, no forgetfulness; turn where I would, there was his cunning, grinning face at my elbow
345	Dracula	Bram Stoker	Her eyes spoke to us; that was all
345	Dracula	Bram Stoker	Then we walked home with some, or rather many, stoppages to rest, and with our hearts full of a constant dread of wild bulls
1342	Pride and Prejudice	Jane Austen	There--I have saved you the trouble of accounting for it; and really, all things considered, I begin to think it perfectly reasonable
1342	Pride and Prejudice	Jane Austen	Wickham, he was by no means the only partner who could satisfy them, and a ball was, at any rate, a ball
345	Dracula	Bram Stoker	Finally it lay still
1661	The Adventures of Sherlock Holmes	Arthur Conan Doyle	I put on my hat and cloak, went down to the office, which is about half a mile from the house, and then returned, feeling very much easier
1342	Pride and Prejudice	Jane Austen	Collins as the wisest thing she ever did
345	Dracula	Bram Stoker	If so we are now off in the North Sea, and only God can guide us in the fog, which seems to move with us; and God seems to have deserted us
1342	Pride and Prejudice	Jane Austen	It is almost past belief
1342	Pride and Prejudice	Jane Austen	Bennet; and, therefore, instead of making any answer, she went on as before
345	Dracula	Bram Stoker	When the snow storm abated a moment we looked again
345	Dracula	Bram Stoker	Therefore I shall fix some things she like not--garlic and a crucifix--and so seal up the door of the tomb
1661	The Adventures of Sherlock Holmes	Arthur Conan Doyle	There were Sherlock Holmes, the hydraulic engineer, Inspector Bradstreet, of Scotland Yard, a plain-clothes man, and myself
1661	The Adventures of Sherlock Holmes	Arthur Conan Doyle	There was nothing else save the five dried pips
345	Dracula	Bram Stoker	He looked at us over her bowed head, with eyes that blinked damply above his quivering nostrils; his mouth was set as steel
1342	Pride and Prejudice	Jane Austen	But let me advise you to think better of it
1661	The Adventures of Sherlock Holmes	Arthur Conan Doyle	But if you are found again, then all must come out
345	Dracula	Bram Stoker	All day long we seemed to dawdle through a country which was full of beauty of every kind
1342	Pride and Prejudice	Jane Austen	It was a rational scheme, to be sure
1342	Pride and Prejudice	Jane Austen	Lady Catherine is far from requiring that elegance of dress in us which becomes herself and daughter
345	Dracula	Bram Stoker	Her eyes have been where we were blinded
1661	The Adventures of Sherlock Holmes	Arthur Conan Doyle	It grew broader, and a woman appeared with a lamp in her hand, which she held above her head, pushing her face forward and peering at us
1342	Pride and Prejudice	Jane Austen	Collins, sat for some time without speaking to anybody
345	Dracula	Bram Stoker	When the Count saw my face, his eyes blazed with a sort of demoniac fury, and he suddenly made a grab at my throat
1342	Pride and Prejudice	Jane Austen	I could hardly help laughing aloud sometimes
1661	The Adventures of Sherlock Holmes	Arthur Conan Doyle	A maid rushed across and threw open the window
345	Dracula	Bram Stoker	What have I done to deserve such a fate, I who have tried to walk in meekness and righteousness all my days
1661	The Adventures of Sherlock Holmes	Arthur Conan Doyle	It might or might not bite the occupant, perhaps she might escape every night for a week, but sooner or later she must fall a victim
1661	The Adventures of Sherlock Holmes	Arthur Conan Doyle	No servant would stay with us, and for a long time we did all the work of the house
1661	The Adventures of Sherlock Holmes	Arthur Conan Doyle	You are endeavouring to trace some geese which were sold by Mrs
1661	The Adventures of Sherlock Holmes	Arthur Conan Doyle	That is why I have made you promise me that you will not tell a human being that you are going to Eyford to-night
345	Dracula	Bram Stoker	I tremble and tremble even yet, though till all was over, God be thanked, my nerve did stand
345	Dracula	Bram Stoker	This tomb was erected by his sorrowing mother to her dearly beloved son
345	Dracula	Bram Stoker	It must have been my weakness that made me hesitate to tell it to my friend, but I felt it all the more, like unshed tears
1342	Pride and Prejudice	Jane Austen	But does not Jane correspond with his sister
345	Dracula	Bram Stoker	Lucy is to be married in the autumn, and she is already planning out her dresses and how her house is to be arranged
345	Dracula	Bram Stoker	I laid down the razor, turning as I did so half round to look for some sticking plaster
1661	The Adventures of Sherlock Holmes	Arthur Conan Doyle	Colonel Lysander Stark sprang out, and, as I followed after him, pulled me swiftly into a porch which gaped in front of us
345	Dracula	Bram Stoker	Then she tore her hair and beat her breast, and abandoned herself to all the violences of extravagant emotion
345	Dracula	Bram Stoker	Harker was the only one who had any result, and we are in great hopes that his clue may be an important one
345	Dracula	Bram Stoker	But, now that I _know_, I am not afraid, even of the Count
1661	The Adventures of Sherlock Holmes	Arthur Conan Doyle	Palmer and Pritchard were among the heads of their profession
345	Dracula	Bram Stoker	It must be a terrible thing to you, my dear old fellow, to be placed in such a position between two people who are both so dear to you
1342	Pride and Prejudice	Jane Austen	The family were assembled in the breakfast-room to receive them
345	Dracula	Bram Stoker	Morris and Godalming and I shall prevent interference, even if we have to use the arms which we shall have ready
345	Dracula	Bram Stoker	I knew then that to struggle at the moment against the Count was useless
1342	Pride and Prejudice	Jane Austen	His wish of introducing his sister to her was a compliment of the highest kind
1342	Pride and Prejudice	Jane Austen	Into _one_ house in this neighbourhood they shall never have admittance
1661	The Adventures of Sherlock Holmes	Arthur Conan Doyle	For two streets he shuffled along with a bent back and an uncertain foot
345	Dracula	Bram Stoker	I knew, too, the red scar on his forehead where Jonathan had struck him
345	Dracula	Bram Stoker	The house is at present empty, but enclosed please find keys, all of which are labelled
1661	The Adventures of Sherlock Holmes	Arthur Conan Doyle	He would show me how to turn the stone into money
1661	The Adventures of Sherlock Holmes	Arthur Conan Doyle	A Scandal in Bohemia II
345	Dracula	Bram Stoker	I got back here in time for a late dinner; went my rounds--all well; and set this down whilst waiting for sleep
345	Dracula	Bram Stoker	The teaching, big or little, could not have landed Mina or me anywhere worse than we are to-day
345	Dracula	Bram Stoker	He was now fixed on the far east of the northern shore, on the east of the southern shore, and on the south
345	Dracula	Bram Stoker	Some day soon the Angel of Death will sound his trumpet for me
1342	Pride and Prejudice	Jane Austen	I have no such injuries to resent
1661	The Adventures of Sherlock Holmes	Arthur Conan Doyle	I settled myself down in the corner of the carriage and read it very carefully
1342	Pride and Prejudice	Jane Austen	Pray go to see them, with Sir William and Maria
1342	Pride and Prejudice	Jane Austen	Darcy has not made him just to you
1661	The Adventures of Sherlock Holmes	Arthur Conan Doyle	What else could she do
345	Dracula	Bram Stoker	When I saw him four days ago down at his own place he looked queer
1661	The Adventures of Sherlock Holmes	Arthur Conan Doyle	How could she, a young and timid woman, make her way into such a place and pluck her husband out from among the ruffians who surrounded him
345	Dracula	Bram Stoker	He is a funny old man
345	Dracula	Bram Stoker	Lucy was languid and tired, and slept on after we had been called
1342	Pride and Prejudice	Jane Austen	[Illustration] Elizabeth was sitting by herself the next morning, and writing to Jane, while Mrs
1342	Pride and Prejudice	Jane Austen	Take your choice, but you must be satisfied with only one
1661	The Adventures of Sherlock Holmes	Arthur Conan Doyle	That is the only drawback which we have found to her, but we believe her to be a thoroughly good girl in every way
345	Dracula	Bram Stoker	There lay Lucy, seemingly just as we had seen her the night before her funeral
1661	The Adventures of Sherlock Holmes	Arthur Conan Doyle	We shall now see how the electric-blue dress will become you
1342	Pride and Prejudice	Jane Austen	Tease him--laugh at him
1661	The Adventures of Sherlock Holmes	Arthur Conan Doyle	Ferguson appeared to be a morose and silent man, but I could see from the little that he said that he was at least a fellow-countryman
345	Dracula	Bram Stoker	I scolded him for it, but he argued quietly that it was very good and very wholesome; that it was life, strong life, and gave life to him
345	Dracula	Bram Stoker	She must go to your house, friend John
1342	Pride and Prejudice	Jane Austen	No one but Jane, she thought, could flatter herself with such an expectation
1342	Pride and Prejudice	Jane Austen	Bennet, offended by his manner of mentioning a country neighbourhood
1661	The Adventures of Sherlock Holmes	Arthur Conan Doyle	But that my girl should be entangled in the same meshes which held me was more than I could suffer
345	Dracula	Bram Stoker	He had heard him yell; and when he went to him found him lying on his face on the floor, all covered with blood
345	Dracula	Bram Stoker	but the relief of them was denied me; and now the sight of those sweet eyes, brightened with recent tears, went straight to my heart
1342	Pride and Prejudice	Jane Austen	Under such circumstances, however, he was not likely to be proof against the temptation of immediate relief
345	Dracula	Bram Stoker	We and you too--you most of all, my dear boy--will have to pass through the bitter water before we reach the sweet
1661	The Adventures of Sherlock Holmes	Arthur Conan Doyle	I rushed out, calling loudly for my stepfather, and I met him hastening from his room in his dressing-gown
1342	Pride and Prejudice	Jane Austen	Yes, she will do for him very well
1661	The Adventures of Sherlock Holmes	Arthur Conan Doyle	I have not treated her ungenerously, and she had no just cause of complaint against me, but you know what women are, Mr
345	Dracula	Bram Stoker	You tell not your madmen what you do nor why you do it; you tell them not what you think
1342	Pride and Prejudice	Jane Austen	[Illustration: [_Copyright 1894 by George Allen._]] CHAPTER V
345	Dracula	Bram Stoker	Van Helsing is coming to my study a little before the others
1342	Pride and Prejudice	Jane Austen	It is settled between us already that we are to be the happiest couple in the world
1661	The Adventures of Sherlock Holmes	Arthur Conan Doyle	Many people are improved by wearing it short and perhaps I should be among the number
1342	Pride and Prejudice	Jane Austen	She studied every sentence; and her feelings towards its writer were at times widely different
1342	Pride and Prejudice	Jane Austen	And then when we came away it was such fun
345	Dracula	Bram Stoker	Lucy is so sweet and sensitive that she feels influences more acutely than other people do
345	Dracula	Bram Stoker	By road, by rail, by water
1661	The Adventures of Sherlock Holmes	Arthur Conan Doyle	What could that mean
1342	Pride and Prejudice	Jane Austen	You supposed more than really existed
1342	Pride and Prejudice	Jane Austen	Bennet was likely to live; and Sir William gave it as his decided opinion, that whenever Mr
1661	The Adventures of Sherlock Holmes	Arthur Conan Doyle	There is so keen a sympathy between us that I should know if evil came upon him
1342	Pride and Prejudice	Jane Austen	It was not to be supposed that any other people could be meant than those with whom she was connected
1661	The Adventures of Sherlock Holmes	Arthur Conan Doyle	She is herself the very soul of delicacy
345	Dracula	Bram Stoker	There are but few houses close at hand, one being a very large house only recently added to and formed into a private lunatic asylum
1661	The Adventures of Sherlock Holmes	Arthur Conan Doyle	Upper Swandam Lane is a vile alley lurking behind the high wharves which line the north side of the river to the east of London Bridge
1661	The Adventures of Sherlock Holmes	Arthur Conan Doyle	Again a startled look came over the somewhat vacuous face of Miss Mary Sutherland
345	Dracula	Bram Stoker	Lucy lay motionless, and did not seem to have strength to speak, so for a while we were all silent
1342	Pride and Prejudice	Jane Austen	Bingley, and a charming prospect over that gravel walk
345	Dracula	Bram Stoker	My household work is done, so I shall take his foreign journal, and lock myself up in my room and read it
345	Dracula	Bram Stoker	Towards dusk she fell into a doze
345	Dracula	Bram Stoker	The earth smelled musty and close; but we did not somehow seem to mind, for our attention was concentrated on the Professor
345	Dracula	Bram Stoker	He become so small--we ourselves saw Miss Lucy, ere she was at peace, slip through a hairbreadth space at the tomb door
1661	The Adventures of Sherlock Holmes	Arthur Conan Doyle	I had, as you know, cut off my hair in London, and I had placed it in a great coil at the bottom of my trunk
1342	Pride and Prejudice	Jane Austen	The last born has as good a right to the pleasures of youth as the first
1661	The Adventures of Sherlock Holmes	Arthur Conan Doyle	When I rose from my father I looked round for it, but it was gone
345	Dracula	Bram Stoker	First, he asked if a man in England might have two solicitors or more
345	Dracula	Bram Stoker	It was only when I caught sight of the red blotch on Mrs
1342	Pride and Prejudice	Jane Austen	He studies too much for words of four syllables
345	Dracula	Bram Stoker	Do you ever try to read your own face
1342	Pride and Prejudice	Jane Austen	Catherine and Lydia had information for them of a different sort
1342	Pride and Prejudice	Jane Austen	The separation between her and her family was rather noisy than pathetic
1661	The Adventures of Sherlock Holmes	Arthur Conan Doyle	Simon shook his head
1342	Pride and Prejudice	Jane Austen	Bennet had been down stairs, but on this happy day she again took her seat at the head of her table, and in spirits oppressively high
345	Dracula	Bram Stoker	Some girls are so vain
1342	Pride and Prejudice	Jane Austen	His arrival was soon known at the Parsonage; for Mr
1661	The Adventures of Sherlock Holmes	Arthur Conan Doyle	The copyright laws of the place where you are located also govern what you can do with this work
1342	Pride and Prejudice	Jane Austen	Gardiner thought of him, and Mrs
1661	The Adventures of Sherlock Holmes	Arthur Conan Doyle	I could think of nothing save that he was running a tunnel to some other building
1661	The Adventures of Sherlock Holmes	Arthur Conan Doyle	It is the five miles of country which makes the danger
345	Dracula	Bram Stoker	Van Helsing would, I know, do anything for me for a personal reason, so, no matter on what ground he comes, we must accept his wishes
345	Dracula	Bram Stoker	Woe was it that his own unworthy brother, when he had fallen, sold his people to the Turk and brought the shame of slavery on them
11	Alice's Adventures in Wonderland	Lewis Carroll	They very soon came upon a Gryphon, lying fast asleep in the sun
345	Dracula	Bram Stoker	Then when his face grew grave and stern again I asked him why his mirth, and why at such a time
345	Dracula	Bram Stoker	This that we hunt from our village is a tiger, too, a man-eater, and he never cease to prowl
1342	Pride and Prejudice	Jane Austen	If _you_ have not been mistaken here, _I_ must have been in an error
1342	Pride and Prejudice	Jane Austen	Has it not been industriously circulated by yourselves
1661	The Adventures of Sherlock Holmes	Arthur Conan Doyle	Poor father has never been strong for years back, but this has broken him down completely
1342	Pride and Prejudice	Jane Austen	Pray forgive me, if I have been very presuming, or at least do not punish me so far as to exclude me from P
345	Dracula	Bram Stoker	Besides, I felt it was all so useless
1661	The Adventures of Sherlock Holmes	Arthur Conan Doyle	Aloysius Doran, at Lancaster Gate, where breakfast had been prepared
1342	Pride and Prejudice	Jane Austen	As he said this she could easily see that he had no doubt of a favourable answer
1661	The Adventures of Sherlock Holmes	Arthur Conan Doyle	Holmes, my hair is somewhat luxuriant, and of a rather peculiar tint of chestnut
345	Dracula	Bram Stoker	We must keep one another strong for what is before us; we have a cruel and dreadful task
1661	The Adventures of Sherlock Holmes	Arthur Conan Doyle	I suppose that I am commuting a felony, but it is just possible that I am saving a soul
345	Dracula	Bram Stoker	If so, we must look out for squalls, for a strong man with homicidal and religious mania at once might be dangerous
1342	Pride and Prejudice	Jane Austen	Bingley called again, and alone
345	Dracula	Bram Stoker	By this time to-morrow you will, please God, have passed them, and have drunk of the sweet waters; so do not mourn overmuch
1342	Pride and Prejudice	Jane Austen	She expressed her gratitude again, but it was too painful a subject to each to be dwelt on farther
345	Dracula	Bram Stoker	Having then reached my normal state, I discovered that I was half famished with hunger; so making a hasty toilet, I went into the other room
345	Dracula	Bram Stoker	That is much, my dear, ever were there that which I do not see
1342	Pride and Prejudice	Jane Austen	I hope he will overlook it
1661	The Adventures of Sherlock Holmes	Arthur Conan Doyle	I rushed forward, fell down, clapped my hand to my face, and became a piteous spectacle
1661	The Adventures of Sherlock Holmes	Arthur Conan Doyle	Her features and figure were those of a woman of thirty, but her hair was shot with premature grey, and her expression was weary and haggard
1342	Pride and Prejudice	Jane Austen	Well, I am sure I shall be extremely glad to see Mr
345	Dracula	Bram Stoker	She did not notice or make any movement whatever
345	Dracula	Bram Stoker	He made no reply whatever
1342	Pride and Prejudice	Jane Austen	I hate such false friends
1342	Pride and Prejudice	Jane Austen	I dare say the lace upon Mrs
345	Dracula	Bram Stoker	Their hands did not falter any the more because those that they loved implored them to slay them
1661	The Adventures of Sherlock Holmes	Arthur Conan Doyle	It is a cold night, and I observe that your circulation is more adapted for summer than for winter
345	Dracula	Bram Stoker	She was very, very pale--almost ghastly, and so thin that her lips were drawn away, showing her teeth in somewhat of prominence
345	Dracula	Bram Stoker	For half an hour or more Renfield kept getting excited in greater and greater degree
345	Dracula	Bram Stoker	Nature in one of her beneficent moods has ordained that even death has some antidote to its own terrors
345	Dracula	Bram Stoker	You have taken a weight off my mind
345	Dracula	Bram Stoker	I write this whilst we wait in a farmhouse for the horses to be got ready
345	Dracula	Bram Stoker	I may show it to Jonathan some day if there is in it anything worth sharing, but it is really an exercise book
1661	The Adventures of Sherlock Holmes	Arthur Conan Doyle	Mother was all in his favour from the first and was even fonder of him than I was
1661	The Adventures of Sherlock Holmes	Arthur Conan Doyle	Then my friend rose and threw open the door
345	Dracula	Bram Stoker	I showed not my feeling to others when it would wound, but only to you, my old friend, whom I can trust
1661	The Adventures of Sherlock Holmes	Arthur Conan Doyle	He lay back without wincing, though he bit his lip from time to time
1342	Pride and Prejudice	Jane Austen	His letter was soon despatched; for though dilatory in undertaking business, he was quick in its execution
345	Dracula	Bram Stoker	Westenra was naturally anxious concerning Lucy, and has consulted me professionally about her
345	Dracula	Bram Stoker	When I came down again I found the others all gathered round the fire in the study
1661	The Adventures of Sherlock Holmes	Arthur Conan Doyle	Yet this emaciation seemed to be his natural habit, and due to no disease, for his eye was bright, his step brisk, and his bearing assured
1661	The Adventures of Sherlock Holmes	Arthur Conan Doyle	You have heard something, Mr
345	Dracula	Bram Stoker	However, there were times when there were pauses between the snow flurries and I could see a long way round
345	Dracula	Bram Stoker	He got two in addition to the two we changed, so that now we have a rude four-in-hand
1342	Pride and Prejudice	Jane Austen	Our distress, my dear Lizzy, is very great
1342	Pride and Prejudice	Jane Austen	He was always to have gone on Saturday, and to Saturday he still meant to stay
1342	Pride and Prejudice	Jane Austen	Be assured, my dear sir, that Mrs
1661	The Adventures of Sherlock Holmes	Arthur Conan Doyle	He sprang round, and I could see in the gas-light that every vestige of colour had been driven from his face
1342	Pride and Prejudice	Jane Austen	On the following Monday, Mrs
1342	Pride and Prejudice	Jane Austen	But such as they were, it may be well supposed how eagerly she went through them, and what a contrariety of emotion they excited
1342	Pride and Prejudice	Jane Austen	On Saturday he came again
1342	Pride and Prejudice	Jane Austen	Gardiner looked at her niece with a smile, but Elizabeth could not return it
1661	The Adventures of Sherlock Holmes	Arthur Conan Doyle	His whole face sharpened away into nose and chin, and the skin of his cheeks was drawn quite tense over his outstanding bones
345	Dracula	Bram Stoker	I ran to the door, intending to descend and try and join them through the main hall, as I thought that way might be opened for them
345	Dracula	Bram Stoker	In one place part of the stonework of the graves stretches out over the sandy pathway far below
345	Dracula	Bram Stoker	He has managed to get a sparrow, and has already partially tamed it
1661	The Adventures of Sherlock Holmes	Arthur Conan Doyle	I have already learned all that is in the public prints, nothing more
1661	The Adventures of Sherlock Holmes	Arthur Conan Doyle	You say yourself that the horse was fresh and glossy when you got in
1661	The Adventures of Sherlock Holmes	Arthur Conan Doyle	Even my dread of losing a client could not restrain me from showing my impatience
345	Dracula	Bram Stoker	To-morrow will, I hope, mend all this; she will be herself at home in Exeter
1342	Pride and Prejudice	Jane Austen	In everything else she is as good-natured a girl as ever lived
345	Dracula	Bram Stoker	His power ceases, as does that of all evil things, at the coming of the day
1342	Pride and Prejudice	Jane Austen	She was to accompany Sir William and his second daughter
1342	Pride and Prejudice	Jane Austen	If _he_ wishes to avoid seeing _me_ he must go
345	Dracula	Bram Stoker	He grew quite hysterical, and raising his open hands, beat his palms together in a perfect agony of grief
1342	Pride and Prejudice	Jane Austen	When this information was given, and they had all taken their seats, Mr
345	Dracula	Bram Stoker	The only sail noticeable was a foreign schooner with all sails set, which was seemingly going westwards
1342	Pride and Prejudice	Jane Austen	Its banks were neither formal nor falsely adorned
345	Dracula	Bram Stoker	He is only a wreck of himself, and he does not remember anything that has happened to him for a long time past
1661	The Adventures of Sherlock Holmes	Arthur Conan Doyle	Your task is confined to that
345	Dracula	Bram Stoker	I know that you were with her at Whitby
1342	Pride and Prejudice	Jane Austen	Darcy, who never looks at any woman but to see a blemish, and who probably never looked at _you_ in his life
1342	Pride and Prejudice	Jane Austen	The looks and behaviour of everybody they had seen were discussed, except of the person who had mostly engaged their attention
1342	Pride and Prejudice	Jane Austen	Why must _she_ be scampering about the country, because her sister had a cold
1661	The Adventures of Sherlock Holmes	Arthur Conan Doyle	A lean, ferret-like man, furtive and sly-looking, was waiting for us upon the platform
345	Dracula	Bram Stoker	I do not wish to try too hard lest I harm her; for I know that she have suffer much, and sleep at times be all-in-all to her
1342	Pride and Prejudice	Jane Austen	Wickham, of course, wanted more than he could get; but at length was reduced to be reasonable
345	Dracula	Bram Stoker	He seems absolutely imperturbable
1342	Pride and Prejudice	Jane Austen	I fancy, Lizzy, that obstinacy is the real defect of his character, after all
1342	Pride and Prejudice	Jane Austen	Elizabeth longed to explore its windings; but when they had crossed the bridge, and perceived their distance from the house, Mrs
1342	Pride and Prejudice	Jane Austen	You do not make allowance enough for difference of situation and temper
345	Dracula	Bram Stoker	Retired worn out; slept soundly; awaked by mate telling me that both man of watch and steersman missing
345	Dracula	Bram Stoker	None of us said a word of the other operations, and none of us ever shall
345	Dracula	Bram Stoker	Its master spoke to it gently, and then harshly, and then angrily; but it would neither come nor cease to make a noise
1661	The Adventures of Sherlock Holmes	Arthur Conan Doyle	Armitage, of Crane Water, near Reading
1342	Pride and Prejudice	Jane Austen	I am sure my sisters must all envy me
1661	The Adventures of Sherlock Holmes	Arthur Conan Doyle	It was a considerable sum, for people in their position, and the loss of it would have made a serious difference
345	Dracula	Bram Stoker	We must push on harder than ever; our help may be wanted soon
1661	The Adventures of Sherlock Holmes	Arthur Conan Doyle	In that, however, I was in error
345	Dracula	Bram Stoker	Then he went and made open the shutters in front and walk out and in through the door, before the very eyes of the police
1661	The Adventures of Sherlock Holmes	Arthur Conan Doyle	Jeremiah Hayling, aged twenty-six, a hydraulic engineer
345	Dracula	Bram Stoker	But there are things that you know not, but that you shall know, and bless me for knowing, though they are not pleasant things
1661	The Adventures of Sherlock Holmes	Arthur Conan Doyle	What could be the reason of his overpowering terror
1342	Pride and Prejudice	Jane Austen	The children have been wanting me this half hour
1342	Pride and Prejudice	Jane Austen	Their reception at home was most kind
1661	The Adventures of Sherlock Holmes	Arthur Conan Doyle	You remember in her statement she said that her sister could smell Dr
1342	Pride and Prejudice	Jane Austen	Bennet, with civil self-command, to Miss Lucas
1342	Pride and Prejudice	Jane Austen	The visit was returned in due form
345	Dracula	Bram Stoker	You forget that I am a lawyer as well as a doctor
1661	The Adventures of Sherlock Holmes	Arthur Conan Doyle	Windibank came he made her sell the business, for he was very superior, being a traveller in wines
345	Dracula	Bram Stoker	Once again I drew up the blind, whilst Van Helsing went towards the bed
1342	Pride and Prejudice	Jane Austen	I am confident that she would have performed delightfully
1342	Pride and Prejudice	Jane Austen	Miss Darcy, the daughter of Mr
345	Dracula	Bram Stoker	I did not trust you because I did not know you
1342	Pride and Prejudice	Jane Austen	This is your final resolve
1342	Pride and Prejudice	Jane Austen	But I have other provocations
1661	The Adventures of Sherlock Holmes	Arthur Conan Doyle	For an instant I could hardly believe that here was indeed a door which led away from death
345	Dracula	Bram Stoker	John will stay with Madam Mina and me, and we shall consult
1661	The Adventures of Sherlock Holmes	Arthur Conan Doyle	Rucastle expressed a delight at the look of it, which seemed quite exaggerated in its vehemence
345	Dracula	Bram Stoker	Behind the rails of the balcony I saw there were some loose boards, whose raw edges looked white
345	Dracula	Bram Stoker	At the same time, I am not by any means satisfied with her appearance; she is woefully different from what she was when I saw her last
1342	Pride and Prejudice	Jane Austen	What shall we do with him
345	Dracula	Bram Stoker	I fear what her dreams might be like, with such terrible memories to ground them in
1342	Pride and Prejudice	Jane Austen	She followed her father to the fireplace, and they both sat down
345	Dracula	Bram Stoker	We must continue our watching, as the ship may now be signalled any moment
1661	The Adventures of Sherlock Holmes	Arthur Conan Doyle	It is a capital mistake to theorise before one has data
345	Dracula	Bram Stoker	I wonder if his mind can have become in any way unhinged
345	Dracula	Bram Stoker	We were, I think, all a little upset by the scene with Mr
1661	The Adventures of Sherlock Holmes	Arthur Conan Doyle	It would only have made him mad to know, so we just fixed it all up for ourselves
345	Dracula	Bram Stoker	The chances are desperate, but my need is more desperate still
1661	The Adventures of Sherlock Holmes	Arthur Conan Doyle	There is not an instant to be lost
1342	Pride and Prejudice	Jane Austen	She declared her resolution
345	Dracula	Bram Stoker	Jonathan was holding me by the arm, the way he used to in old days before I went to school
1661	The Adventures of Sherlock Holmes	Arthur Conan Doyle	The lady had taken a quick step forward and had held out her hand to him, but he still refused to raise his eyes
345	Dracula	Bram Stoker	Seward, had given in and made no resistance
345	Dracula	Bram Stoker	A band of Szgany have come to the castle, and are encamped in the courtyard
345	Dracula	Bram Stoker	The attendant knew the symptoms, and at once summoned aid
345	Dracula	Bram Stoker	The house looked as though it had been long untenanted
1342	Pride and Prejudice	Jane Austen	I am not indebted for my present happiness to your eager desire of expressing your gratitude
1661	The Adventures of Sherlock Holmes	Arthur Conan Doyle	I can see him now, with yellow, pasty face, drooping lids, and pin-point pupils, all huddled in a chair, the wreck and ruin of a noble man
345	Dracula	Bram Stoker	How good you are to me
1342	Pride and Prejudice	Jane Austen	No man of common humanity, no man who had any value for his character, could be capable of it
1342	Pride and Prejudice	Jane Austen	Every park has its beauty and its prospects; and Elizabeth saw much to be pleased with, though she could not be in such raptures as Mr
345	Dracula	Bram Stoker	Men sneered at vivisection, and yet look at its results to-day
1342	Pride and Prejudice	Jane Austen	The carriage was sent to meet them at----, and they were to return in it by dinnertime
345	Dracula	Bram Stoker	He begins to doubt himself
1661	The Adventures of Sherlock Holmes	Arthur Conan Doyle	The photograph becomes a double-edged weapon now
1342	Pride and Prejudice	Jane Austen	The death of your daughter would have been a blessing in comparison of this
345	Dracula	Bram Stoker	Mina, dear, what is it
11	Alice's Adventures in Wonderland	Lewis Carroll	In a minute or two the Caterpillar took the hookah out of its mouth and yawned once or twice, and shook itself
1661	The Adventures of Sherlock Holmes	Arthur Conan Doyle	The wind was howling outside, and the rain was beating and splashing against the windows
1342	Pride and Prejudice	Jane Austen	Every day at Longbourn was now a day of anxiety; but the most anxious part of each was when the post was expected
345	Dracula	Bram Stoker	It was terribly weak, and looked quite emaciated
345	Dracula	Bram Stoker	Lord Godalming tells me to sleep for a while, as it is enough for the present for one to be on watch
345	Dracula	Bram Stoker	I went to it softly and listened
345	Dracula	Bram Stoker	I sat down beside him and took his hand
345	Dracula	Bram Stoker	Later in the day he sent for me
345	Dracula	Bram Stoker	When I bent over her I could see that she was still asleep
345	Dracula	Bram Stoker	When we entered we met Mrs
1342	Pride and Prejudice	Jane Austen	Had I been in love, I could not have been more wretchedly blind
1661	The Adventures of Sherlock Holmes	Arthur Conan Doyle	Every clue seems to slip through my fingers
1342	Pride and Prejudice	Jane Austen	Her mother only scolded her for being nonsensical
1342	Pride and Prejudice	Jane Austen	But, unluckily for her Ladyship, its effect had been exactly contrariwise
345	Dracula	Bram Stoker	I could not see a key anywhere, but the heap of gold remained
1661	The Adventures of Sherlock Holmes	Arthur Conan Doyle	You took me in completely
1661	The Adventures of Sherlock Holmes	Arthur Conan Doyle	Round his brow he had a peculiar yellow band, with brownish speckles, which seemed to be bound tightly round his head
1661	The Adventures of Sherlock Holmes	Arthur Conan Doyle	But soon he found that that would not answer forever
345	Dracula	Bram Stoker	It is as long to wait here as there
1342	Pride and Prejudice	Jane Austen	He inquired how far Netherfield was from Meryton; and, after receiving her answer, asked in a hesitating manner how long Mr
345	Dracula	Bram Stoker	I was now in a wing of the castle further to the right than the rooms I knew and a storey lower down
1661	The Adventures of Sherlock Holmes	Arthur Conan Doyle	He was wild, wayward, and, to speak the truth, I could not trust him in the handling of large sums of money
345	Dracula	Bram Stoker	what has happened to him
1342	Pride and Prejudice	Jane Austen	Other schemes, too, came into her head
345	Dracula	Bram Stoker	She was breathing naturally and looked so well and peaceful that we agreed that the sleep was better for her than anything else
345	Dracula	Bram Stoker	The first watch falls to Quincey, so the rest of us shall be off to bed as soon as we can
1342	Pride and Prejudice	Jane Austen	Bennet had so carefully provided for the entertainment of her brother and sister, that they did not once sit down to a family dinner
345	Dracula	Bram Stoker	There are more yarns to be told, and other wounds to be healed, and another health to be drunk
11	Alice's Adventures in Wonderland	Lewis Carroll	Soup of the evening, beautiful Soup
1661	The Adventures of Sherlock Holmes	Arthur Conan Doyle	Baker with a sigh of relief
345	Dracula	Bram Stoker	A man does not like to prove such a truth; Byron excepted from the category, jealousy
345	Dracula	Bram Stoker	When I look back after a few hours I think I must have been mad for the time, for I behaved much as a rat does in a trap
345	Dracula	Bram Stoker	The other fellow jumped down and struck him over the head with the butt-end of his heavy whip
345	Dracula	Bram Stoker	He does not wish to be disturbed in the work, without cause
345	Dracula	Bram Stoker	Here comes Madam Mina; not a word to her of her trance
1342	Pride and Prejudice	Jane Austen	The first time of my ever seeing him in Hertfordshire, you must know, was at a ball--and at this ball, what do you think he did
345	Dracula	Bram Stoker	You do this, whose sanity we have reason to doubt, since you are not yet released from medical treatment for this very defect
345	Dracula	Bram Stoker	The Russian consul, too, acting for the charter-party, took formal possession of the ship, and paid all harbour dues, etc
1661	The Adventures of Sherlock Holmes	Arthur Conan Doyle	If the lady loves her husband, she does not love your Majesty
1661	The Adventures of Sherlock Holmes	Arthur Conan Doyle	Holder and I went into the dining-room and waited by the fire until he should return
345	Dracula	Bram Stoker	Until this afternoon I had no cause to think of what is done
345	Dracula	Bram Stoker	This boy will some day know what a brave and gallant woman his mother is
1342	Pride and Prejudice	Jane Austen	I cannot but wonder, however, at her having any such fears now, because if he had at all cared about me, we must have met long, long ago
1661	The Adventures of Sherlock Holmes	Arthur Conan Doyle	It was no wonder that it had not been swept away by the tide
1661	The Adventures of Sherlock Holmes	Arthur Conan Doyle	THE MAN WITH THE TWISTED LIP Isa Whitney, brother of the late Elias Whitney, D.D., Principal of the Theological College of St
1342	Pride and Prejudice	Jane Austen	She blushed at the very idea; and thought it would be better to speak openly to her aunt, than to run such a risk
1661	The Adventures of Sherlock Holmes	Arthur Conan Doyle	Not a word of news came for a year and more, so that I never doubted that Frank was really dead
345	Dracula	Bram Stoker	His hand actually seemed like a steel vice that could have crushed mine if he had chosen
1342	Pride and Prejudice	Jane Austen	and it was not wholly without foundation
1661	The Adventures of Sherlock Holmes	Arthur Conan Doyle	This account of you we have from all quarters received
345	Dracula	Bram Stoker	He went on with his singing, just as though we had not been present
1342	Pride and Prejudice	Jane Austen	Her father had been an attorney in Meryton, and had left her four thousand pounds
1342	Pride and Prejudice	Jane Austen	The housekeeper came; a respectable looking elderly woman, much less fine, and more civil, than she had any notion of finding her
345	Dracula	Bram Stoker	They were a hundred times more terrible in the grim silence which held them than even when they howled
1661	The Adventures of Sherlock Holmes	Arthur Conan Doyle	I snatched it up and examined it
345	Dracula	Bram Stoker	I have only the Count to speak with, and he!--I fear I am myself the only living soul within the place
345	Dracula	Bram Stoker	There is really nothing to interest you
345	Dracula	Bram Stoker	They all four lay helpless on the floor, breathing heavily
345	Dracula	Bram Stoker	ANOTHER CHILD INJURED
1661	The Adventures of Sherlock Holmes	Arthur Conan Doyle	He was too good and kind to leave me so
345	Dracula	Bram Stoker	Then he stood up, looked into the keyhole, blew into it, and turning to his employers, made some remark
1342	Pride and Prejudice	Jane Austen	Bingley with having promised on his first coming into the country to give a ball at Netherfield
1661	The Adventures of Sherlock Holmes	Arthur Conan Doyle	In one of these wings the windows were broken and blocked with wooden boards, while the roof was partly caved in, a picture of ruin
345	Dracula	Bram Stoker	He has at present such a quantity that I have had myself to expostulate
1661	The Adventures of Sherlock Holmes	Arthur Conan Doyle	All this is amusing, though rather elementary, but I must go back to business, Watson
345	Dracula	Bram Stoker	Then Van Helsing beckoned to me, and we went gently out of the room
345	Dracula	Bram Stoker	Moreover, the walls of my castle are broken; the shadows are many, and the wind breathes cold through the broken battlements and casements
1661	The Adventures of Sherlock Holmes	Arthur Conan Doyle	Having done this, you must at once put the box out upon the sundial, as directed
1661	The Adventures of Sherlock Holmes	Arthur Conan Doyle	Here is the stone; the stone came from the goose, and the goose came from Mr
345	Dracula	Bram Stoker	Oh, why did I ever go to Whitby
1661	The Adventures of Sherlock Holmes	Arthur Conan Doyle	They all appear to be adhesive, and there is a distinct odour of lime-cream
345	Dracula	Bram Stoker	We seem at last to be on the track, and our work of to-morrow may be the beginning of the end
1661	The Adventures of Sherlock Holmes	Arthur Conan Doyle	She lives quietly, sings at concerts, drives out at five every day, and returns at seven sharp for dinner
345	Dracula	Bram Stoker	When she woke from the trance, she was cold, and exhausted, and languid; but her mind was all alert
11	Alice's Adventures in Wonderland	Lewis Carroll	After a time she heard a little pattering of feet in the distance, and she hastily dried her eyes to see what was coming
345	Dracula	Bram Stoker	Lucy and I had both a fight for it with the dusty miller; I know it was a hard fight on my part, and I am quite heroic
1661	The Adventures of Sherlock Holmes	Arthur Conan Doyle	There he is, all safe and sound
345	Dracula	Bram Stoker	I was, in fact, beginning to shudder at the presence of this being, this Un-Dead, as Van Helsing called it, and to loathe it
1661	The Adventures of Sherlock Holmes	Arthur Conan Doyle	Philosophy, astronomy, and politics were marked at zero, I remember
345	Dracula	Bram Stoker	But as yet you are to be punished for what you have done
1342	Pride and Prejudice	Jane Austen	It was first broken by Mrs
345	Dracula	Bram Stoker	I am all in a sea of wonders
1661	The Adventures of Sherlock Holmes	Arthur Conan Doyle	His wicked lust for gold kindled at the news, and he bent her to his will
1342	Pride and Prejudice	Jane Austen	It is not of peculiar, but of general evils, which I am now complaining
345	Dracula	Bram Stoker	The other was fair, as fair as can be, with great wavy masses of golden hair and eyes like pale sapphires
345	Dracula	Bram Stoker	It is not only because it is all sweet to me, but because you have been, and are, very dear to me
1342	Pride and Prejudice	Jane Austen	She was immediately told, that the two gentlemen from Rosings had each called during her absence; Mr
345	Dracula	Bram Stoker	Westenra driving by the road and Lucy and I walking by the cliff-path and joining her at the gate
345	Dracula	Bram Stoker	When I wake I try to hypnotise her; but alas
1661	The Adventures of Sherlock Holmes	Arthur Conan Doyle	She was rather above the middle height, slim, with dark hair and eyes, which seemed the darker against the absolute pallor of her skin
1342	Pride and Prejudice	Jane Austen	Her astonishment, as she reflected on what had passed, was increased by every review of it
345	Dracula	Bram Stoker	Men seem to have forgotten their dread
345	Dracula	Bram Stoker	Lucy is ill; that is, she has no special disease, but she looks awful, and is getting worse every day
345	Dracula	Bram Stoker	I have asked him to come at once
1661	The Adventures of Sherlock Holmes	Arthur Conan Doyle	My God, what shall I do
345	Dracula	Bram Stoker	We never could have found the dates otherwise
1661	The Adventures of Sherlock Holmes	Arthur Conan Doyle	His eyes twinkled, and there was even a touch of colour upon his sallow cheeks
1661	The Adventures of Sherlock Holmes	Arthur Conan Doyle	Until after the alarm of fire, I had not a suspicion
345	Dracula	Bram Stoker	Van Helsing has returned
1661	The Adventures of Sherlock Holmes	Arthur Conan Doyle	I rushed towards it and pulled at the handle, but it was quite secure, and did not give in the least to my kicks and shoves
345	Dracula	Bram Stoker	This, my dear fellow, is in obedience to your wishes, for I am only too proud and happy to do anything I can for her
1342	Pride and Prejudice	Jane Austen	To Elizabeth, however, he voluntarily acknowledged that the necessity of his absence _had_ been self-imposed
1342	Pride and Prejudice	Jane Austen	[Illustration] More than once did Elizabeth, in her ramble within the park, unexpectedly meet Mr
345	Dracula	Bram Stoker	As I got through the belt of trees I saw a white figure scale the high wall which separates our grounds from those of the deserted house
345	Dracula	Bram Stoker	I was afraid to raise my eyelids, but looked out and saw perfectly under the lashes
1342	Pride and Prejudice	Jane Austen	I see the imprudence of it
1342	Pride and Prejudice	Jane Austen	Bennet rang the bell, and Miss Elizabeth was summoned to the library
345	Dracula	Bram Stoker	Unless they heal within a day or two, I shall insist on the doctor seeing about them
1661	The Adventures of Sherlock Holmes	Arthur Conan Doyle	I think that there was probably some more tangible cause
1342	Pride and Prejudice	Jane Austen	It was too early in the morning for visitors; and besides, the equipage did not answer to that of any of their neighbours
1661	The Adventures of Sherlock Holmes	Arthur Conan Doyle	Besides, she is not so very young
345	Dracula	Bram Stoker	Of them he will have deeds of purchase, keys and other things
1342	Pride and Prejudice	Jane Austen	As they passed into other rooms, these objects were taking different positions; but from every window there were beauties to be seen
345	Dracula	Bram Stoker	And so the circle goes on ever widening, like as the ripples from a stone thrown in the water
345	Dracula	Bram Stoker	We have been accustomed to hunt together, and we two, well armed, will be a match for whatever may come along
1342	Pride and Prejudice	Jane Austen	Darcy, to allow nothing for the influence of friendship and affection
345	Dracula	Bram Stoker	m._--The attendant has just been to me to say that Renfield has been very sick and has disgorged a whole lot of feathers
1342	Pride and Prejudice	Jane Austen	As for Wickham and Lydia, their characters suffered no revolution from the marriage of her sisters
1661	The Adventures of Sherlock Holmes	Arthur Conan Doyle	The trap drove on, and a few minutes later we saw a sudden light spring up among the trees as the lamp was lit in one of the sitting-rooms
345	Dracula	Bram Stoker	When I came in he threw himself on his knees before me and implored me to let him have a cat; that his salvation depended upon it
345	Dracula	Bram Stoker	Presently the horses began to scream, and tore at their tethers till I came to them and quieted them
345	Dracula	Bram Stoker	He was in no friendly mood, when just at full tide, the thin man came up the gang-plank again and asked to see where his box had been stowed
345	Dracula	Bram Stoker	Thus the coastguard on duty on the eastern side of the harbour, who at once ran down to the little pier, was the first to climb on board
345	Dracula	Bram Stoker	He was now more sure than ever of his ground, and so emboldened to proceed in his task
1342	Pride and Prejudice	Jane Austen	Darcy has not authorized me to make his communication public
1661	The Adventures of Sherlock Holmes	Arthur Conan Doyle	I had hardly finished when Holmes returned with the news that the boy was putting in the horse
1342	Pride and Prejudice	Jane Austen	They then sat down, and when her inquiries after Rosings were made, seemed in danger of sinking into total silence
345	Dracula	Bram Stoker	Harker waiting us, with an appearance of cheerfulness which did honour to her bravery and unselfishness
345	Dracula	Bram Stoker	This he then took, and rolling it into thin strips, began to lay them into the crevices between the door and its setting in the tomb
345	Dracula	Bram Stoker	Not an hour shall you wait in my house against your will, though sad am I at your going, and that you so suddenly desire it
1661	The Adventures of Sherlock Holmes	Arthur Conan Doyle	It was a quarter-past nine when I started from home and made my way across the Park, and so through Oxford Street to Baker Street
345	Dracula	Bram Stoker	The terrible task was over
1342	Pride and Prejudice	Jane Austen	The advice was followed readily, for the feverish symptoms increased, and her head ached acutely
345	Dracula	Bram Stoker	The soft moonlight soothed, and the wide expanse without gave a sense of freedom which refreshed me
345	Dracula	Bram Stoker	She looked sweetly pretty, but very sad, and her eyes were flushed with crying
345	Dracula	Bram Stoker	Godalming is an amateur fitter himself, and evidently it was he who put the launch in trim again
1342	Pride and Prejudice	Jane Austen	There is a stubbornness about me that never can bear to be frightened at the will of others
345	Dracula	Bram Stoker	I have not yet seen a servant anywhere, or heard a sound near the castle except the howling of wolves
345	Dracula	Bram Stoker	It is surrounded by a high wall, of ancient structure, built of heavy stones, and has not been repaired for a large number of years
345	Dracula	Bram Stoker	Though there might be danger to her body, yet her soul was safe
345	Dracula	Bram Stoker	Are now without second mate, and crew in a panic
1342	Pride and Prejudice	Jane Austen	Do not let us quarrel about the past
1342	Pride and Prejudice	Jane Austen	Darcy said very little, and Mr
345	Dracula	Bram Stoker	He came at once; as he passed into the room, he asked Mina if the others might come, too
345	Dracula	Bram Stoker	But I myself eat, for I must needs now be strong for all
345	Dracula	Bram Stoker	For answer he nodded his head
345	Dracula	Bram Stoker	I rejoiced, for I knew that what she could not, none of those that we dreaded could
345	Dracula	Bram Stoker	Thank everybody for being so good to me
11	Alice's Adventures in Wonderland	Lewis Carroll	ever so many lessons to learn
1342	Pride and Prejudice	Jane Austen	You deserve no such attention
345	Dracula	Bram Stoker	I shall get my typewriter this very hour and begin transcribing
11	Alice's Adventures in Wonderland	Lewis Carroll	The Hatter was the first to break the silence
345	Dracula	Bram Stoker	In the afternoon she asked for Arthur, and we telegraphed for him
345	Dracula	Bram Stoker	There distinctly was Lucy with her head lying up against the side of the window-sill and her eyes shut
345	Dracula	Bram Stoker	I therefore tried to raise her up, and said, as gravely as I could, that I thanked her, but my duty was imperative, and that I must go
345	Dracula	Bram Stoker	This morning I am horribly weak
1342	Pride and Prejudice	Jane Austen	Hurst, merely looked the gentleman; but his friend Mr
1342	Pride and Prejudice	Jane Austen	It was consoling that he should know she had some relations for whom there was no need to blush
345	Dracula	Bram Stoker	Look at his persistence and endurance
345	Dracula	Bram Stoker	I have not yet seen the Count in the daylight
345	Dracula	Bram Stoker	He would have taken or destroyed it
1342	Pride and Prejudice	Jane Austen	And when we _do_ return, it shall not be like other travellers, without being able to give one accurate idea of anything
345	Dracula	Bram Stoker	I thought that it was another occasion for hypnotism, and without question went for the Professor
1342	Pride and Prejudice	Jane Austen	Darcy looked, therefore, she could not tell
345	Dracula	Bram Stoker	That is just it: this Thing is not human--not even beast
1342	Pride and Prejudice	Jane Austen	Darcy called on his sister to join him in expressing their wish of seeing Mr
1342	Pride and Prejudice	Jane Austen	She had already learnt that Lady Catherine was still in the country
345	Dracula	Bram Stoker	But this is heresy, and I must not say it
345	Dracula	Bram Stoker	This afternoon she made a funny remark
345	Dracula	Bram Stoker	I laid down, whilst I waited his leisure to attend to me, for I felt faint and a little sick
345	Dracula	Bram Stoker	Took larboard watch eight bells last night; was relieved by Abramoff, but did not go to bunk
1661	The Adventures of Sherlock Holmes	Arthur Conan Doyle	There is a woodcock, I believe
345	Dracula	Bram Stoker	Take then good note of it
345	Dracula	Bram Stoker	There was something about his manner so suspicious that I asked him point blank if he had been asleep
1342	Pride and Prejudice	Jane Austen	It was all over before I arrived; so my curiosity was not so dreadfully racked as _yours_ seems to have been
1661	The Adventures of Sherlock Holmes	Arthur Conan Doyle	It is certain, therefore, that my sister was quite alone when she met her end
1661	The Adventures of Sherlock Holmes	Arthur Conan Doyle	Besides, what use was my hair to me
345	Dracula	Bram Stoker	As soon as I dared I ran up the winding stair, and looked out of the window, which opened south
1661	The Adventures of Sherlock Holmes	Arthur Conan Doyle	I slipped out of bed, all palpitating with fear, and peeped round the corner of my dressing-room door
345	Dracula	Bram Stoker	I tried to satisfy myself on the subject, but could not arrive at any unquestionable result
345	Dracula	Bram Stoker	It was the doubt as to the reality of the whole thing that knocked me over
345	Dracula	Bram Stoker	Later on in the day she told me the cause
1661	The Adventures of Sherlock Holmes	Arthur Conan Doyle	In the second one which I visited in Northumberland Avenue, I learned by an inspection of the book that Francis H
345	Dracula	Bram Stoker	But there was no reflection of him in the mirror
1661	The Adventures of Sherlock Holmes	Arthur Conan Doyle	Holmes rushed at the bell-pull, tore back a small sliding shutter, and, plunging in his hand, pulled out a photograph and a letter
345	Dracula	Bram Stoker	Jonathan would be miserable if he knew I had been crying
1342	Pride and Prejudice	Jane Austen	And you only the second
1342	Pride and Prejudice	Jane Austen	Darcy in anything, and persevered, therefore, in requiring an explanation of his two motives
345	Dracula	Bram Stoker	It was as if the blood, no longer needed for the working of the heart, had gone to make the harshness of death as little rude as might be
1342	Pride and Prejudice	Jane Austen	Could he expect that her friends would not step forward
345	Dracula	Bram Stoker	This criminal has not full man-brain
1661	The Adventures of Sherlock Holmes	Arthur Conan Doyle	I dropped my gun and held him in my arms, but he almost instantly expired
345	Dracula	Bram Stoker	It is my record of to-day
1661	The Adventures of Sherlock Holmes	Arthur Conan Doyle	Take your pistol, and we will enter Dr
345	Dracula	Bram Stoker	They had also their long staves in hand
345	Dracula	Bram Stoker	Doubtless we are on the track of the missing boxes
1661	The Adventures of Sherlock Holmes	Arthur Conan Doyle	I do not think that I have ever seen so thin a man
345	Dracula	Bram Stoker	And so it is we find this coffin empty
345	Dracula	Bram Stoker	For his solemnity of the night before had greatly impressed me
1342	Pride and Prejudice	Jane Austen	Bennet was really in a most pitiable state
1342	Pride and Prejudice	Jane Austen	You have deprived the best years of his life of that independence which was no less his due than his desert
345	Dracula	Bram Stoker	In the hall he opened the dining-room door, and we passed in, he closing the door carefully behind him
345	Dracula	Bram Stoker	The man touched his hat, took his bag, put on his coat and departed; not a soul took the slightest notice of the whole transaction
1661	The Adventures of Sherlock Holmes	Arthur Conan Doyle	There could be no possible reason
345	Dracula	Bram Stoker	Van Helsing is lying down, having a rest preparatory to his journey
345	Dracula	Bram Stoker	I shall not even feel the change, for last night Dr
1661	The Adventures of Sherlock Holmes	Arthur Conan Doyle	Some little distance down Threadneedle Street, upon the left-hand side, there is, as you may have remarked, a small angle in the wall
345	Dracula	Bram Stoker	As she came in, she handed a number of sheets of typewriting to Van Helsing
345	Dracula	Bram Stoker	Whilst that lasts, there can be no disbelief
1342	Pride and Prejudice	Jane Austen	My father, however, is partial to Mr
345	Dracula	Bram Stoker	There was undoubtedly something, long and black, bending over the half-reclining white figure
345	Dracula	Bram Stoker	Van Helsing stepped from the carriage with the eager nimbleness of a boy
345	Dracula	Bram Stoker	Arthur placed the point over the heart, and as I looked I could see its dint in the white flesh
345	Dracula	Bram Stoker	What happened was this: Two nights ago my friend Seward and I came here--with good purpose, believe me
1342	Pride and Prejudice	Jane Austen	There was not much in the question, nor in the preceding remark; but there was a look and a manner which gave them meaning
345	Dracula	Bram Stoker	Just now his hobby is catching flies
345	Dracula	Bram Stoker	After fumbling about for a bit he tried a second, and then a third
1342	Pride and Prejudice	Jane Austen	Wickham for the last time
345	Dracula	Bram Stoker	This was odd, but only confirmed what I had all along thought--that there were no servants in the house
1661	The Adventures of Sherlock Holmes	Arthur Conan Doyle	This man strikes even deeper, but I think, Watson, that we shall be able to strike deeper still
1661	The Adventures of Sherlock Holmes	Arthur Conan Doyle	He said a few words to each candidate as he came up, and then he always managed to find some fault in them which would disqualify them
345	Dracula	Bram Stoker	She was restless and uneasy all the time, and I cannot but think that her dreaming at night is telling on her
345	Dracula	Bram Stoker	I determined to have the matter out
1342	Pride and Prejudice	Jane Austen	Though her manner varied, however, her determination never did
345	Dracula	Bram Stoker	Some sort of shadowy pall seems to be coming over our happiness
1342	Pride and Prejudice	Jane Austen	My sole dependence was on you; and I am sure nobody else will believe me, if you do not
345	Dracula	Bram Stoker	But oh, Mina, I love him; I love him; I love him
345	Dracula	Bram Stoker	Now, Madam Mina, you are in any case _quite_ safe here until the sunset; and before then we shall return--if---- We shall return
1342	Pride and Prejudice	Jane Austen	I shall never forget her appearance this morning
1661	The Adventures of Sherlock Holmes	Arthur Conan Doyle	There was a cheetah, too; perhaps we might find it upon our shoulders at any moment
345	Dracula	Bram Stoker	Something made me start up, a low, piteous howling of dogs somewhere far below in the valley, which was hidden from my sight
345	Dracula	Bram Stoker	There was something so panther-like in the movement--something so unhuman, that it seemed to sober us all from the shock of his coming
1342	Pride and Prejudice	Jane Austen	[Illustration] The first week of their return was soon gone
1342	Pride and Prejudice	Jane Austen	Since the ----shire were first quartered in Meryton, nothing but love, flirtation, and officers, have been in her head
1661	The Adventures of Sherlock Holmes	Arthur Conan Doyle	The man who entered was a strange and impressive figure
1342	Pride and Prejudice	Jane Austen	When (to take the present book only) Mr
1342	Pride and Prejudice	Jane Austen	They could have been understood only by her mother, who might have felt nearly the same
1661	The Adventures of Sherlock Holmes	Arthur Conan Doyle	What a tissue of mysteries and improbabilities the whole thing was
345	Dracula	Bram Stoker	Morris--Lord Godalming being next the Professor, and Dr
1342	Pride and Prejudice	Jane Austen	Collins was only a clergyman; and it affected them in no other way than as a piece of news to spread at Meryton
11	Alice's Adventures in Wonderland	Lewis Carroll	So she set to work, and very soon finished off the cake
1342	Pride and Prejudice	Jane Austen	Elizabeth walked on in quest of the only face whose features would be known to her
1342	Pride and Prejudice	Jane Austen	But think no more of the letter
345	Dracula	Bram Stoker	As she looked, her eyes blazed with unholy light, and the face became wreathed with a voluptuous smile
345	Dracula	Bram Stoker	If I only could have as strong a cause as my poor mad friend there--a good, unselfish cause to make me work--that would be indeed happiness
1342	Pride and Prejudice	Jane Austen	I assure you that if Darcy were not such a great tall fellow, in comparison with myself, I should not pay him half so much deference
1661	The Adventures of Sherlock Holmes	Arthur Conan Doyle	He ran round, like a dog who is picking up a scent, and then turned upon my companion
345	Dracula	Bram Stoker	Van Helsing looked at me questioningly
1342	Pride and Prejudice	Jane Austen	Bingley, but without seeming to have noticed what passed, took leave and rode on with his friend
1661	The Adventures of Sherlock Holmes	Arthur Conan Doyle	I had it from the stevedore who has been loading their cargo
345	Dracula	Bram Stoker	I tried to be stern with him, as one is to a woman under the circumstances; but it had no effect
345	Dracula	Bram Stoker	You will need all your faith, even you who have had such an experience as that of to-day
345	Dracula	Bram Stoker	he has assurance of some kind that he will acquire some higher life
1342	Pride and Prejudice	Jane Austen	The prospect of the Netherfield ball was extremely agreeable to every female of the family
1661	The Adventures of Sherlock Holmes	Arthur Conan Doyle	I know that her word is inviolate
345	Dracula	Bram Stoker	His pets are of odd sorts
345	Dracula	Bram Stoker	I read in the typescript that in my trance I heard cows low and water swirling level with my ears and the creaking of wood
1342	Pride and Prejudice	Jane Austen	She was overpowered by shame and vexation
1342	Pride and Prejudice	Jane Austen	You know, sister, we agreed long ago never to mention a word about it
1342	Pride and Prejudice	Jane Austen	Yet, how just a humiliation
1342	Pride and Prejudice	Jane Austen	He was at the same time haughty, reserved, and fastidious; and his manners, though well bred, were not inviting
1661	The Adventures of Sherlock Holmes	Arthur Conan Doyle	The Man with the Twisted Lip VII
1342	Pride and Prejudice	Jane Austen	In another minute Mr
1342	Pride and Prejudice	Jane Austen	Gardiner it had a peculiarly strong attraction
345	Dracula	Bram Stoker	As a preliminary step, I was released from my promise to her
345	Dracula	Bram Stoker	I rest on the sofa, so as not to disturb her
345	Dracula	Bram Stoker	It is too bad that men cannot be trusted unless they are watched
345	Dracula	Bram Stoker	I thought it well to know if possible where the Count would go when he left the house
1661	The Adventures of Sherlock Holmes	Arthur Conan Doyle	I lowered my handkerchief and glanced at Mrs
345	Dracula	Bram Stoker	The time is come, I fear, when I must open that parcel, and know what is written
345	Dracula	Bram Stoker	But at that instant, another sensation swept through me as quick as lightning
345	Dracula	Bram Stoker	I am so happy to-night, because dear Lucy seems better
345	Dracula	Bram Stoker	For a few moments the breathing continued to be stertorous
1342	Pride and Prejudice	Jane Austen	You will be censured, slighted, and despised, by everyone connected with him
1661	The Adventures of Sherlock Holmes	Arthur Conan Doyle	It is a _bijou_ villa, with a garden at the back, but built out in front right up to the road, two stories
345	Dracula	Bram Stoker	And will you not so much honour me and so help me as to read it for me
345	Dracula	Bram Stoker	Harker yielded to the hypnotic influence even less readily than this morning
1342	Pride and Prejudice	Jane Austen	Only let me assure you, my dear Miss Elizabeth, that I can from my heart most cordially wish you equal felicity in marriage
1342	Pride and Prejudice	Jane Austen	That she should receive an offer of marriage from Mr
345	Dracula	Bram Stoker	And yet, my dear, let me whisper, I felt a thrill of joy through me when I _knew_ that no other woman was a cause of trouble
345	Dracula	Bram Stoker	He had a mighty brain, a learning beyond compare, and a heart that knew no fear and no remorse
345	Dracula	Bram Stoker	I have asked her to send me her maid, that I may ask just one or two question, that so I may not chance to miss nothing
345	Dracula	Bram Stoker	It all touched me, and upset me very much
1342	Pride and Prejudice	Jane Austen	From their infancy, they have been intended for each other
345	Dracula	Bram Stoker	This is now all the more precious that he know it not, and to guard himself have even cut himself off from his knowledge of our where
1342	Pride and Prejudice	Jane Austen	But Georgiana would not join her
1661	The Adventures of Sherlock Holmes	Arthur Conan Doyle	Across his lap lay the short stock with the long lash which we had noticed during the day
345	Dracula	Bram Stoker	Van Helsing, you may do what you will
1342	Pride and Prejudice	Jane Austen	Bingley does not know Mr
345	Dracula	Bram Stoker	The sounds seemed to have awakened the maids, too, for I could hear their bare feet pattering outside my door
1661	The Adventures of Sherlock Holmes	Arthur Conan Doyle	But we have to be careful, for we have twice been deceived by wigs and once by paint
345	Dracula	Bram Stoker	Already the certainty that the Count is out of the country has given her comfort; and comfort is strength to her
1661	The Adventures of Sherlock Holmes	Arthur Conan Doyle	And if it were guilty, why did he not invent a lie
345	Dracula	Bram Stoker	The box was given to Skinsky before sunrise
1342	Pride and Prejudice	Jane Austen	If I had known as much this morning, I certainly would not have called on him
1661	The Adventures of Sherlock Holmes	Arthur Conan Doyle	She left her room, therefore, and came into mine, where she sat for some time, chatting about her approaching wedding
345	Dracula	Bram Stoker	Nor in materialisation
345	Dracula	Bram Stoker	And your husband--tell me of him
345	Dracula	Bram Stoker	It is worth to teach you
345	Dracula	Bram Stoker	Things are moving too quickly and too strangely for sound sleep for any of us these times
1661	The Adventures of Sherlock Holmes	Arthur Conan Doyle	And there is a little reward, I fancy
1342	Pride and Prejudice	Jane Austen	Bennet seemed wholly disinclined at present to leave London, and promised to write again very soon
345	Dracula	Bram Stoker	He can do all these things, yet he is not free
1342	Pride and Prejudice	Jane Austen	In the intervals of her discourse with Mrs
1661	The Adventures of Sherlock Holmes	Arthur Conan Doyle	There were six troopers and six of us, so it was a close thing, but we emptied four of their saddles at the first volley
345	Dracula	Bram Stoker	The Professor knows something of a great many languages, so we shall get on all right
345	Dracula	Bram Stoker	Together the two ascended the steps, and Lord Godalming pointed out what he wanted done
345	Dracula	Bram Stoker	I could not pity her, for I knew now what had become of her child, and she was better dead
345	Dracula	Bram Stoker	I looked around for his birds, and not seeing them, asked him where they were
345	Dracula	Bram Stoker	This paper is as sunshine
345	Dracula	Bram Stoker	This is a terrible thought; for if so, what does it mean that he could control the wolves, as he did, by only holding up his hand in silence
345	Dracula	Bram Stoker	That is not enough for me
1342	Pride and Prejudice	Jane Austen	Wickham began the subject himself
1661	The Adventures of Sherlock Holmes	Arthur Conan Doyle	As it was, he suffered a long term of imprisonment and afterwards returned to England a morose and disappointed man
1342	Pride and Prejudice	Jane Austen	It was a journey of only twenty-four miles, and they began it so early as to be in Gracechurch Street by noon
1661	The Adventures of Sherlock Holmes	Arthur Conan Doyle	Merryweather, but he is at the head of his profession, and I would rather have my bracelets on him than on any criminal in London
1342	Pride and Prejudice	Jane Austen	My aunt told me so herself on Saturday
345	Dracula	Bram Stoker	Seward tried one or two skeleton keys, his mechanical dexterity as a surgeon standing him in good stead
345	Dracula	Bram Stoker	He and his wife, the old lady who had received me, looked at each other in a frightened sort of way
345	Dracula	Bram Stoker	Then we go on for long, long hours and hours
1342	Pride and Prejudice	Jane Austen	No; hatred had vanished long ago, and she had almost as long been ashamed of ever feeling a dislike against him, that could be so called
1342	Pride and Prejudice	Jane Austen	Vanity and pride are different things, though the words are often used synonymously
345	Dracula	Bram Stoker	He find in patience just how is his strength, and what are his powers
1661	The Adventures of Sherlock Holmes	Arthur Conan Doyle	It took all my self-control to prevent me from breaking out into a cry of astonishment
345	Dracula	Bram Stoker	He is well, and will be returning in about a week
1342	Pride and Prejudice	Jane Austen	How I long to see her
345	Dracula	Bram Stoker	When we were shown in, Mrs
1342	Pride and Prejudice	Jane Austen	Collins has made you an offer of marriage
1342	Pride and Prejudice	Jane Austen	_They_ will never be distressed for money
1342	Pride and Prejudice	Jane Austen	Perhaps other people have said so before, but no one with such justice
1342	Pride and Prejudice	Jane Austen	He had done all this for a girl whom he could neither regard nor esteem
1661	The Adventures of Sherlock Holmes	Arthur Conan Doyle	We know something of Saxe-Coburg Square
345	Dracula	Bram Stoker	We can only trust the good God
1342	Pride and Prejudice	Jane Austen	and with the knowledge of your ill opinion too
345	Dracula	Bram Stoker	_Omne ignotum pro magnifico_; and so with heavy hearts we start to find what ships leave for the Black Sea last night
1661	The Adventures of Sherlock Holmes	Arthur Conan Doyle	It must have been a very long time, for the moon had sunk, and a bright morning was breaking when I came to myself
1661	The Adventures of Sherlock Holmes	Arthur Conan Doyle	One by one the management of the noble houses of Great Britain is passing into the hands of our fair cousins from across the Atlantic
1342	Pride and Prejudice	Jane Austen	What is to become of us
1661	The Adventures of Sherlock Holmes	Arthur Conan Doyle	My wife is very anxious that you should come, for she has been much attracted by my description of you
1342	Pride and Prejudice	Jane Austen	Some time hence it will be all found out, and then we may laugh at their stupidity in not knowing it before
1661	The Adventures of Sherlock Holmes	Arthur Conan Doyle	You see, Watson, our little deductions have suddenly assumed a much more important and less innocent aspect
345	Dracula	Bram Stoker	I am getting quite uneasy about him, though why I should I do not know; but I do wish that he would write, if it were only a single line
1342	Pride and Prejudice	Jane Austen	Collins, and the convenient distance of Hunsford from London
1342	Pride and Prejudice	Jane Austen	The dinner was as well dressed as any I ever saw
345	Dracula	Bram Stoker	let me speak, and you shall learn
1661	The Adventures of Sherlock Holmes	Arthur Conan Doyle	As I turned to speak to her the brute broke loose and fluttered off among the others
1661	The Adventures of Sherlock Holmes	Arthur Conan Doyle	To do this, we must try the simplest means first, and these lie undoubtedly in an advertisement in all the evening papers
1661	The Adventures of Sherlock Holmes	Arthur Conan Doyle	Vincent Spaulding did what he could to cheer me up, but by bedtime I had reasoned myself out of the whole thing
1342	Pride and Prejudice	Jane Austen	But I will not torment you with vain wishes, which may seem purposely to ask for your thanks
1342	Pride and Prejudice	Jane Austen	Did he know of their intending to go off
345	Dracula	Bram Stoker	Godalming has already turned in, for his is the second watch
345	Dracula	Bram Stoker	In case the coroner should demand it, there would be a formal inquest, necessarily to the same result
1342	Pride and Prejudice	Jane Austen	She is upstairs, and will have great satisfaction in seeing you all
1342	Pride and Prejudice	Jane Austen	Bennet, and the mortification of Kitty, are scarcely to be described
345	Dracula	Bram Stoker	My own heart grew cold as ice, and I could hear the gasp of Arthur, as we recognised the features of Lucy Westenra
345	Dracula	Bram Stoker	I only hoped to find, and find I have, all that there was--only some letters and a few memoranda, and a diary new begun
345	Dracula	Bram Stoker	Before we went to prepare for dinner he said to Mrs
1342	Pride and Prejudice	Jane Austen	Elizabeth was watchful enough to see it all, but she could see it and write of it without material pain
345	Dracula	Bram Stoker	A table in the centre was littered with English magazines and newspapers, though none of them were of very recent date
1661	The Adventures of Sherlock Holmes	Arthur Conan Doyle	My heart turned to water, for there was no sign of the stone, and I knew that some terrible mistake had occurred
1342	Pride and Prejudice	Jane Austen	Gardiner had seen Pemberley, and known the late Mr
345	Dracula	Bram Stoker	It was my privilege to be your friend and guide when you came from the schoolroom to prepare for the world of life
1342	Pride and Prejudice	Jane Austen	She was shown into the breakfast parlour, where all but Jane were assembled, and where her appearance created a great deal of surprise
1342	Pride and Prejudice	Jane Austen	All this was acknowledged to Mrs
1342	Pride and Prejudice	Jane Austen	What did Colonel Forster say
345	Dracula	Bram Stoker	Harker has got the letters between the consignee of the boxes at Whitby and the carriers in London who took charge of them
345	Dracula	Bram Stoker	m._--Oh, but I am tired
1661	The Adventures of Sherlock Holmes	Arthur Conan Doyle	I went about, however, with a heart which was full of forebodings
11	Alice's Adventures in Wonderland	Lewis Carroll	Let me think: was I the same when I got up this morning
1661	The Adventures of Sherlock Holmes	Arthur Conan Doyle	But how to get to him in safety
1342	Pride and Prejudice	Jane Austen	I have told Miss Bennet several times, that she will never play really well, unless she practises more; and though Mrs
345	Dracula	Bram Stoker	They burned into me, and my strength became like water
1661	The Adventures of Sherlock Holmes	Arthur Conan Doyle	I thought of the salt that I have been working upon
1661	The Adventures of Sherlock Holmes	Arthur Conan Doyle	There is a fierce eddy between the wharf and the house
1342	Pride and Prejudice	Jane Austen	But that is nothing to us
1342	Pride and Prejudice	Jane Austen	Where shall you change horses
345	Dracula	Bram Stoker	Thus we shall have two more hypnotic messages from Mrs
1661	The Adventures of Sherlock Holmes	Arthur Conan Doyle	It was an ideal spring day, a light blue sky, flecked with little fleecy white clouds drifting across from west to east
345	Dracula	Bram Stoker	Nay, the end--the very end--may give you a gleam of peace
1342	Pride and Prejudice	Jane Austen	Collins had a compliment and an allusion to throw in here, which were kindly smiled on by the mother and daughter
1661	The Adventures of Sherlock Holmes	Arthur Conan Doyle	Donations are accepted in a number of other ways including checks, online payments and credit card donations
1661	The Adventures of Sherlock Holmes	Arthur Conan Doyle	I shall be happy to give you an opinion upon the subject in the course of a day or two
1342	Pride and Prejudice	Jane Austen	Collins repeated his apologies in quitting the room, and was assured, with unwearying civility, that they were perfectly needless
345	Dracula	Bram Stoker	I begin to get new lights on certain things which have puzzled me
1661	The Adventures of Sherlock Holmes	Arthur Conan Doyle	Then they will not lose a minute, for the sooner they do their work the longer time they will have for their escape
1661	The Adventures of Sherlock Holmes	Arthur Conan Doyle	As I passed out through the wicket gate, however, I found my acquaintance of the morning waiting in the shadow upon the other side
1342	Pride and Prejudice	Jane Austen	Lady Catherine was reckoned proud by many people, he knew, but _he_ had never seen anything but affability in her
1661	The Adventures of Sherlock Holmes	Arthur Conan Doyle	You may safely trust him, for he appears to be too limp to get into any mischief
1661	The Adventures of Sherlock Holmes	Arthur Conan Doyle	He did tell me the address
345	Dracula	Bram Stoker	Then I looked around for the Count, but, with surprise and gladness, made a discovery
1342	Pride and Prejudice	Jane Austen	They will ruin your happiness
1661	The Adventures of Sherlock Holmes	Arthur Conan Doyle	The rest is of the greyish colour, which shows that blotting-paper has been used
345	Dracula	Bram Stoker	We shall go to make our search--if I can call it so, for it is not search but knowing, and we seek confirmation only
345	Dracula	Bram Stoker	I procured him a double supply, and left him as happy a man as, I suppose, any in the world
345	Dracula	Bram Stoker	The rest of us are, with what patience we can, waiting their return--or the coming of the Count
1342	Pride and Prejudice	Jane Austen	A report of a most alarming nature reached me two days ago
1661	The Adventures of Sherlock Holmes	Arthur Conan Doyle	What would he do then
345	Dracula	Bram Stoker	We should neither of us shrink from the task--awful though it be to contemplate
1342	Pride and Prejudice	Jane Austen	It was a comfort to Elizabeth to consider that Jane could not have been wearied by long expectations
345	Dracula	Bram Stoker	Shortly after I had arrived, a big parcel from abroad came for the Professor
345	Dracula	Bram Stoker	The customs and the octroi, if there be any, have been avoided
345	Dracula	Bram Stoker	My friends, this is much; it is a terrible task that we undertake, and there may be consequence to make the brave shudder
345	Dracula	Bram Stoker	Thorough search, but no one found
1342	Pride and Prejudice	Jane Austen	Gardiner, whose curiosity as to the mode of her intelligence was all alive
1661	The Adventures of Sherlock Holmes	Arthur Conan Doyle	This is my friend and colleague, Dr
1661	The Adventures of Sherlock Holmes	Arthur Conan Doyle	His cheeks were red, his brow was all crinkled with anger, and the veins stood out at his temples with passion
1342	Pride and Prejudice	Jane Austen	I really cannot _laugh_ at it
345	Dracula	Bram Stoker	His eyebrows were very massive, almost meeting over the nose, and with bushy hair that seemed to curl in its own profusion
1342	Pride and Prejudice	Jane Austen	_She_ blushed, and Jane blushed; but the cheeks of the two who caused their confusion suffered no variation of colour
345	Dracula	Bram Stoker	I must be firm, for on me this particular burden of silence must rest
1342	Pride and Prejudice	Jane Austen	It convinced her that accident only could discover to Mr
345	Dracula	Bram Stoker	I told the messenger to say that I would attend to his wishes in the morning; I was busy just at the moment
1342	Pride and Prejudice	Jane Austen	They had all been very ill-used since she last saw her sister
345	Dracula	Bram Stoker	She knew, of course, that the place was a lunatic asylum, but I could see that she was unable to repress a shudder when we entered
1661	The Adventures of Sherlock Holmes	Arthur Conan Doyle	It seems absurdly simple, and yet, somehow I can get nothing to go upon
345	Dracula	Bram Stoker	I fear I have alarmed you
1342	Pride and Prejudice	Jane Austen	There was no arguing upon such a project
1342	Pride and Prejudice	Jane Austen	Gardiner expressed a wish of going round the whole park, but feared it might be beyond a walk
345	Dracula	Bram Stoker	There were no windows in it, so we were not afraid of being over-looked
1342	Pride and Prejudice	Jane Austen	All expectation from the brother was now absolutely over
1342	Pride and Prejudice	Jane Austen	The dear Colonel rallied his spirits tolerably till just at last; but Darcy seemed to feel it most acutely--more, I think, than last year
345	Dracula	Bram Stoker	I should have fled in terror and left my work undone
345	Dracula	Bram Stoker	The Professor closed the door again, and, after looking at the direction, opened it and read aloud
345	Dracula	Bram Stoker	I began to rub my eyes and pinch myself to see if I were awake
345	Dracula	Bram Stoker	The dear child is still asleep
345	Dracula	Bram Stoker	We could see now the sandy road lying white before us, but there was on it no sign of a vehicle
1661	The Adventures of Sherlock Holmes	Arthur Conan Doyle	And here comes the country surgeon and Mrs
345	Dracula	Bram Stoker	The men all jumped to their feet; Lord Godalming flew over to the window and threw up the sash
1661	The Adventures of Sherlock Holmes	Arthur Conan Doyle	They say that away down in the village, and even in the distant parsonage, that cry raised the sleepers from their beds
1661	The Adventures of Sherlock Holmes	Arthur Conan Doyle	That was last Friday, Mr
345	Dracula	Bram Stoker	I found supper already laid out
345	Dracula	Bram Stoker	I quite love that dear Dr
345	Dracula	Bram Stoker	Truly Miss Lucy, if she be sad in the foes that beset her, is at least happy in the friends that love her
345	Dracula	Bram Stoker	The day is running by more quickly than I ever thought a day could run for me again
1342	Pride and Prejudice	Jane Austen	After an affectionate parting between the friends, Elizabeth was attended to the carriage by Mr
1661	The Adventures of Sherlock Holmes	Arthur Conan Doyle	He drank a great deal of brandy and smoked very heavily, but he would see no society and did not want any friends, not even his own brother
345	Dracula	Bram Stoker	But we are pledged to set the world free
1342	Pride and Prejudice	Jane Austen	Forster promised to have a little dance in the evening; (by-the-bye, Mrs
345	Dracula	Bram Stoker	But she sleep not, being as though I were not
1661	The Adventures of Sherlock Holmes	Arthur Conan Doyle	In this I was asked to sit, and then Mr
1661	The Adventures of Sherlock Holmes	Arthur Conan Doyle	Close at his heels came the colonel himself, a man rather over the middle size, but of an exceeding thinness
345	Dracula	Bram Stoker	Tom, with a cheery laugh
345	Dracula	Bram Stoker	Good-bye, my dearest Lucy, and all blessings on you
1342	Pride and Prejudice	Jane Austen	He had been some time with Mr
345	Dracula	Bram Stoker	The attendants hesitated, but finally carried out my wishes without protest
1342	Pride and Prejudice	Jane Austen	Gardiner expressed an inclination to see the place again
1342	Pride and Prejudice	Jane Austen	Wickham will soon be gone; and, therefore, it will not signify to anybody here what he really is
345	Dracula	Bram Stoker	I hope there cannot be anything the matter with Jonathan
345	Dracula	Bram Stoker	The disease--for not to be all well is a disease--interest me, and the sweet young dear, she interest me too
1342	Pride and Prejudice	Jane Austen	There is a mixture of servility and self-importance in his letter which promises well
1342	Pride and Prejudice	Jane Austen	Darcy it was welcome intelligence: Elizabeth had been at Netherfield long enough
1661	The Adventures of Sherlock Holmes	Arthur Conan Doyle	Seeing that his passion was becoming ungovernable, I left him and returned towards Hatherley Farm
1342	Pride and Prejudice	Jane Austen	He was the proudest, most disagreeable man in the world, and everybody hoped that he would never come there again
345	Dracula	Bram Stoker	I shrugged my shoulders, however, and rested silent, for Van Helsing had a way of going on his own road, no matter who remonstrated
345	Dracula	Bram Stoker	They seem to do nothing all day but sit up here and talk
1342	Pride and Prejudice	Jane Austen	She dared not even mention that gentleman
345	Dracula	Bram Stoker	When it struck him what he said, he was horrified at his thoughtlessness and tried to comfort her
1342	Pride and Prejudice	Jane Austen	If he fears me, why come hither
345	Dracula	Bram Stoker	_By Water._--Here is the safest way, in one respect, but with most danger in another
1342	Pride and Prejudice	Jane Austen	Nobody can tell what I suffer
1661	The Adventures of Sherlock Holmes	Arthur Conan Doyle	I have already arranged what is to occur
1661	The Adventures of Sherlock Holmes	Arthur Conan Doyle	It walked slowly across the lawn and vanished into the shadow upon the other side
1342	Pride and Prejudice	Jane Austen	Is nothing due to me on that score
345	Dracula	Bram Stoker	We left in pretty good time, and came after nightfall to Klausenburgh
1661	The Adventures of Sherlock Holmes	Arthur Conan Doyle	I already regretted having ever consented to take charge of it
1661	The Adventures of Sherlock Holmes	Arthur Conan Doyle	We could write in the meantime, and he used to write every day
1342	Pride and Prejudice	Jane Austen	Why must their marriage be private
1342	Pride and Prejudice	Jane Austen	Gardiner did not attempt to conceal these particulars from the Longbourn family; Jane heard them with horror
1342	Pride and Prejudice	Jane Austen	And when the party entered the assembly-room, it consisted of only five altogether: Mr
1342	Pride and Prejudice	Jane Austen	Darcy_, you see, is the man
345	Dracula	Bram Stoker	He rubbed the brandy, as on another occasion, on her lips and gums and on her wrists and the palms of her hands
1342	Pride and Prejudice	Jane Austen	Ring the bell, Kitty, for Hill
345	Dracula	Bram Stoker	I must have gone fast, and yet it seemed to me as if my feet were weighted with lead, and as though every joint in my body were rusty
345	Dracula	Bram Stoker	Quicker and quicker danced the dust; the moonbeams seemed to quiver as they went by me into the mass of gloom beyond
1342	Pride and Prejudice	Jane Austen	Bingley, who came from the dance for a few minutes to press his friend to join it
345	Dracula	Bram Stoker	Then, too, Lucy, although she is so well, has lately taken to her old habit of walking in her sleep
1342	Pride and Prejudice	Jane Austen	It is not quite a week since they left Brighton
1342	Pride and Prejudice	Jane Austen	She looked at his two sisters, and saw them making signs of derision at each other, and at Darcy, who continued, however, impenetrably grave
345	Dracula	Bram Stoker	Jonathan coming in had not waked me, for he lay by my side when next I remember
345	Dracula	Bram Stoker	When the man had fairly gone, we three crossed the street and knocked at the door
345	Dracula	Bram Stoker	The Professor looked sternly grave
345	Dracula	Bram Stoker	If I write no more Good-bye, Mina
345	Dracula	Bram Stoker	Of course he wanted to be with me; but then the boat service would, most likely, be the one which would destroy the
345	Dracula	Bram Stoker	Fortunately it cannot leave a scar, as it is so tiny
345	Dracula	Bram Stoker	I shall be back as soon as possible
345	Dracula	Bram Stoker	She assented readily, so readily that I saw again the hand of Nature fighting for life
1342	Pride and Prejudice	Jane Austen	He could tell her nothing new of the wonders of his presentation and knighthood; and his civilities were worn out, like his information
345	Dracula	Bram Stoker	Then she looked around the room, and seeing where she was, shuddered; she gave a loud cry, and put her poor thin hands before her pale face
1342	Pride and Prejudice	Jane Austen	You have withheld the advantages which you must know to have been designed for him
1661	The Adventures of Sherlock Holmes	Arthur Conan Doyle	But the instant that she was gone he realised how crushing a misfortune this would be for you, and how all-important it was to set it right
345	Dracula	Bram Stoker	Come now and be silent
345	Dracula	Bram Stoker	This looked like some new scheme of villainy
1661	The Adventures of Sherlock Holmes	Arthur Conan Doyle	It was late before Sherlock Holmes returned
1342	Pride and Prejudice	Jane Austen	But the person who advanced was now near enough to see her, and stepping forward with eagerness, pronounced her name
1342	Pride and Prejudice	Jane Austen	But they did pass away, and Mr
1342	Pride and Prejudice	Jane Austen	You are all to come to Pemberley at Christmas
345	Dracula	Bram Stoker	Them things be all wore out
345	Dracula	Bram Stoker	Van Helsing, Art, and I moved forward to Mrs
345	Dracula	Bram Stoker	He has chosen this earth because it has been holy
345	Dracula	Bram Stoker	They told me you were down in the spirit, and that you were of a ghastly pale
345	Dracula	Bram Stoker	You must not be alone; for to be alone is to be full of fears and alarms
345	Dracula	Bram Stoker	The morning is bitterly cold; the furnace heat is grateful, though we have heavy fur coats
345	Dracula	Bram Stoker	They are hospitable, with true Yorkshire hospitality: give a guest everything, and leave him free to do as he likes
345	Dracula	Bram Stoker	At the same time there was despair in his eyes, for the risen sun was reddening even Mrs
345	Dracula	Bram Stoker	Husband Jonathan would not like to see you so pale; and what he like not where he love, is not to his good
1661	The Adventures of Sherlock Holmes	Arthur Conan Doyle	The grey pavement had been cleaned and scraped, but was still dangerously slippery, so that there were fewer passengers than usual
1342	Pride and Prejudice	Jane Austen	How little did you tell me of what passed at Pemberley and Lambton
345	Dracula	Bram Stoker	A minute later I went over and tried it, and the door was locked
1342	Pride and Prejudice	Jane Austen	He comes down on Thursday, at the latest, very likely on Wednesday
345	Dracula	Bram Stoker	He reeled and would have fallen had we not caught him
345	Dracula	Bram Stoker	She went away with the message, and, engrossed with our work, I clean forgot all about him
345	Dracula	Bram Stoker	I have mentioned this to Van Helsing, and he and I are to talk it over when we are alone
1342	Pride and Prejudice	Jane Austen	I cannot think so very ill of Wickham
345	Dracula	Bram Stoker	Van Helsing, with his usual methodicalness, began taking the various contents from his bag and placing them ready for use
345	Dracula	Bram Stoker	The dog is always with him
345	Dracula	Bram Stoker	Thank God, the ceasing of telling things has made no difference between us
1342	Pride and Prejudice	Jane Austen	What could be the meaning of it
345	Dracula	Bram Stoker	I suppose it is some of that horrid poison which has got into her veins beginning to work
1342	Pride and Prejudice	Jane Austen	Darcy was almost as far from her as the table could divide them
345	Dracula	Bram Stoker	This time he did not start as he looked on the poor face with the same awful, waxen pallor as before
345	Dracula	Bram Stoker	On the bed beside the window lay Jonathan Harker, his face flushed and breathing heavily as though in a stupor
345	Dracula	Bram Stoker	I could not understand then what the haste meant, but the driver was evidently bent on losing no time in reaching Borgo Prund
345	Dracula	Bram Stoker	The Professor took a small surgical saw from his case, and handing it to me, pointed to the iron bars which guarded the window
1342	Pride and Prejudice	Jane Austen	yes; there is nothing in that
1342	Pride and Prejudice	Jane Austen	They were off Saturday night about twelve, as is conjectured, but were not missed till yesterday morning at eight
1342	Pride and Prejudice	Jane Austen	I always had a value for him
345	Dracula	Bram Stoker	Besides, he can summon his wolf and I know not what
1661	The Adventures of Sherlock Holmes	Arthur Conan Doyle	Far away we could hear the deep tones of the parish clock, which boomed out every quarter of an hour
345	Dracula	Bram Stoker	Mate could not make out what was wrong; they only told him there was _something_, and crossed themselves
345	Dracula	Bram Stoker	I had thrown myself beside her in an agony of helpless grief, and putting my arms around held her tight
1342	Pride and Prejudice	Jane Austen	Darcy, who sat opposite to them
1342	Pride and Prejudice	Jane Austen	She would not betray her trust, I suppose, without bribery and corruption, for she really did know where her friend was to be found
11	Alice's Adventures in Wonderland	Lewis Carroll	A Caucus-Race and a Long Tale CHAPTER IV
345	Dracula	Bram Stoker	At the first, I tell Madam Mina to sleep; she try, and she succeed
1342	Pride and Prejudice	Jane Austen	Elizabeth was disgusted, and even Miss Bennet was shocked
1342	Pride and Prejudice	Jane Austen	Bingley was sure of being liked wherever he appeared; Darcy was continually giving offence
1342	Pride and Prejudice	Jane Austen	From something that he told me in our journey hither, I have reason to think Bingley very much indebted to him
345	Dracula	Bram Stoker	One of the attendants, Hardy, had a finger broken
1342	Pride and Prejudice	Jane Austen	I have great hopes of finding him quite the reverse
345	Dracula	Bram Stoker	Let me ask for this concession--boon, privilege, what you will
1342	Pride and Prejudice	Jane Austen	Wickham, I can only refute it by laying before you the whole of his connection with my family
345	Dracula	Bram Stoker	Morris, you should be proud of your great state
1342	Pride and Prejudice	Jane Austen	She was not sorry, however, to have the recital of them interrupted by the entrance of the lady from whom they sprang
1661	The Adventures of Sherlock Holmes	Arthur Conan Doyle	You may go to any expense which you think necessary
1342	Pride and Prejudice	Jane Austen	Miss Bingley succeeded no less in the real object of her civility: Mr
1661	The Adventures of Sherlock Holmes	Arthur Conan Doyle	This stone is not yet twenty years old
1661	The Adventures of Sherlock Holmes	Arthur Conan Doyle	I just made up my mind to run away and explain afterwards
345	Dracula	Bram Stoker	Well, in him the brain powers survived the physical death; though it would seem that memory was not all complete
1342	Pride and Prejudice	Jane Austen	Bingley was unaffectedly civil in his answer, and forced his younger sister to be civil also, and say what the occasion required
1342	Pride and Prejudice	Jane Austen	Never had his wit been directed in a manner so little agreeable to her
345	Dracula	Bram Stoker	He must be a very peculiar man
345	Dracula	Bram Stoker	Lucy walks more than ever, and each night I am awakened by her moving about the room
1342	Pride and Prejudice	Jane Austen	Her prudent mother, occupied by the same ideas, forbore to invite him to sit by herself
345	Dracula	Bram Stoker	we have had too much already
1661	The Adventures of Sherlock Holmes	Arthur Conan Doyle	Pray tell me in what way I can reward you
1661	The Adventures of Sherlock Holmes	Arthur Conan Doyle	The streets will be crowded, so I trust that you may be in safety
345	Dracula	Bram Stoker	He was lying on his belly on the floor licking up, like a dog, the blood which had fallen from my wounded wrist
345	Dracula	Bram Stoker	Fortune favoured us, and we got home without meeting a soul
1342	Pride and Prejudice	Jane Austen	But, however, he is very welcome to come to Netherfield, if he likes it
345	Dracula	Bram Stoker	The attendant told me the patient had gone to the left, and had taken a straight line, so I ran as quickly as I could
1661	The Adventures of Sherlock Holmes	Arthur Conan Doyle	As to the photograph, your client may rest in peace
1661	The Adventures of Sherlock Holmes	Arthur Conan Doyle	Then it was withdrawn as suddenly as it appeared, and all was dark again save the single lurid spark which marked a chink between the stones
1661	The Adventures of Sherlock Holmes	Arthur Conan Doyle	Seldom goes out at other times, except when she sings
345	Dracula	Bram Stoker	She lay in her Vampire sleep, so full of life and voluptuous beauty that I shudder as though I have come to do murder
1661	The Adventures of Sherlock Holmes	Arthur Conan Doyle	A dull wrack was drifting slowly across the sky, and a star or two twinkled dimly here and there through the rifts of the clouds
345	Dracula	Bram Stoker	An instant later, I saw him below me
345	Dracula	Bram Stoker	I am truly thankful that she is to be left out of our future work, and even of our deliberations
1342	Pride and Prejudice	Jane Austen	Her hopes were answered; Jane had not been gone long before it rained hard
345	Dracula	Bram Stoker	But he has yet to get on shore
1342	Pride and Prejudice	Jane Austen	Elizabeth was delighted
1661	The Adventures of Sherlock Holmes	Arthur Conan Doyle	An ordinary man could not do it
1342	Pride and Prejudice	Jane Austen	She perfectly remembered everything that had passed in conversation between Wickham and herself in their first evening at Mr
345	Dracula	Bram Stoker	All the framework was black with time, and from the iron the paint had mostly scaled away
1342	Pride and Prejudice	Jane Austen	After the first fortnight or three weeks of her absence, health, good-humour, and cheerfulness began to reappear at Longbourn
345	Dracula	Bram Stoker	When we have well started I must make him rest whilst I drive
345	Dracula	Bram Stoker	Raising his hand to impose silence, the Professor motioned to me to bring the others in
345	Dracula	Bram Stoker	But neither must go alone
1342	Pride and Prejudice	Jane Austen	To Kitty, however, it does not seem so wholly unexpected
345	Dracula	Bram Stoker	I cannot quite understand it
345	Dracula	Bram Stoker	Regaining my room, I threw myself panting upon the bed and tried to think
1342	Pride and Prejudice	Jane Austen	As all conversation was thereby at an end, Elizabeth soon afterwards left the room
345	Dracula	Bram Stoker	Buda-Pesth seems a wonderful place, from the glimpse which I got of it from the train and the little I could walk through the streets
345	Dracula	Bram Stoker	However, we shall see
1661	The Adventures of Sherlock Holmes	Arthur Conan Doyle	We shall then look thoroughly into the affair
1661	The Adventures of Sherlock Holmes	Arthur Conan Doyle	I will tell you, however
345	Dracula	Bram Stoker	Chasing an errant swarm of bees is nothing to following a naked lunatic, when the fit of escaping is upon him
1661	The Adventures of Sherlock Holmes	Arthur Conan Doyle	And yet even here we may discriminate
1342	Pride and Prejudice	Jane Austen	She represented to her sister, as forcibly as possible, what she felt on the subject, and had soon the pleasure of seeing its happy effect
345	Dracula	Bram Stoker	Further and further back he cowered, as we, lifting our crucifixes, advanced
1342	Pride and Prejudice	Jane Austen	It was evident that she was much better acquainted with Mr
1342	Pride and Prejudice	Jane Austen	Your father was gone, your uncle at home, and, as I said before, they had a great deal of talk together
1342	Pride and Prejudice	Jane Austen	A clear ten thousand per annum
1342	Pride and Prejudice	Jane Austen	Bennet and Kitty, though she was perfectly unknown to them, even inferior to what Elizabeth felt
345	Dracula	Bram Stoker	I am Your slave, and You will reward me, for I shall be faithful
345	Dracula	Bram Stoker	When that fail he make straight for his last resource--his last earth-work I might say did I wish _double entente_
345	Dracula	Bram Stoker	When within a foot or two of the door, however, she stopped, as if arrested by some irresistible force
1342	Pride and Prejudice	Jane Austen	Collins, being in fact much better fitted for a walker than a reader, was extremely well pleased to close his large book, and go
345	Dracula	Bram Stoker	Believe me yet a little, friend John
345	Dracula	Bram Stoker	If he go through a doorway, he must open the door like a mortal
1342	Pride and Prejudice	Jane Austen	You taught me a lesson, hard indeed at first, but most advantageous
1661	The Adventures of Sherlock Holmes	Arthur Conan Doyle	Easier the other way, perhaps; and yet, had I the nerve to lie and look up at that deadly black shadow wavering down upon me
345	Dracula	Bram Stoker	I wish I could get some clue to the cause
345	Dracula	Bram Stoker	Let us not be two, but one, that so we work to a good end
1342	Pride and Prejudice	Jane Austen	I know my dear uncle and aunt so well, that I am not afraid of requesting it, though I have still something more to ask of the former
1342	Pride and Prejudice	Jane Austen	I am sorry to pain you, but so it was
345	Dracula	Bram Stoker	My dream was very peculiar, and was almost typical of the way that waking thoughts become merged in, or continued in, dreams
345	Dracula	Bram Stoker	There are deep caverns and fissures that reach none know whither
1342	Pride and Prejudice	Jane Austen	Her reflections were in general satisfactory
345	Dracula	Bram Stoker	For my own part, now that his horrible danger is not face to face with us, it seems almost impossible to believe in it
1342	Pride and Prejudice	Jane Austen	And then, you know, when once they get together, there is no end of it
1661	The Adventures of Sherlock Holmes	Arthur Conan Doyle	what an observant young lady we have come upon
1342	Pride and Prejudice	Jane Austen	The horses were post; and neither the carriage, nor the livery of the servant who preceded it, were familiar to them
1342	Pride and Prejudice	Jane Austen	I shall walk to Meryton to-morrow to hear more about it, and to ask when Mr
1661	The Adventures of Sherlock Holmes	Arthur Conan Doyle	I rose, and, making my excuses, escaped from the house
345	Dracula	Bram Stoker	I had just finished Mrs
1661	The Adventures of Sherlock Holmes	Arthur Conan Doyle	If he braved the matter out, death would unfailingly come upon him, and usually in some strange and unforeseen manner
345	Dracula	Bram Stoker	Ay, and He felt it too, for He had to come out of the mist to struggle with me
345	Dracula	Bram Stoker	So I woke Quincey or rather called for him as he was not asleep
345	Dracula	Bram Stoker	The Thing in the coffin writhed; and a hideous, blood-curdling screech came from the opened red lips
1342	Pride and Prejudice	Jane Austen	A military life is not what I was intended for, but circumstances have now made it eligible
345	Dracula	Bram Stoker	Now, you must all be going soon
345	Dracula	Bram Stoker	I must try to watch it and learn the weather signs
345	Dracula	Bram Stoker	The windows were encrusted with dust, and the shutters were up
1342	Pride and Prejudice	Jane Austen	But it must not, shall not be
1342	Pride and Prejudice	Jane Austen	Elizabeth smiled at the recollection of all that she had heard of its inhabitants
1661	The Adventures of Sherlock Holmes	Arthur Conan Doyle	She was passing the front pew at the time, and it fell over into the pew
1661	The Adventures of Sherlock Holmes	Arthur Conan Doyle	His expression, his manner, his very soul seemed to vary with every fresh part that he assumed
345	Dracula	Bram Stoker	At first I could not believe my eyes
345	Dracula	Bram Stoker	Can it be that he sleeps when others wake, that he may be awake whilst they sleep
345	Dracula	Bram Stoker	Harker gave us a cup of tea, and I can honestly say that, for the first time since I have lived in it, this old house seemed like _home_
1661	The Adventures of Sherlock Holmes	Arthur Conan Doyle	Then he turned down the lamp, and we were left in darkness
1661	The Adventures of Sherlock Holmes	Arthur Conan Doyle	It appeared to you to be a simple case; to me it seems exceedingly complex
345	Dracula	Bram Stoker	Whilst we were busy chafing her limbs there was a knock at the hall door
1661	The Adventures of Sherlock Holmes	Arthur Conan Doyle	There is a wonderful sympathy and freemasonry among horsey men
1342	Pride and Prejudice	Jane Austen	Darcy, and devoted all his time to the care of the Pemberley property
1342	Pride and Prejudice	Jane Austen	Darcy sends you all the love in the world that can be spared from me
345	Dracula	Bram Stoker	I was glad when the coastguard came along, with his spy-glass under his arm
1342	Pride and Prejudice	Jane Austen	He must go somewhere, but he did not know where, and he knew he should have nothing to live on
1342	Pride and Prejudice	Jane Austen	I know your disposition, Lizzy
345	Dracula	Bram Stoker	I think she would be happier in our own home, with her daily tasks to interest her, than in being here amongst us and in ignorance
1342	Pride and Prejudice	Jane Austen	He walked here, and he walked there, fancying himself so very great
1661	The Adventures of Sherlock Holmes	Arthur Conan Doyle	The fund was, of course, for the propagation and spread of the red-heads as well as for their maintenance
345	Dracula	Bram Stoker	When I had written in my diary and had fortunately replaced the book and pen in my pocket I felt sleepy
345	Dracula	Bram Stoker	The weather had been somewhat sultry, but not to any degree uncommon in the month of August
11	Alice's Adventures in Wonderland	Lewis Carroll	The Lobster Quadrille The Mock Turtle sighed deeply, and drew the back of one flapper across his eyes
345	Dracula	Bram Stoker	You know now, and they know in part already, and will know in full before long, what it is to cross my path
345	Dracula	Bram Stoker	I do not even try to keep awake
1661	The Adventures of Sherlock Holmes	Arthur Conan Doyle	There was no sign of him there
1661	The Adventures of Sherlock Holmes	Arthur Conan Doyle	As I dressed I glanced at my watch
1342	Pride and Prejudice	Jane Austen	But we considered it, we talked of it as impossible
345	Dracula	Bram Stoker	I closed my eyes in a languorous ecstasy and waited--waited with beating heart
1342	Pride and Prejudice	Jane Austen	I always said it must be so, at last
1661	The Adventures of Sherlock Holmes	Arthur Conan Doyle	In this way you see K
345	Dracula	Bram Stoker	You are strong in your numbers, for you can defy that which would break down the human endurance of one who had to guard alone
345	Dracula	Bram Stoker	It made an instant change in him, for the fury passed so quickly that I could hardly believe that it was ever there
1661	The Adventures of Sherlock Holmes	Arthur Conan Doyle	There is a comfortable sofa
345	Dracula	Bram Stoker	Or if that you are too occupy, I can go alone if it may be
1661	The Adventures of Sherlock Holmes	Arthur Conan Doyle	Then he became a little more reasonable
345	Dracula	Bram Stoker	I bent over and looked, too, and as I noticed some queer chill came over me
345	Dracula	Bram Stoker	The passenger turned his face away, at the same time putting out his two fingers and crossing himself
1342	Pride and Prejudice	Jane Austen	The younger ones out before the elder are married
345	Dracula	Bram Stoker	To-day I seemed to get nearer than ever before to the heart of his mystery
1342	Pride and Prejudice	Jane Austen	Darcy; or at least, by the predominance of virtue, atone for those casual errors, under which she would endeavour to class what Mr
1342	Pride and Prejudice	Jane Austen	There was one part, especially the opening of it, which I should dread your having the power of reading again
11	Alice's Adventures in Wonderland	Lewis Carroll	Do you think I can listen all day to such stuff
345	Dracula	Bram Stoker	I, too, may need such pity; and that some other like you--and with equal cause for anger--may deny it to me
1342	Pride and Prejudice	Jane Austen	Collins she thought with equal certainty, and with considerable, though not equal, pleasure
1342	Pride and Prejudice	Jane Austen	I have certainly meant well through the whole affair
1342	Pride and Prejudice	Jane Austen	Poor Reynolds, she was always very fond of me
345	Dracula	Bram Stoker	Later on we can sleep, you and I
1342	Pride and Prejudice	Jane Austen	Darcy said nothing at all
1661	The Adventures of Sherlock Holmes	Arthur Conan Doyle	He was a devil incarnate
345	Dracula	Bram Stoker	Already all of his lairs but one be sterilise as for him; and before the sunset this shall be so
345	Dracula	Bram Stoker	And yet he must have been right, for I feel comfort from them already
345	Dracula	Bram Stoker	At sunset she made the usual hypnotic report
1661	The Adventures of Sherlock Holmes	Arthur Conan Doyle	I thought it was Wednesday
1661	The Adventures of Sherlock Holmes	Arthur Conan Doyle	Might I not escort her to this place
345	Dracula	Bram Stoker	At dark passed into Archipelago
1661	The Adventures of Sherlock Holmes	Arthur Conan Doyle	I knew that you went out little, and that your circle of friends was a very limited one
1342	Pride and Prejudice	Jane Austen	In the hall they parted
1661	The Adventures of Sherlock Holmes	Arthur Conan Doyle	Clair and swore that the presence of the clothes in his room was as much a mystery to him as to the police
345	Dracula	Bram Stoker	Morris, who also has plenty of money, are willing to spend it so freely
345	Dracula	Bram Stoker	She shook her head, and, coming back, sat down in her place
1661	The Adventures of Sherlock Holmes	Arthur Conan Doyle	A conversation ensued which led to high words and almost to blows, for my father was a man of a very violent temper
1342	Pride and Prejudice	Jane Austen	It is wonderful how many families I have been the means of supplying in that way
1342	Pride and Prejudice	Jane Austen	Darcy to account for his having ever fallen in love with her
1342	Pride and Prejudice	Jane Austen	Darcy, she left Elizabeth to walk by herself
345	Dracula	Bram Stoker	Look it over before you lay it aside
345	Dracula	Bram Stoker	He have done this alone; all alone
1661	The Adventures of Sherlock Holmes	Arthur Conan Doyle	I married, too, and though my wife died young she left me my dear little Alice
345	Dracula	Bram Stoker	Seward, you have been very considerate towards me
345	Dracula	Bram Stoker	It had had a sleep and taken some food, and altogether was going on well
1342	Pride and Prejudice	Jane Austen	Jane was by no means better
1661	The Adventures of Sherlock Holmes	Arthur Conan Doyle	John Hare alone could have equalled
1661	The Adventures of Sherlock Holmes	Arthur Conan Doyle	She is a very pretty girl and has attracted admirers who have occasionally hung about the place
345	Dracula	Bram Stoker	The Professor took his bag, which he always brings with him now
345	Dracula	Bram Stoker	Van Helsing directed, and soon fell asleep
345	Dracula	Bram Stoker	As we came home we could arrive at no definite conclusion
1661	The Adventures of Sherlock Holmes	Arthur Conan Doyle	It is likely that we should have gone on to Paris to-morrow, only that this good gentleman, Mr
1342	Pride and Prejudice	Jane Austen	Astonishment, apprehension, and even horror, oppressed her
345	Dracula	Bram Stoker	You, friend Arthur, go to the train and get the tickets and arrange that all be ready for us to go in the morning
1661	The Adventures of Sherlock Holmes	Arthur Conan Doyle	My whole examination served to turn my conjecture into a certainty
345	Dracula	Bram Stoker	Again a shock: my door was fastened on the outside
1661	The Adventures of Sherlock Holmes	Arthur Conan Doyle	I had let myself go, and was hanging by the hands to the sill, when his blow fell
345	Dracula	Bram Stoker	I spread it over centuries, and time is on my side
1661	The Adventures of Sherlock Holmes	Arthur Conan Doyle	He appeared to be much surprised at seeing me and asked me rather roughly what I was doing there
1342	Pride and Prejudice	Jane Austen	If she is half as sharp as her mother, she is saving enough
345	Dracula	Bram Stoker	You do not let your eyes see nor your ears hear, and that which is outside your daily life is not of account to you
1661	The Adventures of Sherlock Holmes	Arthur Conan Doyle	I sat up in my chair, and my wife laid her needle-work down in her lap and made a little face of disappointment
1342	Pride and Prejudice	Jane Austen	But these things happen so often
1342	Pride and Prejudice	Jane Austen	There are few people whom I really love, and still fewer of whom I think well
345	Dracula	Bram Stoker	The first to act was Harker, who, with a quick movement, threw himself before the door leading into the room in the front of the house
345	Dracula	Bram Stoker	I am afraid I am at heart a coward, for I shrieked out
345	Dracula	Bram Stoker	It is only a line dated from Castle Dracula, and says that he is just starting for home
1661	The Adventures of Sherlock Holmes	Arthur Conan Doyle	Henry Baker, the gentleman with the bad hat and all the other characteristics with which I have bored you
345	Dracula	Bram Stoker	She recoiled from it, and, with a suddenly distorted face, full of rage, dashed past him as if to enter the tomb
345	Dracula	Bram Stoker	I wrote to you _twice_ since we parted, and your last letter was only your _second_
1661	The Adventures of Sherlock Holmes	Arthur Conan Doyle	Your skill has indeed exceeded all that I have heard of it
345	Dracula	Bram Stoker	We could not see the face, for it was bent down over what we saw to be a fair-haired child
1661	The Adventures of Sherlock Holmes	Arthur Conan Doyle	To me it has been exceptionally so
1342	Pride and Prejudice	Jane Austen	This was agreed to; and Mrs
1342	Pride and Prejudice	Jane Austen	I described and enforced them earnestly
345	Dracula	Bram Stoker	Of course they had heard Lucy speak of me, and it seemed that Dr
345	Dracula	Bram Stoker	Whatever may be the issue of all this fearful state of things, it will be a sweet thought to all or some of us
1342	Pride and Prejudice	Jane Austen	They are all for what they can get
345	Dracula	Bram Stoker	I am rusty in my shorthand--see what unexpected prosperity does for us--so it may be as well to freshen it up again with an exercise anyhow
1342	Pride and Prejudice	Jane Austen	Wickham; no, I certainly am not
1661	The Adventures of Sherlock Holmes	Arthur Conan Doyle	An important addition has been made during the last week to the list of the prizes which have been borne away by these charming invaders
345	Dracula	Bram Stoker	Praised men for work in bad weather
345	Dracula	Bram Stoker	When they dismiss the men, which shall be shortly, they shall themselves look after the horses
1342	Pride and Prejudice	Jane Austen	[Illustration] Happy for all her maternal feelings was the day on which Mrs
345	Dracula	Bram Stoker	This is your best and most holiest office
345	Dracula	Bram Stoker	I felt my knees begin to tremble
345	Dracula	Bram Stoker	He was too quick and too strong for me, however; for before I could get my balance he had struck at me and cut my left wrist rather severely
345	Dracula	Bram Stoker	I left Quincey lying down after having a glass of wine, and told the cook to get ready a good breakfast
1342	Pride and Prejudice	Jane Austen	It would have spared her, she thought, one sleepless night out of two
345	Dracula	Bram Stoker	With sad hearts we came back to my house, where we found Mrs
345	Dracula	Bram Stoker	Your friend and mine, Mr
1342	Pride and Prejudice	Jane Austen	He did not leave his name, and till the next day it was only known that a gentleman had called on business
1661	The Adventures of Sherlock Holmes	Arthur Conan Doyle	The marks are perfectly fresh
1661	The Adventures of Sherlock Holmes	Arthur Conan Doyle	Saturday would suit them better than any other day, as it would give them two days for their escape
1342	Pride and Prejudice	Jane Austen	Long said so too, for I asked her whether you did not
345	Dracula	Bram Stoker	I looked in the study but, though he had been there, he had gone
345	Dracula	Bram Stoker	The snow is falling lightly and there is a strange excitement in the air
345	Dracula	Bram Stoker	Where are we to turn for help
345	Dracula	Bram Stoker	Until it sets to-night, that monster must retain whatever form he now has
345	Dracula	Bram Stoker	He looked over them gravely, his face brightening up as he read
345	Dracula	Bram Stoker	These things are much
1342	Pride and Prejudice	Jane Austen	It is a relation which you tell me is to give you great surprise; I hope at least it will not afford you any displeasure
345	Dracula	Bram Stoker	It is used but little, and very different from the coach road from the Bukovina to Bistritz, which is more wide and hard, and more of use
345	Dracula	Bram Stoker	He had only one outburst and that was yesterday at an unusual time
1661	The Adventures of Sherlock Holmes	Arthur Conan Doyle	Simon, but it was dreadful hard before his mother and all those great people
1661	The Adventures of Sherlock Holmes	Arthur Conan Doyle	I beg that you will look upon it not as a battered billycock but as an intellectual problem
345	Dracula	Bram Stoker	I was desolate and afraid, and full of woe and terror; but when that beautiful sun began to climb the horizon life was to me again
1342	Pride and Prejudice	Jane Austen	What could be more natural than his asking you again
1342	Pride and Prejudice	Jane Austen	Even Scott required hill and mountain and ballad, even Coleridge metaphysics and German to enable them to chip the classical shell
345	Dracula	Bram Stoker	Nay, I am not jesting
345	Dracula	Bram Stoker	I thought at the time that I must be dreaming when I saw them, for, though the moonlight was behind them, they threw no shadow on the floor
1661	The Adventures of Sherlock Holmes	Arthur Conan Doyle	She would often be lost in deep thought, with the saddest look upon her face
1661	The Adventures of Sherlock Holmes	Arthur Conan Doyle	It was a giant dog, as large as a calf, tawny tinted, with hanging jowl, black muzzle, and huge projecting bones
1342	Pride and Prejudice	Jane Austen	You have a sweet room here, Mr
345	Dracula	Bram Stoker	I shall lie down and pretend to sleep, lest Jonathan have added anxiety about me when he returns
345	Dracula	Bram Stoker	Thus in the end we may find him in his form of man between the hours of noon and sunset, and so engage with him when he is at his most weak
1342	Pride and Prejudice	Jane Austen	Bennet, how can you abuse your own children in such a way
1342	Pride and Prejudice	Jane Austen	It was not in their direct road; nor more than a mile or two out of it
345	Dracula	Bram Stoker	To begin, have you ever study the philosophy of crime
345	Dracula	Bram Stoker	Sure eneuch the matter was one ready to his hand
1342	Pride and Prejudice	Jane Austen	Wickham among the cluster of red coats there assembled, a doubt of his being present had never occurred to her
345	Dracula	Bram Stoker	In them I find some letters from you, which show how great friends you were and how you love her
1342	Pride and Prejudice	Jane Austen	Excuse me,--for I must speak plainly
345	Dracula	Bram Stoker	His eyes were positively blazing
345	Dracula	Bram Stoker	Come at once; do not lose an hour
1661	The Adventures of Sherlock Holmes	Arthur Conan Doyle	He is dark, handsome, and dashing, never calls less than once a day, and often twice
1342	Pride and Prejudice	Jane Austen	She wrote even to Jane on the occasion, to express her delight, and repeat all her former professions of regard
345	Dracula	Bram Stoker	They both, however, kept their courage, and remained silent and quiet
345	Dracula	Bram Stoker	The blind was down, and I went over to raise it gently, whilst Van Helsing stepped, with his soft, cat-like tread, over to the bed
345	Dracula	Bram Stoker	I can tell you now, whilst the sun is coming up; I may not be able again
1342	Pride and Prejudice	Jane Austen	Bingley were at piquet, and Mrs
1661	The Adventures of Sherlock Holmes	Arthur Conan Doyle	That bears out his story
1342	Pride and Prejudice	Jane Austen	[Illustration] Two days after Mr
1661	The Adventures of Sherlock Holmes	Arthur Conan Doyle	He has taken to his bed, and Dr
345	Dracula	Bram Stoker	We knew then that we were safe till morning did we desire it; but the Professor told me that we should not want more than an hour at most
1661	The Adventures of Sherlock Holmes	Arthur Conan Doyle	I glanced at him again, and he seemed to know what I was thinking, for he raised his finger to his lips to tell me to be still
345	Dracula	Bram Stoker	He positively frightened me, he was so fierce
345	Dracula	Bram Stoker	We have seen hitherto how good light all the little things have made
1342	Pride and Prejudice	Jane Austen	Bennet would have stirred the fire), when Mr
345	Dracula	Bram Stoker	We go to seek the place where my poor darling suffered so much
1661	The Adventures of Sherlock Holmes	Arthur Conan Doyle	Some letters get more worn than others, and some wear only on one side
1661	The Adventures of Sherlock Holmes	Arthur Conan Doyle	We waited long for news of the _Lone Star_ of Savannah, but none ever reached us
1342	Pride and Prejudice	Jane Austen	Her carriage remained at the door, and Elizabeth saw that her waiting-woman was in it
345	Dracula	Bram Stoker	See, two horsemen follow fast, coming up from the south
1661	The Adventures of Sherlock Holmes	Arthur Conan Doyle	The alarm, however, was given, and, by the aid of the water-police, the body was eventually recovered
1342	Pride and Prejudice	Jane Austen	It has connected him nearer with virtue than any other feeling
1342	Pride and Prejudice	Jane Austen	She looked at Jane, and smiled, and shook her head, by turns
345	Dracula	Bram Stoker	He will be away all day till late, for he said he could not lunch at home
1342	Pride and Prejudice	Jane Austen	Do you think it incredible that Mr
1342	Pride and Prejudice	Jane Austen	Perhaps _she_ is full young to be much in company
345	Dracula	Bram Stoker	Before many minutes had passed a pack of them poured, like a pent-up dam when liberated, through the wide entrance into the courtyard
345	Dracula	Bram Stoker	And poor, poor Arthur, to have lost such sweetness out of his life
1342	Pride and Prejudice	Jane Austen	Colonel Fitzwilliam seemed really glad to see them: anything was a welcome relief to him at Rosings; and Mrs
345	Dracula	Bram Stoker	Van Helsing, you love Mina, I know
345	Dracula	Bram Stoker	They did not quite know what to say or do, as they were ignorant of the amount of my knowledge; so they had to keep on neutral subjects
345	Dracula	Bram Stoker	She was leaning against a corner of the gateway
345	Dracula	Bram Stoker	Our best will be, God knows, required to-day
1661	The Adventures of Sherlock Holmes	Arthur Conan Doyle	He could only say that if I waited I should hear by post
345	Dracula	Bram Stoker	Mate getting very impatient with them; feared some trouble ahead
1342	Pride and Prejudice	Jane Austen	It must be his own doing; he is his own master
345	Dracula	Bram Stoker	I came back to the library, and read there till I fell asleep
1342	Pride and Prejudice	Jane Austen	Bennet deigned not to make any reply; but, unable to contain herself, began scolding one of her daughters
345	Dracula	Bram Stoker	In any case I am to have a letter
345	Dracula	Bram Stoker	These things are we told, and in this record of ours we have proof by inference
1661	The Adventures of Sherlock Holmes	Arthur Conan Doyle	Who would think that so pretty a toy would be a purveyor to the gallows and the prison
1342	Pride and Prejudice	Jane Austen	She knew not how to support herself, and, from actual weakness, sat down and cried for half an hour
1342	Pride and Prejudice	Jane Austen	Bennet had many grievances to relate, and much to complain of
1661	The Adventures of Sherlock Holmes	Arthur Conan Doyle	They had driven him home a dozen times from Serpentine-mews, and knew all about him
1661	The Adventures of Sherlock Holmes	Arthur Conan Doyle	He was not a popular man, being somewhat cold and forbidding in his manners, but he had, as far as I know, no active enemies
1342	Pride and Prejudice	Jane Austen	Let Wickham be your man
345	Dracula	Bram Stoker	But I need not be watched; I am well enough to be left alone
345	Dracula	Bram Stoker	I reached him just as the sun was going down, and from his window saw the red disc sink
1342	Pride and Prejudice	Jane Austen	Bennet accepted the challenge, observing that he acted very wisely in leaving the girls to their own trifling amusements
1342	Pride and Prejudice	Jane Austen	The evening passed quietly, unmarked by anything extraordinary
1342	Pride and Prejudice	Jane Austen	Gardiner that he had found out where your sister and Mr
345	Dracula	Bram Stoker	They were smaller, and the edges looked fresher; that was all
345	Dracula	Bram Stoker	We found the child awake
345	Dracula	Bram Stoker	Suspiciously, I looked all round, but could see no key of any kind
1661	The Adventures of Sherlock Holmes	Arthur Conan Doyle	We have not yet grasped the results which the reason alone can attain to
345	Dracula	Bram Stoker	I was myself half stunned and looked in wonder at one after another
1342	Pride and Prejudice	Jane Austen	As soon as Jane had read Mr
1342	Pride and Prejudice	Jane Austen	Well, any friend of Mr
1342	Pride and Prejudice	Jane Austen	On distinguishing the ladies of the group the two gentlemen came directly towards them, and began the usual civilities
345	Dracula	Bram Stoker	I have already spoken them through my window to begin acquaintanceship
1342	Pride and Prejudice	Jane Austen	[Illustration] When Jane and Elizabeth were alone, the former, who had been cautious in her praise of Mr
1342	Pride and Prejudice	Jane Austen	Her nose wants character; there is nothing marked in its lines
1661	The Adventures of Sherlock Holmes	Arthur Conan Doyle	The bridge, no doubt, was too crowded, even on such a night, for their purpose
345	Dracula	Bram Stoker	She looks paler than usual
345	Dracula	Bram Stoker	Harker on your behalf, to supply the following information concerning the sale and purchase of No
345	Dracula	Bram Stoker	We have had such an adventure, such an agonising experience
345	Dracula	Bram Stoker	And then begins our great quest
1661	The Adventures of Sherlock Holmes	Arthur Conan Doyle	Simon, second son of the Duke of Balmoral, and Miss Hatty Doran, the only daughter of Aloysius Doran
1661	The Adventures of Sherlock Holmes	Arthur Conan Doyle	Simon (the younger brother and sister of the bridegroom), and Lady Alicia Whittington
1661	The Adventures of Sherlock Holmes	Arthur Conan Doyle	Holmes, I wish you would do as much for me
1661	The Adventures of Sherlock Holmes	Arthur Conan Doyle	Having done that, we may drive back to our luncheon
345	Dracula	Bram Stoker	We shall give him a chance, and have the men ready to follow in case they are required
345	Dracula	Bram Stoker	There was something about them that made me uneasy, some longing and at the same time some deadly fear
1342	Pride and Prejudice	Jane Austen	This letter is from Mr
1342	Pride and Prejudice	Jane Austen	[Illustration] The day passed much as the day before had done
1342	Pride and Prejudice	Jane Austen	In the evening, soon after Mr
1342	Pride and Prejudice	Jane Austen	My temper I dare not vouch for
1661	The Adventures of Sherlock Holmes	Arthur Conan Doyle	Find what I owe, Watson
345	Dracula	Bram Stoker	I gave them each a copy to read in the library
1342	Pride and Prejudice	Jane Austen	Collins instead!--her liveliness had been never worse timed
1342	Pride and Prejudice	Jane Austen	Darcy with him, and sat down again by her sister
345	Dracula	Bram Stoker	Thus, in a difficulty he has to seek resource in habit
345	Dracula	Bram Stoker	The officers in charge of it got it into working order, and in the pauses of the inrushing mist swept with it the surface of the sea
345	Dracula	Bram Stoker	By the bedside sat Van Helsing, looking at her intently
1661	The Adventures of Sherlock Holmes	Arthur Conan Doyle	But if you have followed recent events so closely you must have read about Lord St
345	Dracula	Bram Stoker	I replaced them as well as I could, and sat watching her
345	Dracula	Bram Stoker	Was it because I hate you and have hated you all my life
345	Dracula	Bram Stoker	You will let me help, will you not
1342	Pride and Prejudice	Jane Austen	But, Lizzy, you have been very sly, very reserved with me
11	Alice's Adventures in Wonderland	Lewis Carroll	The Pool of Tears CHAPTER III
345	Dracula	Bram Stoker	The instant his feet touched the ground he seemed to recover his courage, and rushed at his natural enemies
1661	The Adventures of Sherlock Holmes	Arthur Conan Doyle	With trembling hands I undid my trunk, turned out the contents, and drew from the bottom my own hair
1342	Pride and Prejudice	Jane Austen	His father, Miss Bennet, the late Mr
11	Alice's Adventures in Wonderland	Lewis Carroll	The Gryphon sat up and rubbed its eyes: then it watched the Queen till she was out of sight: then it chuckled
1342	Pride and Prejudice	Jane Austen	While Sir William was with them, Mr
1342	Pride and Prejudice	Jane Austen	Ever since I have known it I have been most anxious to acknowledge to you how gratefully I feel it
1661	The Adventures of Sherlock Holmes	Arthur Conan Doyle	Rucastle, who was waiting outside
345	Dracula	Bram Stoker	He came again better equipped for his work; and won
345	Dracula	Bram Stoker	To-night, when we met, she was somewhat constrained, and bore all the signs of an internal struggle
1661	The Adventures of Sherlock Holmes	Arthur Conan Doyle	Then I rang the bell, and, as I hoped, the assistant answered it
11	Alice's Adventures in Wonderland	Lewis Carroll	See how eagerly the lobsters and the turtles all advance
1342	Pride and Prejudice	Jane Austen	Such were the kind of lamentations resounding perpetually through Longbourn House
345	Dracula	Bram Stoker	For the rest, his ears were pale, and at the tops extremely pointed; the chin was broad and strong, and the cheeks firm though thin
1342	Pride and Prejudice	Jane Austen	A glass of wine; shall I get you one
1661	The Adventures of Sherlock Holmes	Arthur Conan Doyle	A clump of copper beeches immediately in front of the hall door has given its name to the place
1661	The Adventures of Sherlock Holmes	Arthur Conan Doyle	that was unfortunate
1661	The Adventures of Sherlock Holmes	Arthur Conan Doyle	You may use this eBook for nearly any purpose such as creation of derivative works, reports, performances and research
345	Dracula	Bram Stoker	Here a very odd thing occurred
345	Dracula	Bram Stoker	For if we fail in this our fight he must surely win; and then where end we
345	Dracula	Bram Stoker	She sat still all the time--so still as one dead; and she grew whiter and ever whiter till the snow was not more pale; and no word she said
345	Dracula	Bram Stoker	I feared for my dear Madam Mina when these weird figures drew near and circled round
1661	The Adventures of Sherlock Holmes	Arthur Conan Doyle	To donate, please visit: www.gutenberg.org/donate
345	Dracula	Bram Stoker	Believe me, my friends, we shall not have long to wait now
345	Dracula	Bram Stoker	He grew very grave; and, after thinking the matter over for a while asked me to take him to Renfield
1342	Pride and Prejudice	Jane Austen	I did not believe her to be indifferent because I wished it; I believed it on impartial conviction, as truly as I wished it in reason
345	Dracula	Bram Stoker	She is so sweet with old people; I think they all fell in love with her on the spot
345	Dracula	Bram Stoker	When he slid in through the window, though it was shut, and did not even knock, I got mad with him
11	Alice's Adventures in Wonderland	Lewis Carroll	she knows such a very little
1342	Pride and Prejudice	Jane Austen	He left Netherfield for London on the day following, as you, I am certain, remember, with the design of soon returning
1342	Pride and Prejudice	Jane Austen	Charlotte, the wife of Mr
1661	The Adventures of Sherlock Holmes	Arthur Conan Doyle	I have heard of you, Mr
345	Dracula	Bram Stoker	As she was telling her terrible story, the eastern sky began to quicken, and everything became more and more clear
345	Dracula	Bram Stoker	She had been restless all the morning, so that we were at first glad to know that she was sleeping
345	Dracula	Bram Stoker	A tall man, thin and pale, with high nose and teeth so white, and eyes that seem to be burning
345	Dracula	Bram Stoker	He looked desperately sad and broken; even his stalwart manhood seemed to have shrunk somewhat under the strain of his much-tried emotions
1661	The Adventures of Sherlock Holmes	Arthur Conan Doyle	It must be where she can lay her hands upon it
345	Dracula	Bram Stoker	Mina says that perhaps we are the instruments of ultimate good
1342	Pride and Prejudice	Jane Austen	You must come and make Lizzy marry Mr
1342	Pride and Prejudice	Jane Austen	Hurst had, therefore, nothing to do but to stretch himself on one of the sofas and go to sleep
1342	Pride and Prejudice	Jane Austen	You alluded to something else
345	Dracula	Bram Stoker	As we passed along, the gravel hurt my feet, and Lucy noticed me wince
345	Dracula	Bram Stoker	I bear messages which will make both your ears tingle
345	Dracula	Bram Stoker	When her maid had prepared her for the night I came in, having in the meantime had supper, and took a seat by the bedside
1661	The Adventures of Sherlock Holmes	Arthur Conan Doyle	I know that Miss Stoner has been here
1661	The Adventures of Sherlock Holmes	Arthur Conan Doyle	Holmes slowly reopened his eyes and looked impatiently at his gigantic client
1342	Pride and Prejudice	Jane Austen	In understanding, Darcy was the superior
1661	The Adventures of Sherlock Holmes	Arthur Conan Doyle	Our gas was lit and shone on the white cloth and glimmer of china and metal, for the table had not been cleared yet
1342	Pride and Prejudice	Jane Austen	Whether he had felt more of pain or of pleasure in seeing her, she could not tell, but he certainly had not seen her with composure
1342	Pride and Prejudice	Jane Austen	But slyness seems the fashion
1342	Pride and Prejudice	Jane Austen	At last it arrested her--and she beheld a striking resemblance of Mr
1661	The Adventures of Sherlock Holmes	Arthur Conan Doyle	He never did wish us to go anywhere
1342	Pride and Prejudice	Jane Austen	Wickham were returned, and to lament over his absence from the Netherfield ball
345	Dracula	Bram Stoker	It is all done; poor dear, dear Jonathan, what he must have suffered, what must he be suffering now
345	Dracula	Bram Stoker	He was only in his night-gear, and cannot be far off
345	Dracula	Bram Stoker	They have a legend here that when a ship is lost bells are heard out at sea
1342	Pride and Prejudice	Jane Austen	You see how continually we are engaged there
1661	The Adventures of Sherlock Holmes	Arthur Conan Doyle	As I entered, a sallow Malay attendant had hurried up with a pipe for me and a supply of the drug, beckoning me to an empty berth
1661	The Adventures of Sherlock Holmes	Arthur Conan Doyle	But the creature flapped and struggled, and out came my sister to know what was the matter
345	Dracula	Bram Stoker	I did not pretend to be watching him, but I kept strict observation all the same
345	Dracula	Bram Stoker	Poor man, he was very gentle, and when I came away he kissed my hand and bade God bless me
345	Dracula	Bram Stoker	We have never spoken to each other yet of the future
345	Dracula	Bram Stoker	Suddenly the door was burst open, and in rushed my patient, with his face distorted with passion
1661	The Adventures of Sherlock Holmes	Arthur Conan Doyle	The Adventure of the Copper Beeches I
1342	Pride and Prejudice	Jane Austen	She wrote cheerfully, seemed surrounded with comforts, and mentioned nothing which she could not praise
345	Dracula	Bram Stoker	Lucy was really tired, and we intended to creep off to bed as soon as we could
1342	Pride and Prejudice	Jane Austen	He meant to resign his commission immediately; and as to his future situation, he could conjecture very little about it
1342	Pride and Prejudice	Jane Austen	Philips visited them all, and this opened to his nieces a source of felicity unknown before
345	Dracula	Bram Stoker	I must take action of some sort whilst the courage of the day is upon me
345	Dracula	Bram Stoker	Why should not I imitate him, and go in by his window
1342	Pride and Prejudice	Jane Austen	But above all, above respect and esteem, there was a motive within her of good-will which could not be overlooked
345	Dracula	Bram Stoker	Then I looked in all the other open rooms of the house, with an ever-growing fear chilling my heart
1342	Pride and Prejudice	Jane Austen	It is impossible for _me_ to be impartial
1342	Pride and Prejudice	Jane Austen	Her sisters were uneasy for her, but her mother was delighted
1661	The Adventures of Sherlock Holmes	Arthur Conan Doyle	The passage outside was empty
345	Dracula	Bram Stoker	As she lay there in my arms, and I in hers, the flapping and buffeting came to the window again
1342	Pride and Prejudice	Jane Austen	Brother-in-law of Wickham
1342	Pride and Prejudice	Jane Austen	Darcy only, entered the room
1342	Pride and Prejudice	Jane Austen	While the family were in this confusion, Charlotte Lucas came to spend the day with them
1661	The Adventures of Sherlock Holmes	Arthur Conan Doyle	You said it should not be again
1342	Pride and Prejudice	Jane Austen	Bennet began repeating her thanks to Mr
1342	Pride and Prejudice	Jane Austen	But I will not be alarmed, though your sister _does_ play so well
1342	Pride and Prejudice	Jane Austen	She now lost every expectation of pleasure
1342	Pride and Prejudice	Jane Austen	Elizabeth honestly and heartily expressed her delight in the prospect of their relationship
345	Dracula	Bram Stoker	I have not yet been able to see it by daylight
1342	Pride and Prejudice	Jane Austen	I wonder he does not marry, to secure a lasting convenience of that kind
1342	Pride and Prejudice	Jane Austen	One cannot wonder that so very fine a young man, with family, fortune, everything in his favour, should think highly of himself
345	Dracula	Bram Stoker	Lucy slept well into the day, and when she woke she was fairly well and strong, though not nearly so much so as the day before
345	Dracula	Bram Stoker	As yet we have passed only a few open boats, but none of them had on board any box or package of anything like the size of the one we seek
1661	The Adventures of Sherlock Holmes	Arthur Conan Doyle	Together we rushed into the room
1661	The Adventures of Sherlock Holmes	Arthur Conan Doyle	I hurled it out of the window, and it disappeared into the Thames
1342	Pride and Prejudice	Jane Austen	Perhaps he had been civil only because he felt himself at ease; yet there had been _that_ in his voice, which was not like ease
1342	Pride and Prejudice	Jane Austen	Hurst and Miss Bingley
1661	The Adventures of Sherlock Holmes	Arthur Conan Doyle	He was plainly but neatly dressed, and his age, I should judge, would be nearer forty than thirty
345	Dracula	Bram Stoker	We ran over and saw him spring unhurt from the ground
1661	The Adventures of Sherlock Holmes	Arthur Conan Doyle	I was frightened of the house, of the man, of the woman, of the servants, even of the child
345	Dracula	Bram Stoker	I raised the blind, and looked out of the window
345	Dracula	Bram Stoker	though she shut her eyes obedient, she may not sleep
345	Dracula	Bram Stoker	Why, even the peasant that you tell me of who marked the place of the flame would not know where to look in daylight even for his own work
1661	The Adventures of Sherlock Holmes	Arthur Conan Doyle	There would be one to Reading in less than an hour
1342	Pride and Prejudice	Jane Austen	[Illustration] CHAPTER X
345	Dracula	Bram Stoker	If this goes on it may ultimately mislead us
345	Dracula	Bram Stoker	I pray God I may never see your sweet face again
1342	Pride and Prejudice	Jane Austen	Bingley was punctual to his appointment; and he and Mr
1661	The Adventures of Sherlock Holmes	Arthur Conan Doyle	They are important, you understand, without being interesting
1342	Pride and Prejudice	Jane Austen	But with _me_, it is not so
1342	Pride and Prejudice	Jane Austen	Her father had most cruelly mortified her by what he said of Mr
345	Dracula	Bram Stoker	I write this now as I am not sleepy, though I must try again
1661	The Adventures of Sherlock Holmes	Arthur Conan Doyle	Black Jack of Ballarat was the name I went under, and our party is still remembered in the colony as the Ballarat Gang
1342	Pride and Prejudice	Jane Austen	But this idea was soon banished, and her spirits were very differently affected, when, to her utter amazement, she saw Mr
1661	The Adventures of Sherlock Holmes	Arthur Conan Doyle	As it is an open secret that the Duke of Balmoral has been compelled to sell his pictures within the last few years, and as Lord St
345	Dracula	Bram Stoker	Peter Hawkins, Exeter, to say, with his dutiful respects, that he is sorry for his delay, and that all of his work is completed
1342	Pride and Prejudice	Jane Austen	Collins had only to change from Jane to Elizabeth--and it was soon done--done while Mrs
1661	The Adventures of Sherlock Holmes	Arthur Conan Doyle	I did not gain very much, however, by my inspection
345	Dracula	Bram Stoker	She was fast asleep, and by her, seated on the window-sill, was something that looked like a good-sized bird
11	Alice's Adventures in Wonderland	Lewis Carroll	Would not, could not, would not, could not, could not join the dance
1342	Pride and Prejudice	Jane Austen	I was right, therefore; my last letter had never reached her
1342	Pride and Prejudice	Jane Austen	But do you think she would be prevailed on to go back with us
345	Dracula	Bram Stoker	Behind us he closed the door and locked it
1661	The Adventures of Sherlock Holmes	Arthur Conan Doyle	I think that the change would do you good, and you are always so interested in Mr
345	Dracula	Bram Stoker	I went down even into the vaults, where the dim light struggled, although to do so was a dread to my very soul
1342	Pride and Prejudice	Jane Austen	As for myself, it is many, many years since I first began to think of him in a very different manner
1342	Pride and Prejudice	Jane Austen	In spite of having been at St
345	Dracula	Bram Stoker	_Secondly_ we must see, as well as we can surmise it from the facts we know of, what he has done here
345	Dracula	Bram Stoker	There on the bed, seemingly in a swoon, lay poor Lucy, more horribly white and wan-looking than ever
345	Dracula	Bram Stoker	He wore a look of stern sadness and infinite pity
1661	The Adventures of Sherlock Holmes	Arthur Conan Doyle	It had only lain there a few days
1342	Pride and Prejudice	Jane Austen	You do not look well
345	Dracula	Bram Stoker	We are here; and whilst this is close to you no foul thing can approach
345	Dracula	Bram Stoker	I wish I could fathom his mind
345	Dracula	Bram Stoker	We found Hildesheim in his office, a Hebrew of rather the Adelphi Theatre type, with a nose like a sheep, and a fez
345	Dracula	Bram Stoker	Hawkins had entrusted to me
1342	Pride and Prejudice	Jane Austen	The first part of Mrs
345	Dracula	Bram Stoker	But, indeed, indeed we cannot say what we shall do
345	Dracula	Bram Stoker	My journey is all mapped out, and my luggage ready
345	Dracula	Bram Stoker	Well, now I promise you that when I am done with him you shall kiss him at your will
345	Dracula	Bram Stoker	You are now in the bitter waters, my child
1342	Pride and Prejudice	Jane Austen	And there is something of dignity in his countenance, that would not give one an unfavourable idea of his heart
345	Dracula	Bram Stoker	The friends of the dead will all be gone by two, and when the sexton lock the gate we shall remain
345	Dracula	Bram Stoker	We shall in future be able to ease his bonds for a few hours each day
1342	Pride and Prejudice	Jane Austen	She is a handsome girl, about fifteen or sixteen, and, I understand, highly accomplished
345	Dracula	Bram Stoker	My fears, however, were groundless, for he held up his two hands imploringly, and made his petition in a moving manner
345	Dracula	Bram Stoker	And since so, do we not see our duty
345	Dracula	Bram Stoker	But I cannot sleep--how can I with the terrible danger hanging over my darling, and her going out into that awful place
345	Dracula	Bram Stoker	Our enemy is at his most helpless; and if we can come on him by day, on the water, our task will be over
1342	Pride and Prejudice	Jane Austen	Jane was so admired, nothing could be like it
1661	The Adventures of Sherlock Holmes	Arthur Conan Doyle	Jabez Wilson started up in his chair, with his forefinger upon the paper, but his eyes upon my companion
1342	Pride and Prejudice	Jane Austen	Kitty and Lydia were far from envying Miss Lucas, for Mr
1342	Pride and Prejudice	Jane Austen	The promised letter of thanks from Mr
345	Dracula	Bram Stoker	I wonder where Mina is now, and Van Helsing
1661	The Adventures of Sherlock Holmes	Arthur Conan Doyle	Swiftly I threw off my clothes, pulled on those of a beggar, and put on my pigments and wig
345	Dracula	Bram Stoker	The only light was the flickering rays of our own lamps, in which the steam from our hard-driven horses rose in a white cloud
1342	Pride and Prejudice	Jane Austen	This information, however, startled Mrs
1342	Pride and Prejudice	Jane Austen	Girls, can I do anything for you in Meryton
345	Dracula	Bram Stoker	I shall look up Thomas Snelling to-day
11	Alice's Adventures in Wonderland	Lewis Carroll	The Cat seemed to think that there was enough of it now in sight, and no more of it appeared
1661	The Adventures of Sherlock Holmes	Arthur Conan Doyle	This woman might, for all I knew, be a monomaniac
1661	The Adventures of Sherlock Holmes	Arthur Conan Doyle	The distinction is clear
345	Dracula	Bram Stoker	Were death, or the fear of death, the only thing that stood in the way I would not shrink to die here, now, amidst the friends who love me
345	Dracula	Bram Stoker	I will bring up my bag
1661	The Adventures of Sherlock Holmes	Arthur Conan Doyle	At my cry he dropped it from his grasp and turned as pale as death
1342	Pride and Prejudice	Jane Austen	Have you had any flirting
1342	Pride and Prejudice	Jane Austen	I shall like it of all things
345	Dracula	Bram Stoker	There were a few feathers about the room and on his pillow a drop of blood
345	Dracula	Bram Stoker	She have yet no life taken, though that is of time; and to act now would be to take danger from her for ever
1661	The Adventures of Sherlock Holmes	Arthur Conan Doyle	Holmes, and I soon had a pretty good plan of the whole house in my head
345	Dracula	Bram Stoker	Ah, it is the fault of our science that it wants to explain all; and if it explain not, then it says there is nothing to explain
345	Dracula	Bram Stoker	After all, however, there is nothing like custom, for neither Bilder nor his wife thought any more of the wolf than I should of a dog
1342	Pride and Prejudice	Jane Austen	For a few moments, indeed, she felt that he would probably strike into some other path
345	Dracula	Bram Stoker	He did not come at once into the library, so I went cautiously to my own room and found him making the bed
345	Dracula	Bram Stoker	Such a dream at the present time would become woven into their fears for me
345	Dracula	Bram Stoker	There was no door near them, and they could not have passed me without my noticing
345	Dracula	Bram Stoker	But then we may have to want Arthur, and how shall we tell him of this
345	Dracula	Bram Stoker	I know you both from children, and have, with love and pride, seen you grow up
1342	Pride and Prejudice	Jane Austen	Collins was to attend them, at the request of Mr
1342	Pride and Prejudice	Jane Austen	Wickham and the officers, Mr
1342	Pride and Prejudice	Jane Austen	But what is that to me
1342	Pride and Prejudice	Jane Austen	I do not wish to avoid the walk
345	Dracula	Bram Stoker	And now I have told you my news, let me ask yours
1342	Pride and Prejudice	Jane Austen	From what I can collect, he left Derbyshire only one day after ourselves, and came to town with the resolution of hunting for them
345	Dracula	Bram Stoker	We went into her boudoir, and till we got there her gaiety remained, for the servants were coming and going
11	Alice's Adventures in Wonderland	Lewis Carroll	Alice waited till the eyes appeared, and then nodded
345	Dracula	Bram Stoker	You knew that, when you avoided the coroner
345	Dracula	Bram Stoker	Then he go to a builder, and he sell him that house, making an agreement that he pull it down and take all away within a certain time
1342	Pride and Prejudice	Jane Austen	I was so afraid, you know, that something would happen to put it off, and then I should have gone quite distracted
345	Dracula	Bram Stoker	She took but a little, and that languidly
1342	Pride and Prejudice	Jane Austen	The day passed most pleasantly away; the morning in bustle and shopping, and the evening at one of the theatres
345	Dracula	Bram Stoker	That he scatter his money in making quick inquiry as to what ship sails for the Black Sea and for where
1342	Pride and Prejudice	Jane Austen	It is on your account that he has been so frequently invited this week
345	Dracula	Bram Stoker	I am feeling very sleepy; the cold is perhaps beginning to tell upon me, and nature must have rest some time
345	Dracula	Bram Stoker	unavailing till too late
1342	Pride and Prejudice	Jane Austen	Bennet was quite disconcerted
1661	The Adventures of Sherlock Holmes	Arthur Conan Doyle	Do you not see some loophole, some flaw
1342	Pride and Prejudice	Jane Austen	Lydia, my love, ring the bell
345	Dracula	Bram Stoker	He suddenly redoubled his efforts, and then as suddenly grew calm
345	Dracula	Bram Stoker	How many of us begin a new record with each day of our lives
1661	The Adventures of Sherlock Holmes	Arthur Conan Doyle	It was the toy which he had promised to bring home
1342	Pride and Prejudice	Jane Austen	Elizabeth had received none since her return, that could come from Pemberley
1342	Pride and Prejudice	Jane Austen	But then I have always supposed it to be my own fault--because I would not take the trouble of practising
1661	The Adventures of Sherlock Holmes	Arthur Conan Doyle	There is a date, you see, but no superscription except Leadenhall Street, which is rather vague
345	Dracula	Bram Stoker	If this change should come, it would be necessary to take steps
1661	The Adventures of Sherlock Holmes	Arthur Conan Doyle	We cannot spare time even to discuss what you have told me
345	Dracula	Bram Stoker	Men all steady fellows, who sailed with me before
345	Dracula	Bram Stoker	God be thanked that we have once again a clue, though whither it may lead us we know not
1342	Pride and Prejudice	Jane Austen	I thought we never should have got into the coach
1661	The Adventures of Sherlock Holmes	Arthur Conan Doyle	Within there was a small corridor, which ended in a very massive iron gate
1342	Pride and Prejudice	Jane Austen	Bennet was not in the habit of walking, Mary could never spare time, but the remaining five set off together
345	Dracula	Bram Stoker	He looked wild-eyed and haggard, and I greatly fear his reason has given way
345	Dracula	Bram Stoker	I thought that I was asleep, and waiting for Jonathan to come back
345	Dracula	Bram Stoker	I found I could pull back the bolts easily enough and unhook the great chains; but the door was locked, and the key was gone
345	Dracula	Bram Stoker	Logically all these things point one way
345	Dracula	Bram Stoker	To his doom, I trust
1342	Pride and Prejudice	Jane Austen	I am sure Lizzy will be very happy--I am sure she can have no objection
1342	Pride and Prejudice	Jane Austen	She danced next with an officer, and had the refreshment of talking of Wickham, and of hearing that he was universally liked
1342	Pride and Prejudice	Jane Austen	It was a large, well-proportioned room, handsomely fitted up
1342	Pride and Prejudice	Jane Austen	Where there is fortune to make the expense of travelling unimportant, distance becomes no evil
1342	Pride and Prejudice	Jane Austen	Hurst reminded his sister-in-law of the card-table--but in vain
1342	Pride and Prejudice	Jane Austen	As the weather was fine, they had a pleasant walk of about half a mile across the park
1661	The Adventures of Sherlock Holmes	Arthur Conan Doyle	The pressure of public opinion can do in the town what the law cannot accomplish
345	Dracula	Bram Stoker	He will need very careful watching, and much attention
1661	The Adventures of Sherlock Holmes	Arthur Conan Doyle	Rucastle survived, but was always a broken man, kept alive solely through the care of his devoted wife
345	Dracula	Bram Stoker	I thought I had diagnosed the case
1661	The Adventures of Sherlock Holmes	Arthur Conan Doyle	Had she seen someone, then
345	Dracula	Bram Stoker	There may be a solemn duty; and if it come we must not shrink from it
1342	Pride and Prejudice	Jane Austen	No motive can excuse the unjust and ungenerous part you acted _there_
1661	The Adventures of Sherlock Holmes	Arthur Conan Doyle	I think that I recognise the symptoms
345	Dracula	Bram Stoker	As to Van Helsing, he was employed in a definite way
1342	Pride and Prejudice	Jane Austen	Long before it had taken place, my opinion of you was decided
1342	Pride and Prejudice	Jane Austen	there is such an expression of goodness in his countenance
1342	Pride and Prejudice	Jane Austen	I am perfectly satisfied
1661	The Adventures of Sherlock Holmes	Arthur Conan Doyle	Perhaps I have trained myself to see what others overlook
345	Dracula	Bram Stoker	Again I could not but notice his prodigious strength
1661	The Adventures of Sherlock Holmes	Arthur Conan Doyle	It drove me mad to think that I and all that I held most dear should be in the power of such a man as this
1661	The Adventures of Sherlock Holmes	Arthur Conan Doyle	Holmes went to the bureau first and looked hard at the lock
1342	Pride and Prejudice	Jane Austen	Gardiner had waited only for the letters before he set off
345	Dracula	Bram Stoker	There should be fifty of them there, unless any have since been removed--as from Dr
1342	Pride and Prejudice	Jane Austen	[Illustration] CHAPTER LVI
345	Dracula	Bram Stoker	My new conclusion is ready, so I shall get our party together and read it
345	Dracula	Bram Stoker	I had better tell you exactly what happened, leaving you to draw, in a measure, your own conclusions
345	Dracula	Bram Stoker	Come, there is dinner
1342	Pride and Prejudice	Jane Austen	I thought too ill of him to invite him to Pemberley, or admit his society in town
1661	The Adventures of Sherlock Holmes	Arthur Conan Doyle	Let me introduce you to Mr
1661	The Adventures of Sherlock Holmes	Arthur Conan Doyle	It was awful to me to think of all those lords and ladies sitting round that breakfast-table and waiting for me to come back
1342	Pride and Prejudice	Jane Austen	As it principally concerns yourself, you ought to know its contents
345	Dracula	Bram Stoker	There now, crying again
345	Dracula	Bram Stoker	I was filled with agitation, however, when I bent down and slid feet foremost in through the window
1661	The Adventures of Sherlock Holmes	Arthur Conan Doyle	She writhed as one who is in terrible pain, and her limbs were dreadfully convulsed
1661	The Adventures of Sherlock Holmes	Arthur Conan Doyle	Now he looks a little more human
1342	Pride and Prejudice	Jane Austen	Heaven and earth!--of what are you thinking
345	Dracula	Bram Stoker	I was firm, however, and made preparations for my long vigil
1342	Pride and Prejudice	Jane Austen	Lydia was Lydia still; untamed, unabashed, wild, noisy, and fearless
345	Dracula	Bram Stoker	Hundreds, thousands, millions of them, and every one a life; and dogs to eat them, and cats too
345	Dracula	Bram Stoker	After a short time I saw that for the present it was useless to speak to him
1342	Pride and Prejudice	Jane Austen	Why should they try to influence him
1342	Pride and Prejudice	Jane Austen	I do not know anybody who seems more to enjoy the power of doing what he likes than Mr
345	Dracula	Bram Stoker	Leave these others and come to me
1342	Pride and Prejudice	Jane Austen	In as short a time as Mr
1661	The Adventures of Sherlock Holmes	Arthur Conan Doyle	All right, John; we shall not need you
1342	Pride and Prejudice	Jane Austen	She knew how little such a situation would give pleasure to either, or make either appear to advantage
1661	The Adventures of Sherlock Holmes	Arthur Conan Doyle	There were no signs of violence, no footmarks, no robbery, no record of strangers having been seen upon the roads
1661	The Adventures of Sherlock Holmes	Arthur Conan Doyle	Merryweather, we passed down a narrow passage and through a side door, which he opened for us
1661	The Adventures of Sherlock Holmes	Arthur Conan Doyle	Even when she was just a baby her wee hand seemed to lead me down the right path as nothing else had ever done
11	Alice's Adventures in Wonderland	Lewis Carroll	How queer everything is to-day
345	Dracula	Bram Stoker	The leaves were turning to all kinds of beautiful colours, but had not yet begun to drop from the trees
1342	Pride and Prejudice	Jane Austen	The party did not supply much conversation
1342	Pride and Prejudice	Jane Austen	An hour, however, saw the whole completed; and Mr
1661	The Adventures of Sherlock Holmes	Arthur Conan Doyle	Yet we have not a moment to lose
345	Dracula	Bram Stoker	We resumed our places, and Dr
1661	The Adventures of Sherlock Holmes	Arthur Conan Doyle	The more featureless and commonplace a crime is, the more difficult it is to bring it home
1342	Pride and Prejudice	Jane Austen	But whatever may be the sentiments which Mr
1342	Pride and Prejudice	Jane Austen	He has given in all his debts; I hope at least he has not deceived us
345	Dracula	Bram Stoker	I have seen him myself crawl from his window
1342	Pride and Prejudice	Jane Austen	Miss Bingley said something of his never returning to Netherfield again, of giving up the house, but not with any certainty
1342	Pride and Prejudice	Jane Austen	I certainly _have_ had my share of beauty, but I do not pretend to be anything extraordinary now
1661	The Adventures of Sherlock Holmes	Arthur Conan Doyle	Contributions to the Project Gutenberg Literary Archive Foundation are tax deductible to the full extent permitted by U.S
345	Dracula	Bram Stoker	Kiss her dead lips if you will, as she would have you to, if for her to choose
345	Dracula	Bram Stoker	I shall know better in time; and believe me that, though I am not ungrateful now, my gratitude will grow with my understanding
1661	The Adventures of Sherlock Holmes	Arthur Conan Doyle	It seems that it was
1661	The Adventures of Sherlock Holmes	Arthur Conan Doyle	Suddenly, with a plunge, as of the swimmer who leaves the bank, she hurried across the road, and we heard the sharp clang of the bell
1661	The Adventures of Sherlock Holmes	Arthur Conan Doyle	This would be in the year 1878, after he had been eight or nine years in England
345	Dracula	Bram Stoker	Van Helsing stood up instinctively
1342	Pride and Prejudice	Jane Austen	On the contrary, there is something pleasing about his mouth when he speaks
1342	Pride and Prejudice	Jane Austen	The mischief of neglect and mistaken indulgence towards such a girl--oh
345	Dracula	Bram Stoker	At last, news of Jonathan
1661	The Adventures of Sherlock Holmes	Arthur Conan Doyle	I ought to know its size and shape, seeing that I have read the advertisement about it in _The Times_ every day lately
345	Dracula	Bram Stoker	Seward simply nodded
345	Dracula	Bram Stoker	Does not the belief in vampires rest for others--though not, alas
345	Dracula	Bram Stoker	I wonder what they make out of it
345	Dracula	Bram Stoker	No other form could be seen on deck at all
345	Dracula	Bram Stoker	I shall not mind any flapping outside the window
1661	The Adventures of Sherlock Holmes	Arthur Conan Doyle	One of the gold corners, with three of the beryls in it, was missing
345	Dracula	Bram Stoker	You must fight Death himself, though he come to you in pain or in joy; by the day, or the night; in safety or in peril
345	Dracula	Bram Stoker	Come, and we can rest together
345	Dracula	Bram Stoker	away to the quickest and nearest train
345	Dracula	Bram Stoker	He dreads the consequence--the burden of a soul
1661	The Adventures of Sherlock Holmes	Arthur Conan Doyle	His grandfather was a royal duke, and he himself has been to Eton and Oxford
345	Dracula	Bram Stoker	The poor wretch was doubtless torturing himself, after the manner of the insane, with needless thoughts of pain
345	Dracula	Bram Stoker	I shall take some of the gold with me, lest I want it later
345	Dracula	Bram Stoker	He is only stronger; and being stronger, have yet more power to work evil
345	Dracula	Bram Stoker	I shall then make known to you something of the history of this man, which has been ascertained for me
1661	The Adventures of Sherlock Holmes	Arthur Conan Doyle	The largest landed proprietor in that part is a Mr
345	Dracula	Bram Stoker	The very thought drove me mad
1342	Pride and Prejudice	Jane Austen	Darcy, she could not but allow that Mr
1661	The Adventures of Sherlock Holmes	Arthur Conan Doyle	He and the two mates, are as I learn, the only native-born Americans in the ship
345	Dracula	Bram Stoker	Beyond this we know nothing whatever of him
345	Dracula	Bram Stoker	We were both silent for a while; and as I looked towards the window I saw the first dim streak of the coming dawn
1661	The Adventures of Sherlock Holmes	Arthur Conan Doyle	At first it was but a lurid spark upon the stone pavement
345	Dracula	Bram Stoker	Can you tell me what went before your going to Transylvania
345	Dracula	Bram Stoker	At last there came a time when it was evident that the patient was sinking fast; he might die at any moment
1342	Pride and Prejudice	Jane Austen	Collins is perfectly natural, and perfectly alive
1342	Pride and Prejudice	Jane Austen	The favour of your company has been much felt, I assure you
1342	Pride and Prejudice	Jane Austen	The strangeness of Mr
345	Dracula	Bram Stoker	Godalming insists that he shall keep the first watch
1342	Pride and Prejudice	Jane Austen	Elizabeth said as little to either as civility would allow, and sat down again to her work, with an eagerness which it did not often command
1661	The Adventures of Sherlock Holmes	Arthur Conan Doyle	I was then beginning to be able to form an opinion as to what had occurred
345	Dracula	Bram Stoker	I, too, am wily and I think his mind in a little while
345	Dracula	Bram Stoker	I let him take the helm, while the rest began thorough search, all keeping abreast, with lanterns: we left no corner unsearched
345	Dracula	Bram Stoker	Early this morning we listened, with breathless anxiety, for her response in her trance
1661	The Adventures of Sherlock Holmes	Arthur Conan Doyle	Now, for such a case as the one which has been submitted to us to-night, we need certainly to muster all our resources
1342	Pride and Prejudice	Jane Austen	But if you are really innocent and ignorant, I must be more explicit
1342	Pride and Prejudice	Jane Austen	Bennet, and they gave way only to the greater distress of Mr
345	Dracula	Bram Stoker	We all knew that the time when she could speak was passing; but we felt that it was useless to say anything
345	Dracula	Bram Stoker	Suddenly his eyes opened, and became fixed in a wild, helpless stare
345	Dracula	Bram Stoker	In selfish men caution is as secure an armour for their foes as for themselves
345	Dracula	Bram Stoker	To this I am willing; but is there none amongst us who has a better right
1342	Pride and Prejudice	Jane Austen	Collins took his station between his cousin Elizabeth and Mrs
345	Dracula	Bram Stoker	And now this is what he is to us
1342	Pride and Prejudice	Jane Austen	You are not going to be _missish_, I hope, and pretend to be affronted at an idle report
345	Dracula	Bram Stoker	Madam Mina still sleep and sleep; and though I did have hunger and appeased it, I could not waken her--even for food
345	Dracula	Bram Stoker	As it was, the point just cut the cloth of his coat, making a wide gap whence a bundle of bank-notes and a stream of gold fell out
1661	The Adventures of Sherlock Holmes	Arthur Conan Doyle	Then, when he had left, you rifled the jewel-case, raised the alarm, and had this unfortunate man arrested
345	Dracula	Bram Stoker	The poor fellow was quite broken down; now and again he gave a low groan which he could not suppress--he was thinking of his wife
1661	The Adventures of Sherlock Holmes	Arthur Conan Doyle	He had risen out of his drug-created dreams and was hot upon the scent of some new problem
345	Dracula	Bram Stoker	Van Helsing--that I am the train fiend
1661	The Adventures of Sherlock Holmes	Arthur Conan Doyle	Outside, the stars were shining coldly in a cloudless sky, and the breath of the passers-by blew out into smoke like so many pistol shots
345	Dracula	Bram Stoker	In the soft light the distant hills became melted, and the shadows in the valleys and gorges of velvety blackness
1661	The Adventures of Sherlock Holmes	Arthur Conan Doyle	Singularity is almost invariably a clue
1342	Pride and Prejudice	Jane Austen	But he had given a reason for his interference, which asked no extraordinary stretch of belief
345	Dracula	Bram Stoker	He believes it all himself
1661	The Adventures of Sherlock Holmes	Arthur Conan Doyle	At such times I have seen his face, even on a cold day, glisten with moisture, as though it were new raised from a basin
1342	Pride and Prejudice	Jane Austen	He _spoke_ of apprehension and anxiety, but his countenance expressed real security
345	Dracula	Bram Stoker	It is now close to the time of our general gathering
1342	Pride and Prejudice	Jane Austen	I have been a selfish being all my life, in practice, though not in principle
345	Dracula	Bram Stoker	For she is not a grinning devil now--not any more a foul Thing for all eternity
345	Dracula	Bram Stoker	I could find no means of ingress
1342	Pride and Prejudice	Jane Austen	She approached, and saw the likeness of Mr
1342	Pride and Prejudice	Jane Austen	You both did as much as you could in planning the marriage
1661	The Adventures of Sherlock Holmes	Arthur Conan Doyle	There were thirty-six ships of fair tonnage which were reported there during those months
1661	The Adventures of Sherlock Holmes	Arthur Conan Doyle	Both he and the Lascar stoutly swore that no one else had been in the front room during the afternoon
1661	The Adventures of Sherlock Holmes	Arthur Conan Doyle	Holmes scribbled a receipt upon a sheet of his note-book and handed it to him
1342	Pride and Prejudice	Jane Austen	Her mother impatiently met her at the door of her dressing-room, to ask why Lady Catherine would not come in again and rest herself
1342	Pride and Prejudice	Jane Austen	But I am willing to hope the best, and that his character has been misunderstood
345	Dracula	Bram Stoker	I feel from having seen him that he _is_ good and kind and of a noble nature
1342	Pride and Prejudice	Jane Austen	Your sweetness and disinterestedness are really angelic; I do not know what to say to you
1342	Pride and Prejudice	Jane Austen	And as to laughter, we will not expose ourselves, if you please, by attempting to laugh without a subject
345	Dracula	Bram Stoker	I am speaking from the depths of my heart--of my very soul
1342	Pride and Prejudice	Jane Austen	I will only add, God bless you
345	Dracula	Bram Stoker	May I make the only atonement in my power
1661	The Adventures of Sherlock Holmes	Arthur Conan Doyle	How very impertinent
345	Dracula	Bram Stoker	if I could only help at all
345	Dracula	Bram Stoker	Madam Mina laugh, and I turn and look at her
345	Dracula	Bram Stoker	Then we shall at any rate be in Varna a day before the ship arrives, and able to make such preparations as may be necessary
1342	Pride and Prejudice	Jane Austen	Collins, and the gaieties of their intercourse with Rosings
1342	Pride and Prejudice	Jane Austen	Her Ladyship, with great condescension, arose to receive them; and as Mrs
1661	The Adventures of Sherlock Holmes	Arthur Conan Doyle	He has nerve and he has knowledge
345	Dracula	Bram Stoker	One more so small child was missing, and we find it, thank God, unharmed amongst the graves
345	Dracula	Bram Stoker	And did you not hear me swear promise to her, that so she closed her eyes grateful
1342	Pride and Prejudice	Jane Austen	Wickham, we are brother and sister, you know
345	Dracula	Bram Stoker	And so, after asking where there might be close at hand a ship where he might purchase ship forms, he departed
1342	Pride and Prejudice	Jane Austen	It was very strange that he should come to Longbourn instead of to Lucas Lodge; it was also very inconvenient and exceedingly troublesome
1661	The Adventures of Sherlock Holmes	Arthur Conan Doyle	I shall not say another word about this business, since you have chosen to insult me
1661	The Adventures of Sherlock Holmes	Arthur Conan Doyle	My sister thinks that I am going mad
345	Dracula	Bram Stoker	At last I felt that subtle change in the air, and knew that the morning had come
1342	Pride and Prejudice	Jane Austen	Here again I shall give you pain--to what degree you only can tell
1342	Pride and Prejudice	Jane Austen	Elizabeth was not surprised at it, as Jane had written the direction remarkably ill
1342	Pride and Prejudice	Jane Austen	But I can guess how it was; everybody says that he is eat up with pride, and I dare say he had heard somehow that Mrs
1342	Pride and Prejudice	Jane Austen	To be sure, London was rather thin, but, however, the Little Theatre was open
1661	The Adventures of Sherlock Holmes	Arthur Conan Doyle	How you startled me, Kate
1342	Pride and Prejudice	Jane Austen	He has always something to say to everybody
1661	The Adventures of Sherlock Holmes	Arthur Conan Doyle	The prisoner lay with his face towards us, in a very deep sleep, breathing slowly and heavily
1342	Pride and Prejudice	Jane Austen	Let us hope, therefore, that her being there may teach her her own insignificance
1342	Pride and Prejudice	Jane Austen	Collins himself, has been charged with exaggeration
345	Dracula	Bram Stoker	Harker, that when a man is so loved and honoured as our host is, everything regarding him is of interest in our little community
345	Dracula	Bram Stoker	It was so in very truth, for now both mother and daughter lay in it
1661	The Adventures of Sherlock Holmes	Arthur Conan Doyle	The chimney is wide, but is barred up by four large staples
1342	Pride and Prejudice	Jane Austen	I often tell my other girls they are nothing to _her_
345	Dracula	Bram Stoker	He was very genial and very appreciative of what we had done, and took off our hands all cares as to details
1661	The Adventures of Sherlock Holmes	Arthur Conan Doyle	I sat down beside the fire, however, with the intention of awaiting him, however long he might be
345	Dracula	Bram Stoker	Then began my terrible task, and I dreaded it
1661	The Adventures of Sherlock Holmes	Arthur Conan Doyle	Was it all to go for nothing
1342	Pride and Prejudice	Jane Austen	The one was humanity, and the other was art
1342	Pride and Prejudice	Jane Austen	My uncle and aunt and I were to go together; and the others were to meet us at the church
345	Dracula	Bram Stoker	We have self-devotion in a cause, and an end to achieve which is not a selfish one
345	Dracula	Bram Stoker	It is no common enemy that we deal with
345	Dracula	Bram Stoker	with no effect; the power has grown less and less with each day, and to-night it fail me altogether
345	Dracula	Bram Stoker	One passage of it, at least, gave me a thrill of pleasure
1661	The Adventures of Sherlock Holmes	Arthur Conan Doyle	Are you a married man, Mr
345	Dracula	Bram Stoker	All I could do now was to be patient, and to wait the coming of the morning
345	Dracula	Bram Stoker	Moreover, we have something to prepare
1342	Pride and Prejudice	Jane Austen	Let us hope for better things
1661	The Adventures of Sherlock Holmes	Arthur Conan Doyle	At least that was my first impression
1661	The Adventures of Sherlock Holmes	Arthur Conan Doyle	Please check the Project Gutenberg web pages for current donation methods and addresses
345	Dracula	Bram Stoker	He is an excellent _parti_, being handsome, well off, and of good birth
1342	Pride and Prejudice	Jane Austen	They were not welcomed home very cordially by their mother
345	Dracula	Bram Stoker	how could they be otherwise
1342	Pride and Prejudice	Jane Austen	I rather expected, from my knowledge of her affability, that it would happen
1342	Pride and Prejudice	Jane Austen	My dear Lizzy, they must have passed within ten miles of us
1342	Pride and Prejudice	Jane Austen	Philips, and was, by her watchfulness, most abundantly supplied with coffee and muffin
1342	Pride and Prejudice	Jane Austen	She tried, however, to compose herself to answer him with patience, when he should have done
1661	The Adventures of Sherlock Holmes	Arthur Conan Doyle	Windibank gave a violent start and dropped his gloves
1342	Pride and Prejudice	Jane Austen	The two first dances, however, brought a return of distress: they were dances of mortification
345	Dracula	Bram Stoker	I brought it from Amsterdam
1661	The Adventures of Sherlock Holmes	Arthur Conan Doyle	The person or entity that provided you with the defective work may elect to provide a replacement copy in lieu of a refund
1342	Pride and Prejudice	Jane Austen	You and papa, and my sisters, must come down and see us
345	Dracula	Bram Stoker	This day nothing can find him here
1342	Pride and Prejudice	Jane Austen	Darcy, was one of the best men that ever breathed, and the truest friend I ever had; and I can never be in company with this Mr
345	Dracula	Bram Stoker	When I came back, I found him walking hurriedly up and down the room, his face all ablaze with excitement
345	Dracula	Bram Stoker	Oh, if only Morris and Seward were with us
345	Dracula	Bram Stoker	away from this cursed spot, from this cursed land, where the devil and his children still walk with earthly feet
345	Dracula	Bram Stoker	For two nights I had hardly had a wink of sleep, and my brain was beginning to feel that numbness which marks cerebral exhaustion
1342	Pride and Prejudice	Jane Austen	Collins, seeing that she was really unwell, did not press her to go, and as much as possible prevented her husband from pressing her; but Mr
1342	Pride and Prejudice	Jane Austen	Bennet, who was most anxious to get rid of him, and have his library to himself; for thither Mr
345	Dracula	Bram Stoker	the snow is not more stainless than her forehead
1661	The Adventures of Sherlock Holmes	Arthur Conan Doyle	It seemed to me that her mistress allowed her to take great liberties
345	Dracula	Bram Stoker	I want to see your patient, Mr
345	Dracula	Bram Stoker	His eyes caught the look in mine, and, without his thinking, followed their direction
345	Dracula	Bram Stoker	Oh, what will to-morrow bring to us
345	Dracula	Bram Stoker	The time is coming for action; to-day this Vampire is limit to the powers of man, and till sunset he may not change
1342	Pride and Prejudice	Jane Austen	Lizzy declares she will not have Mr
345	Dracula	Bram Stoker	For so surely as we live, that scar shall pass away when God sees right to lift the burden that is hard upon us
345	Dracula	Bram Stoker	Last night was very threatening, and the fishermen say that we are in for a storm
345	Dracula	Bram Stoker	I remember, though I suppose I was asleep, passing through the streets and over the bridge
345	Dracula	Bram Stoker	I was sorry to notice that my clumsiness with the safety-pin hurt her
1342	Pride and Prejudice	Jane Austen	After a short silence the lady first spoke
345	Dracula	Bram Stoker	Your husband is noble nature, and you are noble too, for you trust, and trust cannot be where there is mean nature
1661	The Adventures of Sherlock Holmes	Arthur Conan Doyle	My hand-mirror had been broken, so a happy thought seized me, and I concealed a piece of the glass in my handkerchief
345	Dracula	Bram Stoker	She wept, too, to see that her sweeter counsels had prevailed
1342	Pride and Prejudice	Jane Austen	Kitty is slight and delicate, and Mary studies so much that her hours of repose should not be broken in on
345	Dracula	Bram Stoker	I had hardly come to this conclusion when I heard the great door below shut, and knew that the Count had returned
1661	The Adventures of Sherlock Holmes	Arthur Conan Doyle	I can assure you that it has nothing to do with the sad tragedy which followed
1661	The Adventures of Sherlock Holmes	Arthur Conan Doyle	The game-keeper adds that within a few minutes of his seeing Mr
345	Dracula	Bram Stoker	He was interested in everything, and asked me a myriad questions about the place and its surroundings
1342	Pride and Prejudice	Jane Austen	His behaviour was attentive and kind to the utmost
1342	Pride and Prejudice	Jane Austen	But I must tell you how it went off
1342	Pride and Prejudice	Jane Austen	By tea-time, however, the dose had been enough, and Mr
345	Dracula	Bram Stoker	Quincey Morris, of Texas; Mr
1342	Pride and Prejudice	Jane Austen	From the entrance hall, of which Mr
345	Dracula	Bram Stoker	As we were holding him a strange thing happened
345	Dracula	Bram Stoker	I do in any case, and shall tell you if you are right
345	Dracula	Bram Stoker	She was still unconscious, and was quite as bad as, if not worse than, we had ever seen her
11	Alice's Adventures in Wonderland	Lewis Carroll	After a while, finding that nothing more happened, she decided on going into the garden at once; but, alas for poor Alice
1661	The Adventures of Sherlock Holmes	Arthur Conan Doyle	I am glad to have a friend with whom I can discuss my results
345	Dracula	Bram Stoker	He is a decent, intelligent fellow, distinctly a good, reliable type of workman, and with a headpiece of his own
1661	The Adventures of Sherlock Holmes	Arthur Conan Doyle	I feel better now, and I will put the facts before you as shortly and yet as clearly as I can
1342	Pride and Prejudice	Jane Austen	They are gone down to Newcastle, a place quite northward it seems, and there they are to stay, I do not know how long
1661	The Adventures of Sherlock Holmes	Arthur Conan Doyle	The rooms were carefully examined, and results all pointed to an abominable crime
1342	Pride and Prejudice	Jane Austen	Gardiner that my niece is very desirous of seeing you all before she leaves the south
1661	The Adventures of Sherlock Holmes	Arthur Conan Doyle	Then he closed the locket and handed it back to Lord St
345	Dracula	Bram Stoker	I found Renfield sitting placidly in his room with his hands folded, smiling benignly
1661	The Adventures of Sherlock Holmes	Arthur Conan Doyle	James and his father had many disagreements about me
1342	Pride and Prejudice	Jane Austen	Bennet sat looking and winking at Elizabeth and Catherine for a considerable time, without making any impression on them
1342	Pride and Prejudice	Jane Austen	I will not be in a hurry to believe myself his first object
1342	Pride and Prejudice	Jane Austen	Colonel Forster will, I dare say, do everything in his power to satisfy us on this head
345	Dracula	Bram Stoker	It is strange that as yet I have not seen the Count eat or drink
345	Dracula	Bram Stoker	I feel sorry, really and truly sorry, for two of the poor fellows
345	Dracula	Bram Stoker	It seems that a man always does find a girl alone
1342	Pride and Prejudice	Jane Austen	Darcy looked just as he had been used to look in Hertfordshire, paid his compliments, with his usual reserve, to Mrs
345	Dracula	Bram Stoker	So I determined to write only formal notes now, but to write fully to Mr
345	Dracula	Bram Stoker	I had seen them speer at the fellow, and put out their twa fingers when they saw him, to guard against the evil eye
345	Dracula	Bram Stoker	Billington, of 7, The Crescent, who this morning went aboard and formally took possession of the goods consigned to him
1342	Pride and Prejudice	Jane Austen	She answered with equal indifference and brevity, and the other said no more
345	Dracula	Bram Stoker	He said to Madam Mina, as I see in your diary of yesterday, that he had once had such a belief
345	Dracula	Bram Stoker	And your police and other authority help him all they can
345	Dracula	Bram Stoker	I went on to make a thorough examination of the various stairs and passages, and to try the doors that opened from them
1661	The Adventures of Sherlock Holmes	Arthur Conan Doyle	Holmes pushed open the door of the private bar and ordered two glasses of beer from the ruddy-faced, white-aproned landlord
345	Dracula	Bram Stoker	It was so nice to be able to tell you and to have your sympathy
1661	The Adventures of Sherlock Holmes	Arthur Conan Doyle	It is a hereditary matter; so in order to give you an idea of the facts, I must go back to the commencement of the affair
345	Dracula	Bram Stoker	To-morrow we are to see the Vice-Consul, and to arrange, if we can, about getting on board the ship as soon as she arrives
1342	Pride and Prejudice	Jane Austen	I wonder when you _would_ have spoken if I had not asked you
1661	The Adventures of Sherlock Holmes	Arthur Conan Doyle	He is not a bad fellow, though an absolute imbecile in his profession
1342	Pride and Prejudice	Jane Austen	Her fellow-travellers the next day were not of a kind to make her think him less agreeable
1342	Pride and Prejudice	Jane Austen	The subject which had been so warmly canvassed between their parents, about a twelvemonth ago, was now brought forward again
1342	Pride and Prejudice	Jane Austen	how ardently did she long to know whether any of his were directed in a like manner
345	Dracula	Bram Stoker	I questioned him more fully than I had ever done, with a view to making myself master of the facts of his hallucination
1342	Pride and Prejudice	Jane Austen	The paling of Rosings park was their boundary on one side
345	Dracula	Bram Stoker	During lunch he told us that Mrs
345	Dracula	Bram Stoker	Before he could strike again, however, I got in my right and he was sprawling on his back on the floor
345	Dracula	Bram Stoker	PERILOUS ADVENTURE OF OUR INTERVIEWER
1661	The Adventures of Sherlock Holmes	Arthur Conan Doyle	The latter is always instructive
345	Dracula	Bram Stoker	The fourth was only a young girl, and the drug had evidently affected her more strongly, so I lifted her on the sofa and let her sleep
345	Dracula	Bram Stoker	She seems not too well herself, and doubtless she fears to worry me
345	Dracula	Bram Stoker	The wounds of the face was superficial; the real injury was a depressed fracture of the skull, extending right up through the motor area
345	Dracula	Bram Stoker	I shall not ever enter on the subject with her under any circumstances
1661	The Adventures of Sherlock Holmes	Arthur Conan Doyle	Holmes gazed long and earnestly at it
345	Dracula	Bram Stoker	It was like a soul crying out to Almighty God
345	Dracula	Bram Stoker	What does that blood mean
1342	Pride and Prejudice	Jane Austen	She saw, with the creative eye of fancy, the streets of that gay bathing-place covered with officers
345	Dracula	Bram Stoker	With regard to patient, Renfield, there is more to say
345	Dracula	Bram Stoker	You have aided in thwarting me; now you shall come to my call
1342	Pride and Prejudice	Jane Austen	They travelled as expeditiously as possible; and sleeping one night on the road, reached Longbourn by dinnertime the next day
1342	Pride and Prejudice	Jane Austen	Elizabeth tried to be diverted by them; but all sense of pleasure was lost in shame
345	Dracula	Bram Stoker	Only ten days ago a wolf got out, and was, I believe, traced up in this direction
345	Dracula	Bram Stoker	By following up this clue we may learn a good deal
1661	The Adventures of Sherlock Holmes	Arthur Conan Doyle	In his eyes she eclipses and predominates the whole of her sex
1661	The Adventures of Sherlock Holmes	Arthur Conan Doyle	Women are naturally secretive, and they like to do their own secreting
1342	Pride and Prejudice	Jane Austen	How thankful am I, that we never let them know what has been said against him; we must forget it ourselves
1342	Pride and Prejudice	Jane Austen	what will become of me
1661	The Adventures of Sherlock Holmes	Arthur Conan Doyle	I shall be true to Hosmer
345	Dracula	Bram Stoker	I propose that we add Winchesters to our armament
11	Alice's Adventures in Wonderland	Lewis Carroll	There was a sound of many footsteps, and Alice looked round, eager to see the Queen
345	Dracula	Bram Stoker	I have never seen him so eager
345	Dracula	Bram Stoker	This cargo was consigned to a Whitby solicitor, Mr
1342	Pride and Prejudice	Jane Austen	It was impossible for her to see the word without thinking of Pemberley and its owner
1661	The Adventures of Sherlock Holmes	Arthur Conan Doyle	Wilson, off you go at scratch and tell us all about yourself, your household, and the effect which this advertisement had upon your fortunes
1661	The Adventures of Sherlock Holmes	Arthur Conan Doyle	Now her marriage would mean, of course, the loss of a hundred a year, so what does her stepfather do to prevent it
1342	Pride and Prejudice	Jane Austen	The kindness of my uncle and aunt can never be requited
1342	Pride and Prejudice	Jane Austen	[Illustration] Chapter XLVI
345	Dracula	Bram Stoker	When they did feel my hands on them, they whinnied low as in joy, and licked at my hands and were quiet for a time
345	Dracula	Bram Stoker	Van Helsing and I tried to make inquiry at the back of the house; but the mews was deserted and no one had seen him depart
1342	Pride and Prejudice	Jane Austen	Collins must excuse me
345	Dracula	Bram Stoker	Madam Mina is with you
345	Dracula	Bram Stoker	We men are determined--nay, are we not pledged?--to destroy this monster; but it is no part for a woman
345	Dracula	Bram Stoker	At every station there were groups of people, sometimes crowds, and in all sorts of attire
345	Dracula	Bram Stoker	You must not be angry with me, Art, because his very reticence means that all his brains are working for her good
1342	Pride and Prejudice	Jane Austen	Conceal the unhappy truth as long as it is possible
1661	The Adventures of Sherlock Holmes	Arthur Conan Doyle	It was soon evident to me that he was now preparing for an all-night sitting
345	Dracula	Bram Stoker	Jonathan Harker, who is himself not strong enough to write, though progressing well, thanks to God and St
1661	The Adventures of Sherlock Holmes	Arthur Conan Doyle	Oakshott to-night, or whether we should reserve it for to-morrow
1342	Pride and Prejudice	Jane Austen	He danced only four dances
11	Alice's Adventures in Wonderland	Lewis Carroll	Alice was not much surprised at this, she was getting so used to queer things happening
345	Dracula	Bram Stoker	It was his last hope, save that he might hide in the tomb that he think poor Miss Lucy, being as he thought like him, keep open to him
345	Dracula	Bram Stoker	Seward asked the attendant who was on duty in the passage if he had heard anything
1661	The Adventures of Sherlock Holmes	Arthur Conan Doyle	He was much excited, without either his gun or his hat, and his right hand and sleeve were observed to be stained with fresh blood
1342	Pride and Prejudice	Jane Austen	And then we were so merry all the way home
1342	Pride and Prejudice	Jane Austen	But the misfortune of speaking with bitterness is a most natural consequence of the prejudices I had been encouraging
1342	Pride and Prejudice	Jane Austen	He may live in my memory as the most amiable man of my acquaintance but that is all
345	Dracula	Bram Stoker	They are, however, I am told, very harmless and rather wanting in natural self-assertion
345	Dracula	Bram Stoker	A door beyond opened and shut
345	Dracula	Bram Stoker	I fear, as I never feared before
1661	The Adventures of Sherlock Holmes	Arthur Conan Doyle	Never let yourself doubt upon that point
345	Dracula	Bram Stoker	Instinctively they reined in, and at the instant Lord Godalming and Jonathan dashed up at one side and Dr
345	Dracula	Bram Stoker	Was this desolation but another link in the chain of doom which seemed drawing tight around us
1661	The Adventures of Sherlock Holmes	Arthur Conan Doyle	On the contrary, for a small street in a quiet neighbourhood, it was remarkably animated
345	Dracula	Bram Stoker	There is a poison in my blood, in my soul, which may destroy me; which must destroy me, unless some relief comes to us
345	Dracula	Bram Stoker	I want to cut off her head and take out her heart
1342	Pride and Prejudice	Jane Austen	How strange must it appear to him
345	Dracula	Bram Stoker	I lit a match and found that she was not in the room
345	Dracula	Bram Stoker	Last night we all assembled a little before the time of sunset
1342	Pride and Prejudice	Jane Austen	Kitty was the only one who shed tears; but she did weep from vexation and envy
345	Dracula	Bram Stoker	I feel myself quite wild with excitement
1342	Pride and Prejudice	Jane Austen	His character was decided
345	Dracula	Bram Stoker	Something whisper to me that all is not well
345	Dracula	Bram Stoker	Seward, oh, let me implore you, to let me out of this house at once
1342	Pride and Prejudice	Jane Austen	We know how little there is to tempt anyone to our humble abode
1661	The Adventures of Sherlock Holmes	Arthur Conan Doyle	But as I listened to his talk all that was black and bitter in me seemed to come uppermost
345	Dracula	Bram Stoker	Just over the external jugular vein there were two punctures, not large, but not wholesome-looking
1661	The Adventures of Sherlock Holmes	Arthur Conan Doyle	Should it prove to be an interesting case, you would, I am sure, wish to follow it from the outset
11	Alice's Adventures in Wonderland	Lewis Carroll	So she set the little creature down, and felt quite relieved to see it trot away quietly into the wood
1661	The Adventures of Sherlock Holmes	Arthur Conan Doyle	Then who could this American be, and why should he possess so much influence over her
345	Dracula	Bram Stoker	I was stern with them, however, and would not let them talk
345	Dracula	Bram Stoker	This time there could be no error, for the man was close to me, and I could see him over my shoulder
1661	The Adventures of Sherlock Holmes	Arthur Conan Doyle	Round one of his hands he had a handkerchief wrapped, which was mottled all over with bloodstains
345	Dracula	Bram Stoker	Fortunately, the kitchen and boiler fires were still alive, and there was no lack of hot water
1342	Pride and Prejudice	Jane Austen	In that respect his friend had greatly the advantage
1661	The Adventures of Sherlock Holmes	Arthur Conan Doyle	It is a little place near the borders of Oxfordshire, and within seven miles of Reading
345	Dracula	Bram Stoker	It may be worse for others; but for him and you there is no dread
345	Dracula	Bram Stoker	Then we shall be ready for other eyes if required
1661	The Adventures of Sherlock Holmes	Arthur Conan Doyle	Duncan Ross took to coming in only once of a morning, and then, after a time, he did not come in at all
345	Dracula	Bram Stoker	He come with us, and ask many men who are rough and hot; these be better fellows too when they have been no more thirsty
1342	Pride and Prejudice	Jane Austen	When coffee was over, Colonel Fitzwilliam reminded Elizabeth of having promised to play to him; and she sat down directly to the instrument
345	Dracula	Bram Stoker	Can any of us ever forget that terrible scene
345	Dracula	Bram Stoker	My God, if this be so
345	Dracula	Bram Stoker	I wonder if we--I mean Jonathan and I--shall ever see them together
1661	The Adventures of Sherlock Holmes	Arthur Conan Doyle	Wilson, you would have the great kindness to recommence your narrative
345	Dracula	Bram Stoker	And then away for home
345	Dracula	Bram Stoker	Renfield artfully waited until the attendant was entering the room to inspect
1661	The Adventures of Sherlock Holmes	Arthur Conan Doyle	I have frequently gained my first real insight into the character of parents by studying their children
1342	Pride and Prejudice	Jane Austen	Darcy is not coming here again with our dear Bingley
345	Dracula	Bram Stoker	When I left Madam Mina sleeping within the Holy circle, I took my way to the castle
345	Dracula	Bram Stoker	from a ruin tomb in a forgotten land
345	Dracula	Bram Stoker	All her old gaiety of manner seemed to have come back, and she came and snuggled in beside me and told me all about Arthur
1342	Pride and Prejudice	Jane Austen	He, who had always inspired in herself a respect which almost overcame her affection, she now saw the object of open pleasantry
1342	Pride and Prejudice	Jane Austen	I cannot do justice to his kindness
1661	The Adventures of Sherlock Holmes	Arthur Conan Doyle	The bedroom window was a broad one and opened from below
1342	Pride and Prejudice	Jane Austen	It was then disclosed in the following manner
345	Dracula	Bram Stoker	NOTE Seven years ago we all went through the flames; and the happiness of some of us since then is, we think, well worth the pain we endured
345	Dracula	Bram Stoker	FLETCHER May be had wherever books are sold
345	Dracula	Bram Stoker	We were all convinced that the box was on its way, by water, to somewhere; but where that might be we would have to discover
345	Dracula	Bram Stoker	Hardly know how to set a watch, since no one fit to go on
1342	Pride and Prejudice	Jane Austen	Collins, was a most humiliating picture
345	Dracula	Bram Stoker	I knew him at once from the description of the others
1342	Pride and Prejudice	Jane Austen	On the very day of my coming home from Longbourn, your uncle had a most unexpected visitor
1661	The Adventures of Sherlock Holmes	Arthur Conan Doyle	Sherlock Holmes had not come back yet
1661	The Adventures of Sherlock Holmes	Arthur Conan Doyle	The daughter told us as much
1661	The Adventures of Sherlock Holmes	Arthur Conan Doyle	But between ourselves, Windibank, it was as cruel and selfish and heartless a trick in a petty way as ever came before me
345	Dracula	Bram Stoker	On the near side, the sea-wall makes an elbow crooked inversely, and its end too has a lighthouse
345	Dracula	Bram Stoker	Can see you any time you call
1661	The Adventures of Sherlock Holmes	Arthur Conan Doyle	You were chosen, doubtless, as resembling her in height, figure, and the colour of your hair
345	Dracula	Bram Stoker	We talk of her often; we have not, however, said a word to the others
1342	Pride and Prejudice	Jane Austen	Bennet rejoiced to see Jane in undiminished beauty; and more than once during dinner did Mr
1661	The Adventures of Sherlock Holmes	Arthur Conan Doyle	Angel, save that he quotes Balzac once
1342	Pride and Prejudice	Jane Austen	pray apologize for my having disliked him so much before
1661	The Adventures of Sherlock Holmes	Arthur Conan Doyle	It might be a lover; it might be a husband
1661	The Adventures of Sherlock Holmes	Arthur Conan Doyle	If you do not charge anything for copies of this eBook, complying with the trademark license is very easy
11	Alice's Adventures in Wonderland	Lewis Carroll	Pig and Pepper CHAPTER VII
345	Dracula	Bram Stoker	Yesterday I came here before sundown, for at sundown the Un-Dead can move
1342	Pride and Prejudice	Jane Austen	His consenting to marry her is a proof, I will believe, that he is come to a right way of thinking
1342	Pride and Prejudice	Jane Austen	Wickham, and rejoiced in it
1342	Pride and Prejudice	Jane Austen	Charlotte is an excellent manager, I dare say
1661	The Adventures of Sherlock Holmes	Arthur Conan Doyle	Toller, for that is his name, is a rough, uncouth man, with grizzled hair and whiskers, and a perpetual smell of drink
11	Alice's Adventures in Wonderland	Lewis Carroll	And oh, I wish you could see her after the birds
1661	The Adventures of Sherlock Holmes	Arthur Conan Doyle	He said that he had never heard of any such body
345	Dracula	Bram Stoker	One was an atlas, which I found opened naturally at England, as if that map had been much used
1342	Pride and Prejudice	Jane Austen	Elizabeth of course belongs to the_ allegro _or_ allegra _division of the army of Venus
345	Dracula	Bram Stoker	How I slept, with that dear, good Dr
345	Dracula	Bram Stoker	I am anxiously expecting you
1342	Pride and Prejudice	Jane Austen	To convince him, therefore, that he had deceived himself was no very difficult point
1661	The Adventures of Sherlock Holmes	Arthur Conan Doyle	I followed them up and found they led to the hall window, where Boots had worn all the snow away while waiting
1661	The Adventures of Sherlock Holmes	Arthur Conan Doyle	I heard his wife tell Mrs
345	Dracula	Bram Stoker	I knew from the way Dr
345	Dracula	Bram Stoker	It is a mercy that we have found out his strength and his danger in good time
1342	Pride and Prejudice	Jane Austen	Darcy;--but let me not interrupt you, sir
345	Dracula	Bram Stoker	I shall test him with his present craving and see how it will work out; then I shall know more
11	Alice's Adventures in Wonderland	Lewis Carroll	Alice kept her eyes anxiously fixed on it, for she felt sure she would catch a bad cold if she did not get dry very soon
345	Dracula	Bram Stoker	The door is always locked, no way for me
1661	The Adventures of Sherlock Holmes	Arthur Conan Doyle	We waited, all curiosity, until with another effort he braced himself to tell his story
1661	The Adventures of Sherlock Holmes	Arthur Conan Doyle	This is only where we compress it
345	Dracula	Bram Stoker	Skinsky took it--and here we lose the trail
1661	The Adventures of Sherlock Holmes	Arthur Conan Doyle	But, indeed, if you are trivial, I cannot blame you, for the days of the great cases are past
345	Dracula	Bram Stoker	We must try to-night at sunset to make her speak more fully when in her hypnotic state
1661	The Adventures of Sherlock Holmes	Arthur Conan Doyle	Holmes, that we are very much indebted to you for having cleared the matter up
1342	Pride and Prejudice	Jane Austen	Charlotte did not stay much longer; and Elizabeth was then left to reflect on what she had heard
345	Dracula	Bram Stoker	In his life, his living life, he go over the Turkey frontier and attack his enemy on his own ground; he be beaten back, but did he stay
1661	The Adventures of Sherlock Holmes	Arthur Conan Doyle	You remember that the affair of the blue carbuncle, which appeared to be a mere whim at first, developed into a serious investigation
1661	The Adventures of Sherlock Holmes	Arthur Conan Doyle	The country roads seem to be not very good in that part of the world, for we lurched and jolted terribly
345	Dracula	Bram Stoker	Presently the door opened, and mother looked in; seeing by my moving that I was not asleep, came in, and sat by me
1342	Pride and Prejudice	Jane Austen	I _must_ have employment and society
345	Dracula	Bram Stoker	as friend Arthur would say when he put on his red frock
345	Dracula	Bram Stoker	But still in none of the rooms is there a mirror
345	Dracula	Bram Stoker	I am to get his report to-morrow if he can possibly make it
1661	The Adventures of Sherlock Holmes	Arthur Conan Doyle	I was determined that the law should have its way in everything
1342	Pride and Prejudice	Jane Austen	She was a woman of mean understanding, little information, and uncertain temper
1342	Pride and Prejudice	Jane Austen	The fact is, that you were sick of civility, of deference, of officious attention
1342	Pride and Prejudice	Jane Austen	In that case he would return no more
1661	The Adventures of Sherlock Holmes	Arthur Conan Doyle	The smoke and shouting were enough to shake nerves of steel
1661	The Adventures of Sherlock Holmes	Arthur Conan Doyle	I travelled in my youth, took to the stage, and finally became a reporter on an evening paper in London
1342	Pride and Prejudice	Jane Austen	I am sorry to have occasioned pain to anyone
1661	The Adventures of Sherlock Holmes	Arthur Conan Doyle	Local aid is always either worthless or else biassed
1342	Pride and Prejudice	Jane Austen	You take delight in vexing me
345	Dracula	Bram Stoker	Morris and Lord Godalming were with Dr
1342	Pride and Prejudice	Jane Austen	Say that urgent business calls us home immediately
345	Dracula	Bram Stoker	I stole back to the study, and began to read
1342	Pride and Prejudice	Jane Austen	It was reasonable, however, to hope that they would not continue long
1342	Pride and Prejudice	Jane Austen	Bennet as much as possible, saying not much to Elizabeth, and nothing at all to the others
1342	Pride and Prejudice	Jane Austen	I knew it myself, as it was known to Miss Bingley; but her brother is even yet ignorant of it
1342	Pride and Prejudice	Jane Austen	She found it difficult to obtain even a word from her beyond a monosyllable
345	Dracula	Bram Stoker	We all moved out to the hall with one impulse, and Van Helsing, holding up his hand to us to keep silence, stepped to the door and opened it
1661	The Adventures of Sherlock Holmes	Arthur Conan Doyle	Well, that is a list of my town suppliers
1342	Pride and Prejudice	Jane Austen	With the mention of Derbyshire, there were many ideas connected
345	Dracula	Bram Stoker	They are Russian, he Roumanian
345	Dracula	Bram Stoker	Poor Lucy seemed much upset
1342	Pride and Prejudice	Jane Austen	Bennet, she took an epicurean delight in dissecting, in displaying, in setting at work her fools and her mean persons
345	Dracula	Bram Stoker	There has been so much trouble around my house of late that I could do without any more
345	Dracula	Bram Stoker	He lashed the horses unmercifully with his long whip, and with wild cries of encouragement urged them on to further exertions
345	Dracula	Bram Stoker	He was sulky, and so I came away
1342	Pride and Prejudice	Jane Austen	[Illustration] CHAPTER XXII
1342	Pride and Prejudice	Jane Austen	Elizabeth will soon be the wife of Mr
345	Dracula	Bram Stoker	The rats were multiplying in thousands, and we moved out
1342	Pride and Prejudice	Jane Austen	Bennet thought it possible they might have gone to one of them, on their first coming to London, before they procured lodgings
345	Dracula	Bram Stoker	I shall enter here some of my notes, as they may refresh my memory when I talk over my travels with Mina
345	Dracula	Bram Stoker	If He can look me in the face again, I may not have time to act
1342	Pride and Prejudice	Jane Austen	The sight of Miss Lucas was odious to her
1342	Pride and Prejudice	Jane Austen	She wanted to hear of him, when there seemed the least chance of gaining intelligence
1342	Pride and Prejudice	Jane Austen	Darcy is so violent, that it would be the death of half the good people in Meryton, to attempt to place him in an amiable light
1661	The Adventures of Sherlock Holmes	Arthur Conan Doyle	We feed him once a day, and not too much then, so that he is always as keen as mustard
1342	Pride and Prejudice	Jane Austen	He then sat down by her, and talked scarcely to anyone else
1342	Pride and Prejudice	Jane Austen	It was not all settled before Monday: as soon as it was, the express was sent off to Longbourn
1342	Pride and Prejudice	Jane Austen	I do not like to boast of my own child; but to be sure, Jane--one does not often see anybody better looking
1661	The Adventures of Sherlock Holmes	Arthur Conan Doyle	Sherlock Holmes sat up with a whistle
345	Dracula	Bram Stoker	We had a sort of perfunctory supper together, and I think it cheered us all up somewhat
345	Dracula	Bram Stoker	We entered Carfax without trouble and found all things the same as on the first occasion
1342	Pride and Prejudice	Jane Austen	Darcy bequeathed me the next presentation of the best living in his gift
345	Dracula	Bram Stoker	It is really wonderful how much resilience there is in human nature
1661	The Adventures of Sherlock Holmes	Arthur Conan Doyle	His grip has been upon me these twenty years, and he has blasted my life
345	Dracula	Bram Stoker	I must be very careful, however, not to awake his suspicion
1661	The Adventures of Sherlock Holmes	Arthur Conan Doyle	Violence does, in truth, recoil upon the violent, and the schemer falls into the pit which he digs for another
1342	Pride and Prejudice	Jane Austen	He found her as handsome as she had been last year; as good-natured, and as unaffected, though not quite so chatty
11	Alice's Adventures in Wonderland	Lewis Carroll	Alice thought she might as well wait, as she had nothing else to do, and perhaps after all it might tell her something worth hearing
345	Dracula	Bram Stoker	two mates, cook, and myself (captain)
1342	Pride and Prejudice	Jane Austen	She was sorry that Mr
345	Dracula	Bram Stoker	Holmwood has been suddenly called to Ring to see his father, who has been taken seriously ill
1661	The Adventures of Sherlock Holmes	Arthur Conan Doyle	But my memory and my girl
1342	Pride and Prejudice	Jane Austen	No one admitted to the privilege of hearing you can think anything wanting
345	Dracula	Bram Stoker	That was all he knew
345	Dracula	Bram Stoker	Thank God, this will be the last night of her looking on at our conferences, and feeling the sting of our not showing our confidence
1661	The Adventures of Sherlock Holmes	Arthur Conan Doyle	There was not a soul there save the two whom I had followed and a surpliced clergyman, who seemed to be expostulating with them
345	Dracula	Bram Stoker	That is slang again, but never mind; Arthur says that every day
1661	The Adventures of Sherlock Holmes	Arthur Conan Doyle	Who would have believed it
1342	Pride and Prejudice	Jane Austen	But as to your other objection, I am afraid it will hardly hold good
1342	Pride and Prejudice	Jane Austen	She had ventured only one glance at Darcy
345	Dracula	Bram Stoker	We want sleep, both you and I, and rest to recuperate
345	Dracula	Bram Stoker	No news, and no time to write it if there had been, for every moment is precious
1342	Pride and Prejudice	Jane Austen	His principal object must be to discover the number of the hackney coach which took them from Clapham
345	Dracula	Bram Stoker	I dreaded the words that Renfield might speak
1342	Pride and Prejudice	Jane Austen	Between the two eldest and herself especially, there subsisted a very particular regard
1661	The Adventures of Sherlock Holmes	Arthur Conan Doyle	In the larger and older jewels every facet may stand for a bloody deed
345	Dracula	Bram Stoker	Arthur was saying that he felt since then as if they two had been really married and that she was his wife in the sight of God
1661	The Adventures of Sherlock Holmes	Arthur Conan Doyle	They were evidently all deserted
1342	Pride and Prejudice	Jane Austen	CHISWICK PRESS:--CHARLES WHITTINGHAM AND CO
1342	Pride and Prejudice	Jane Austen	Darcy, with grave propriety, requested to be allowed the honour of her hand, but in vain
1342	Pride and Prejudice	Jane Austen	What do you think has happened this morning
1342	Pride and Prejudice	Jane Austen	Darcy asked why he did not marry your sister at once
1342	Pride and Prejudice	Jane Austen	Everything that is charming
345	Dracula	Bram Stoker	I had almost forgotten in my own affairs how ill she was afterwards
1342	Pride and Prejudice	Jane Austen	Elizabeth, however, did not choose to take the hint, being well aware that a serious dispute must be the consequence of any reply
345	Dracula	Bram Stoker	This caused me a great fear, and I looked around terrified
345	Dracula	Bram Stoker	Only for it we should have overtaken the boat long ago; and by now my dear Mina would have been free
345	Dracula	Bram Stoker	Then we all lit our lamps and proceeded on our search
345	Dracula	Bram Stoker	The dear sisters were so kind
345	Dracula	Bram Stoker	The Slovak boats get up all right, by aid of a rope and steering with knowledge
1661	The Adventures of Sherlock Holmes	Arthur Conan Doyle	A man dying from a sudden blow does not commonly become delirious
345	Dracula	Bram Stoker	I was surprised that the maids did not come back
345	Dracula	Bram Stoker	God keep you, dear, and God help me
1342	Pride and Prejudice	Jane Austen	The fishing scheme had been renewed the day before, and a positive engagement made of his meeting some of the gentlemen at Pemberley by noon
345	Dracula	Bram Stoker	This gave me a sort of shock, for I suppose the general superstition about midnight was increased by my recent experiences
345	Dracula	Bram Stoker	There was a look of grim satisfaction in his face, as of one who has had a doubt solved
345	Dracula	Bram Stoker	Yet he never can be sure; and that is the worst of all
1661	The Adventures of Sherlock Holmes	Arthur Conan Doyle	Very long and very severe were the equinoctial gales that year
345	Dracula	Bram Stoker	I threw on my clothes and ran down at once; my patient is too dangerous a person to be roaming about
1342	Pride and Prejudice	Jane Austen	This invaluable friend was a very young woman, and very lately married
1661	The Adventures of Sherlock Holmes	Arthur Conan Doyle	The head had been beaten in by repeated blows of some heavy and blunt weapon
345	Dracula	Bram Stoker	I could see that the bolt of the lock had not been shot, but the door is fastened from the inside
345	Dracula	Bram Stoker	I knocked gently and rang as quietly as possible, for I feared to disturb Lucy or her mother, and hoped to only bring a servant to the door
345	Dracula	Bram Stoker	My heart leaped as I saw it, for I felt that the end was coming
1342	Pride and Prejudice	Jane Austen	Affectation of candour is common enough; one meets with it everywhere
1661	The Adventures of Sherlock Holmes	Arthur Conan Doyle	I am a widower and have an only son, Arthur
1342	Pride and Prejudice	Jane Austen	She complained bitterly of all this to her husband
1661	The Adventures of Sherlock Holmes	Arthur Conan Doyle	He might avert it all if he would but tell me what he had done with the three missing stones
1342	Pride and Prejudice	Jane Austen	She is a very great favourite with some ladies of my acquaintance, Mrs
1661	The Adventures of Sherlock Holmes	Arthur Conan Doyle	Both these witnesses depose that Mr
345	Dracula	Bram Stoker	It is the copy of his journal when abroad, and all that happened
1342	Pride and Prejudice	Jane Austen	Darcy seemed much pleased with the attention
1661	The Adventures of Sherlock Holmes	Arthur Conan Doyle	On the fourth day after the new year I heard my father give a sharp cry of surprise as we sat together at the breakfast-table
1342	Pride and Prejudice	Jane Austen	Bennet invited him to dine with them; but, with many expressions of concern, he confessed himself engaged elsewhere
345	Dracula	Bram Stoker	When I saw that her high spirits had failed, I at once took advantage of her reaction to make a diagnosis
345	Dracula	Bram Stoker	I am to leave in the morning and go over to Jonathan, and to help to nurse him if necessary, and to bring him home
345	Dracula	Bram Stoker	She is almost entirely in ballast of silver sand, with only a small amount of cargo--a number of great wooden boxes filled with mould
1342	Pride and Prejudice	Jane Austen	He is now, perhaps, sorry for what he has done, and anxious to re-establish a character
345	Dracula	Bram Stoker	My expectation was not realised, for, when he found that his appeal would not be successful, he got into quite a frantic condition
345	Dracula	Bram Stoker	It was a dreary blank that was before us
345	Dracula	Bram Stoker	I go to help her; but she smile, and tell me that she have eat already--that she was so hungry that she would not wait
1661	The Adventures of Sherlock Holmes	Arthur Conan Doyle	It was a singular sight which met our eyes
1661	The Adventures of Sherlock Holmes	Arthur Conan Doyle	Hitherto his orgies had always been confined to one day, and he had come back, twitching and shattered, in the evening
1342	Pride and Prejudice	Jane Austen	When the clock struck three, Elizabeth felt that she must go, and very unwillingly said so
1342	Pride and Prejudice	Jane Austen	Then too she is a perfectly natural girl
345	Dracula	Bram Stoker	Wind abating; seas still terrific, but feel them less, as ship is steadier
1342	Pride and Prejudice	Jane Austen	I think everything has passed off uncommonly well, I assure you
1661	The Adventures of Sherlock Holmes	Arthur Conan Doyle	It is the vilest murder-trap on the whole riverside, and I fear that Neville St
345	Dracula	Bram Stoker	The women looked pretty, except when you got near them, but they were very clumsy about the waist
345	Dracula	Bram Stoker	I was indeed awake and among the Carpathians
1342	Pride and Prejudice	Jane Austen	Bingley and his sister pressed them to stay longer, she could spare them very well
345	Dracula	Bram Stoker	If you only knew the problem I have to face, and that I am working out, you would pity, and tolerate, and pardon me
1342	Pride and Prejudice	Jane Austen	She knew not what to think, or how to account for it
1342	Pride and Prejudice	Jane Austen	Her mind received knowledge which had never before fallen in her way
1342	Pride and Prejudice	Jane Austen	Had his character been known, this could not have happened
1661	The Adventures of Sherlock Holmes	Arthur Conan Doyle	You are yourself aware that you will soon have to answer for your deed at a higher court than the Assizes
1342	Pride and Prejudice	Jane Austen	Collins so before you came
345	Dracula	Bram Stoker	He often comes to see us, and he and mamma get on very well together; they have so many things to talk about in common
1342	Pride and Prejudice	Jane Austen	Five daughters successively entered the world, but yet the son was to come; and Mrs
345	Dracula	Bram Stoker	They, too, were pursuing the party with the cart
345	Dracula	Bram Stoker	But all the time that so great child-brain of his was growing, and he began to consider whether he might not himself move the box
1342	Pride and Prejudice	Jane Austen	She hated having visitors in the house while her health was so indifferent, and lovers were of all people the most disagreeable
345	Dracula	Bram Stoker	They came on tip-toe, closing the door behind them, and stood at the foot of the bed, looking on
1661	The Adventures of Sherlock Holmes	Arthur Conan Doyle	He was in dreadful earnest and made me swear, with my hands on the Testament, that whatever happened I would always be true to him
345	Dracula	Bram Stoker	It is not good that she run a risk so great
1342	Pride and Prejudice	Jane Austen	Bingley followed his advice
345	Dracula	Bram Stoker	For myself, I should take the chance only too thankfully if it were to come
345	Dracula	Bram Stoker	Now that you are willing to understand, you have taken the first step to understand
1342	Pride and Prejudice	Jane Austen	At length, however, the question was asked by her uncle; and she turned away with alarm, while Mrs
345	Dracula	Bram Stoker	It is only when a man feels himself face to face with such horrors that he can understand their true import
1342	Pride and Prejudice	Jane Austen	It was not often that she could turn her eyes on Mr
1342	Pride and Prejudice	Jane Austen	We were always encouraged to read, and had all the masters that were necessary
345	Dracula	Bram Stoker	although not all joy
1661	The Adventures of Sherlock Holmes	Arthur Conan Doyle	You will ask me why I did not dispose of it
1661	The Adventures of Sherlock Holmes	Arthur Conan Doyle	Holmes had sat up upon the couch, and I saw him motion like a man who is in need of air
345	Dracula	Bram Stoker	When this was done, and he knew that all was in train, he blotted out his traces, as he thought, by murdering his agent
1342	Pride and Prejudice	Jane Austen	By nature inoffensive, friendly, and obliging, his presentation at St
1342	Pride and Prejudice	Jane Austen	You are to understand, Miss Bennet, that I came here with the determined resolution of carrying my purpose; nor will I be dissuaded from it
1661	The Adventures of Sherlock Holmes	Arthur Conan Doyle	A name derived from the fanciful resemblance to the sound produced by cocking a rifle
1661	The Adventures of Sherlock Holmes	Arthur Conan Doyle	That, however, was out of the question
1342	Pride and Prejudice	Jane Austen	The two girls had been whispering to each other during the whole visit; and the result of it was, that the youngest should tax Mr
345	Dracula	Bram Stoker	This gave me an idea, or the rudiment of one
1342	Pride and Prejudice	Jane Austen	He dined with us the next day, and was to leave town again on Wednesday or Thursday
1342	Pride and Prejudice	Jane Austen	Gardiner declared his willingness, and Elizabeth was applied to for her approbation
1342	Pride and Prejudice	Jane Austen	Darcy approaching them, and at no great distance
1342	Pride and Prejudice	Jane Austen	Wickham were, and that he had seen and talked with them both--Wickham repeatedly, Lydia once
345	Dracula	Bram Stoker	I must be careful not to frighten her
1342	Pride and Prejudice	Jane Austen	But there is one of her sisters sitting down just behind you, who is very pretty, and I dare say very agreeable
1342	Pride and Prejudice	Jane Austen	It suddenly struck her that it might be from Lady Catherine, and she anticipated with dismay all the consequent explanations
1661	The Adventures of Sherlock Holmes	Arthur Conan Doyle	I keep it only to safeguard myself, and to preserve a weapon which will always secure me from any steps which he might take in the future
345	Dracula	Bram Stoker	This was a Dracula indeed
345	Dracula	Bram Stoker	I felt a little strangely, and not a little frightened
1661	The Adventures of Sherlock Holmes	Arthur Conan Doyle	He wished us to leave him alone
345	Dracula	Bram Stoker	This was corroborated by his landlord, who had received by messenger the key of the house together with the rent due, in English money
345	Dracula	Bram Stoker	I asked him a few questions on Transylvania history, and he warmed up to the subject wonderfully
1342	Pride and Prejudice	Jane Austen	I _will_ read you the passage which particularly hurts me
1342	Pride and Prejudice	Jane Austen	The moral will be perfectly fair
1342	Pride and Prejudice	Jane Austen	Yes, I really believe Darcy _does_ take care of him in those points where he most wants care
345	Dracula	Bram Stoker	I must only be patient
1342	Pride and Prejudice	Jane Austen	and then I would _chaperon_ you about to all the balls
1661	The Adventures of Sherlock Holmes	Arthur Conan Doyle	Such are the true facts of the death of Dr
345	Dracula	Bram Stoker	He has evidently some deep problem in his mind, for he keeps a little note-book in which he is always jotting down something
345	Dracula	Bram Stoker	Ah yes, I know, friend John; I am not blind
345	Dracula	Bram Stoker	I have an idea that Van Helsing thinks he knows, too, but he will only let out enough at a time to whet curiosity
345	Dracula	Bram Stoker	She complained a little of being tired, and I let her rest till later in the day
1661	The Adventures of Sherlock Holmes	Arthur Conan Doyle	And the flap has been gummed, if I am not very much in error, by a person who had been chewing tobacco
1342	Pride and Prejudice	Jane Austen	What congratulations will then flow in
1342	Pride and Prejudice	Jane Austen	They were forced to conclude, that he had no pleasing intelligence to send; but even of _that_ they would have been glad to be certain
1342	Pride and Prejudice	Jane Austen	Is this to be endured
345	Dracula	Bram Stoker	The combination is a dreadful one
1342	Pride and Prejudice	Jane Austen	But I make no doubt they often talk of it between themselves
1661	The Adventures of Sherlock Holmes	Arthur Conan Doyle	He was a middle-sized man, coarsely clad as became his calling, with a coloured shirt protruding through the rent in his tattered coat
1342	Pride and Prejudice	Jane Austen	Miss Bennet, I insist on being satisfied
345	Dracula	Bram Stoker	The others kept shaking me by both hands, and Dr
345	Dracula	Bram Stoker	He surely would have written
345	Dracula	Bram Stoker	in the name of the good God
1342	Pride and Prejudice	Jane Austen	But, however, he did not
1661	The Adventures of Sherlock Holmes	Arthur Conan Doyle	It was worth an effort to preserve it
1661	The Adventures of Sherlock Holmes	Arthur Conan Doyle	I hardly looked at his face
345	Dracula	Bram Stoker	I admit that at the first I was sceptic
1661	The Adventures of Sherlock Holmes	Arthur Conan Doyle	I promised her on my word that I would send him home in a cab within two hours if he were indeed at the address which she had given me
345	Dracula	Bram Stoker	I began to fear that the fatal spell of the place was upon her, tainted as she is with that Vampire baptism
345	Dracula	Bram Stoker	If any need I shall write, so that, if you do not hear from me, take it for granted that I am simply waiting for news
1342	Pride and Prejudice	Jane Austen	She answered him with cold civility
1661	The Adventures of Sherlock Holmes	Arthur Conan Doyle	The lens discloses a large number of hair-ends, clean cut by the scissors of the barber
345	Dracula	Bram Stoker	It is old, and has many memories, and there are bad dreams for those who sleep unwisely
345	Dracula	Bram Stoker	Let me say at once how I stand--or seem to
1342	Pride and Prejudice	Jane Austen	She is on her road somewhere, I dare say; and so, passing through Meryton, thought she might as well call on you
345	Dracula	Bram Stoker	I was satisfied with his present condition, and directed him to be relieved
1342	Pride and Prejudice	Jane Austen	Their names are, in chronological order, Elizabeth Bennet, Diana Vernon, Argemone Lavington, Beatrix Esmond, and Barbara Grant
1342	Pride and Prejudice	Jane Austen	Bingley did not do justice to his own disposition
1342	Pride and Prejudice	Jane Austen	Bennet could hardly comprehend it
1342	Pride and Prejudice	Jane Austen	He had before believed her to return his affection with sincere, if not with equal, regard
1342	Pride and Prejudice	Jane Austen	She got up and ran out of the room; and returned no more, till she heard them passing through the hall to the dining-parlour
1661	The Adventures of Sherlock Holmes	Arthur Conan Doyle	It was the same next week, and the same the week after
345	Dracula	Bram Stoker	I think we were all staggered
1661	The Adventures of Sherlock Holmes	Arthur Conan Doyle	Had this lady who appeals to us for help gone to live in Winchester, I should never have had a fear for her
1661	The Adventures of Sherlock Holmes	Arthur Conan Doyle	There is, of course, the other woman, the drink, the push, the blow, the bruise, the sympathetic sister or landlady
345	Dracula	Bram Stoker	All those outbreaks were in some way linked with the proximity of the Count
345	Dracula	Bram Stoker	Stop; there may be a clue after all, if we can find why to-day his paroxysms came on at high noon and at sunset
345	Dracula	Bram Stoker	This land is very different from yours or mine; even if we did have a special, it would probably not arrive as soon as our regular train
345	Dracula	Bram Stoker	Do you know the altogether of comparative anatomy and can say wherefore the qualities of brutes are in some men, and not in others
1342	Pride and Prejudice	Jane Austen	Darcy by character perfectly well
345	Dracula	Bram Stoker	There is a funeral at noon, so here we shall all come before long after that
1342	Pride and Prejudice	Jane Austen	About ten or a dozen years ago, before her marriage, she had spent a considerable time in that very part of Derbyshire to which he belonged
345	Dracula	Bram Stoker	If the Count is there, Van Helsing and Seward will cut off his head at once and drive a stake through his heart
1342	Pride and Prejudice	Jane Austen	What I have to say relates to poor Lydia
1661	The Adventures of Sherlock Holmes	Arthur Conan Doyle	It was with his barmaid wife that he had spent the last three days in Bristol, and his father did not know where he was
1342	Pride and Prejudice	Jane Austen	Darcy, the superior in consequence, to begin the acquaintance
345	Dracula	Bram Stoker	For it will be hope when you think it over: that all is not lost
345	Dracula	Bram Stoker	Then we cut off the head and filled the mouth with garlic
345	Dracula	Bram Stoker	Come to the drawing-room, where there is a big fire, and there are two sofas
345	Dracula	Bram Stoker	Before falling asleep she asked--even implored--me not to say a word to any one, even her mother, about her sleep-walking adventure
345	Dracula	Bram Stoker	When we did, however, a murmur of startled surprise ran from one to the other of us
345	Dracula	Bram Stoker	My heart sank when I saw what had happened
345	Dracula	Bram Stoker	I assured him that Lucy was still asleep, but told him as gently as I could that both Van Helsing and I feared that the end was near
1342	Pride and Prejudice	Jane Austen	The necessity must be obeyed, and further apology would be absurd
1661	The Adventures of Sherlock Holmes	Arthur Conan Doyle	I will keep your confession, and if McCarthy is condemned I shall be forced to use it
345	Dracula	Bram Stoker	We have only to make sure that the ship cannot come into port between sunset and sunrise without our being warned, and we shall be safe
345	Dracula	Bram Stoker	I will tell you of my little plans when we meet
1661	The Adventures of Sherlock Holmes	Arthur Conan Doyle	I can only say, madam, that I shall be happy to devote the same care to your case as I did to that of your friend
1661	The Adventures of Sherlock Holmes	Arthur Conan Doyle	Why should she hand it over to anyone else
345	Dracula	Bram Stoker	Westenra had disease of the heart, and we can certify that she died of it
345	Dracula	Bram Stoker	The minutes seemed to pass with leaden feet as we waited for the coming of the others
345	Dracula	Bram Stoker	I came off, too, to report the only exclusive information that is given to-day regarding the strange escapade at the Zoo
1342	Pride and Prejudice	Jane Austen	He called it, therefore, his duty to step forward, and endeavour to remedy an evil which had been brought on by himself
345	Dracula	Bram Stoker	We had now to decide what we were to do with the child, and so consulted about it
1342	Pride and Prejudice	Jane Austen	The possibility of Mr
1661	The Adventures of Sherlock Holmes	Arthur Conan Doyle	Now, you must have some wine and water, and sit here comfortably and tell us all about it
345	Dracula	Bram Stoker	But we live and learn, and in our present task we must take no chance, as my friend Quincey would say
345	Dracula	Bram Stoker	She is calling to me
1342	Pride and Prejudice	Jane Austen	Bennet in every endeavour for recovering Lydia
1661	The Adventures of Sherlock Holmes	Arthur Conan Doyle	It would of course instantly strike him that he must get rid of the tell-tale garments
1342	Pride and Prejudice	Jane Austen	I ought not to have said a word about it
345	Dracula	Bram Stoker	When I had told him the facts and got his signature to the necessary papers, and had written a letter with them ready to post to Mr
345	Dracula	Bram Stoker	He and I sometimes write letters in shorthand, and he is keeping a stenographic journal of his travels abroad
1342	Pride and Prejudice	Jane Austen	She cared for none of her friends; she wanted no help of his; she would not hear of leaving Wickham
345	Dracula	Bram Stoker	There was no cry from the woman, and the howling of the wolves was but short
1342	Pride and Prejudice	Jane Austen	I hate to see you standing about by yourself in this stupid manner
1661	The Adventures of Sherlock Holmes	Arthur Conan Doyle	It would break their hearts
345	Dracula	Bram Stoker	The horses had ceased to moan, and lay still on the ground; the snow fell on them softly, and they grew whiter
1342	Pride and Prejudice	Jane Austen	But when you have had time to think it all over, I hope you will be satisfied with what I have done
1342	Pride and Prejudice	Jane Austen	And you saw the old housekeeper, I suppose
1342	Pride and Prejudice	Jane Austen	Jane instantly gave a look at Elizabeth which spoke her distress at such premeditation, and her entreaty that _she_ would not give in to it
1342	Pride and Prejudice	Jane Austen	But to be guarded at such a time is very difficult
345	Dracula	Bram Stoker	Either there was a roaring in my ears or I heard afar off the howl of wolves
345	Dracula	Bram Stoker	He knows that I know too much, and that I must not live, lest I be dangerous to him; my only chance is to prolong my opportunities
1342	Pride and Prejudice	Jane Austen	And pray what sort of a guardian do you make
1661	The Adventures of Sherlock Holmes	Arthur Conan Doyle	The letter which I hold in my hand is from Lord St
345	Dracula	Bram Stoker	I shall not remain alone with them; I shall try to scale the castle wall farther than I have yet attempted
345	Dracula	Bram Stoker	And yet, if it be true, what terrible things there are in the world, and what an awful thing if that man, that monster, be really in London
345	Dracula	Bram Stoker	She sleeps, and sleeps, and sleeps
1661	The Adventures of Sherlock Holmes	Arthur Conan Doyle	I have caught you, have I
1661	The Adventures of Sherlock Holmes	Arthur Conan Doyle	Here are your lodgings
1342	Pride and Prejudice	Jane Austen	No principle of either would be violated by my marriage with Mr
345	Dracula	Bram Stoker	I am tired to-night, and want sleep
1342	Pride and Prejudice	Jane Austen	Well, but now for my news: it is about dear Wickham; too good for the waiter, is not it
1661	The Adventures of Sherlock Holmes	Arthur Conan Doyle	I slipped out, put on my things, and followed him
345	Dracula	Bram Stoker	However, thank God, these occasions grow less frequent as the days go on, and they will in time pass away altogether, I trust
1661	The Adventures of Sherlock Holmes	Arthur Conan Doyle	The first consideration is to remove the pressing danger which threatens you
1342	Pride and Prejudice	Jane Austen	My dear Hill, have you heard the good news
345	Dracula	Bram Stoker	No harm has come to us such as I feared might be and yet we have ascertained how many boxes are missing
1342	Pride and Prejudice	Jane Austen	There can be no love in all this
11	Alice's Adventures in Wonderland	Lewis Carroll	Down the Rabbit-Hole CHAPTER II
345	Dracula	Bram Stoker	God guide and help them
345	Dracula	Bram Stoker	Even my old man succumbed and did not contradict her, but gave me double share instead
345	Dracula	Bram Stoker	It is nineteenth century up-to-date with a vengeance
345	Dracula	Bram Stoker	Into two of these I went, but saw nothing except fragments of old coffins and piles of dust; in the third, however, I made a discovery
345	Dracula	Bram Stoker	It would at once frighten him and enjealous him, too
345	Dracula	Bram Stoker	These do not at the first appear much, when the matter is one of life and death--nay of more than either life or death
1342	Pride and Prejudice	Jane Austen	for she only came, I suppose, to tell us the Collinses were well
345	Dracula	Bram Stoker	He looked very sad, but did not reproach me
345	Dracula	Bram Stoker	Since my rebuff of yesterday I have a sort of empty feeling; nothing in the world seems of sufficient importance to be worth the doing
1342	Pride and Prejudice	Jane Austen	Bennet, Miss Austen, and Mr
1661	The Adventures of Sherlock Holmes	Arthur Conan Doyle	With a shriek of joy our client clutched it up
345	Dracula	Bram Stoker	The captain swore polyglot--very polyglot--polyglot with bloom and blood; but he could do nothing
1342	Pride and Prejudice	Jane Austen	His doing so drew her notice
1661	The Adventures of Sherlock Holmes	Arthur Conan Doyle	On receiving this the victim might either openly abjure his former ways, or might fly from the country
345	Dracula	Bram Stoker	Van Helsing and tell him of an accident
345	Dracula	Bram Stoker	Harker grew ghastly white, so that the scar on her forehead seemed to burn, but she folded her hands meekly and looked up in prayer
345	Dracula	Bram Stoker	He seemed dazed for a few seconds, and then full consciousness seemed to burst upon him all at once, and he started up
1342	Pride and Prejudice	Jane Austen	Supposing him to be attached to me, would _my_ refusing to accept his hand make him wish to bestow it on his cousin
1661	The Adventures of Sherlock Holmes	Arthur Conan Doyle	We do not solicit donations in locations where we have not received written confirmation of compliance
345	Dracula	Bram Stoker	We must be ready for Dr
345	Dracula	Bram Stoker	We had to come away as ignorant as we went in
345	Dracula	Bram Stoker	I am told that, with a little practice, one can remember all that goes on or that one hears said during a day
345	Dracula	Bram Stoker	At any time, even now, a sudden shock would be almost sure to kill her
1342	Pride and Prejudice	Jane Austen	Well, how pleased I am
1661	The Adventures of Sherlock Holmes	Arthur Conan Doyle	When he breathed his vows to her, as he had done to a hundred before her, she flattered herself that she alone had touched his heart
345	Dracula	Bram Stoker	We doctors, who have had to study our dangers, have to become accustomed to such things, and I drew back towards the door
1661	The Adventures of Sherlock Holmes	Arthur Conan Doyle	Then I asked him who Mr
345	Dracula	Bram Stoker	Let any obstructing cause, no matter what, be removed in any way--even by death--and we fly back to first principles of hope and enjoyment
1661	The Adventures of Sherlock Holmes	Arthur Conan Doyle	There was no furniture save a little pallet bed, a small table, and a basketful of linen
345	Dracula	Bram Stoker	I must be careful not to let it grow into a habit
1661	The Adventures of Sherlock Holmes	Arthur Conan Doyle	And his asking to be allowed to go out for five minutes
11	Alice's Adventures in Wonderland	Lewis Carroll	Alice went timidly up to the door, and knocked
1342	Pride and Prejudice	Jane Austen	The gentlemen arrived early; and, before Mrs
1342	Pride and Prejudice	Jane Austen	I suppose you have heard of it; indeed, you must have seen it in the papers
345	Dracula	Bram Stoker	He is so quaint that I am determined to understand him as well as I can
345	Dracula	Bram Stoker	That is why I must go
345	Dracula	Bram Stoker	The Count wanted isolation
345	Dracula	Bram Stoker	Those that do remain, however, are well fed, for he still brings in the flies by tempting them with his food
345	Dracula	Bram Stoker	You must send to me the telegram every day; and if there be cause I shall come again
345	Dracula	Bram Stoker	We have arranged with certain officials that the instant the _Czarina Catherine_ is seen, we are to be informed by a special messenger
1661	The Adventures of Sherlock Holmes	Arthur Conan Doyle	Perhaps it was thoughtless of me to say so
345	Dracula	Bram Stoker	Jonathan and the two doctors went to the shipping agent to learn particulars of the arrival of the _Czarina Catherine_
1661	The Adventures of Sherlock Holmes	Arthur Conan Doyle	He was such a comfortable-looking man that it was quite a pleasure to look at him
1661	The Adventures of Sherlock Holmes	Arthur Conan Doyle	This American had started from London when he was young, and he wanted to do the old town a good turn
1661	The Adventures of Sherlock Holmes	Arthur Conan Doyle	In two hours we must be on the scene of action
345	Dracula	Bram Stoker	This may be so, for when the Magyars conquered the country in the eleventh century they found the Huns settled in it
1342	Pride and Prejudice	Jane Austen	Your sister I also watched
345	Dracula	Bram Stoker	He is, I fear, much concerned, but says he must think
345	Dracula	Bram Stoker	I had long ago recognised the necessity, and begun to take off my coat, but he stopped me with a warning hand
345	Dracula	Bram Stoker	I told her how anxious I was about Jonathan, and then she tried to comfort me
1342	Pride and Prejudice	Jane Austen	I now give it to _you_, if you are resolved on having him
345	Dracula	Bram Stoker	There have been volcanoes, some of whose openings still send out waters of strange properties, and gases that kill or make to vivify
345	Dracula	Bram Stoker	You have kept diary of all these so strange things; is it not so
345	Dracula	Bram Stoker	It was the better part of an hour when the Count returned
345	Dracula	Bram Stoker	Van Helsing says that by morning we shall reach the Borgo Pass
345	Dracula	Bram Stoker	Indeed they thought not of him; for soon the fog begin to melt away, and all was clear again
1342	Pride and Prejudice	Jane Austen	Elizabeth Bennet had been obliged, by the scarcity of gentlemen, to sit down for two dances; and during part of that time, Mr
345	Dracula	Bram Stoker	They have, for the first stages, two men to ride and lead their spare horses--four in all, so as not to excite curiosity
345	Dracula	Bram Stoker	Where his body has gone why may not another body go
1342	Pride and Prejudice	Jane Austen	His debts to be discharged, and something still to remain
1342	Pride and Prejudice	Jane Austen	[Illustration: The arrival of the Gardiners ] CHAPTER XLII
11	Alice's Adventures in Wonderland	Lewis Carroll	She pitied him deeply
1342	Pride and Prejudice	Jane Austen	Her home and her housekeeping, her parish and her poultry, and all their dependent concerns, had not yet lost their charms
1661	The Adventures of Sherlock Holmes	Arthur Conan Doyle	Julia went there at Christmas two years ago, and met there a half-pay major of marines, to whom she became engaged
1661	The Adventures of Sherlock Holmes	Arthur Conan Doyle	The same porter was on duty, I found, as had been there when I arrived
345	Dracula	Bram Stoker	He is clever and cunning and resourceful; but he be not of man-stature as to brain
1342	Pride and Prejudice	Jane Austen	What a delightful library you have at Pemberley, Mr
1342	Pride and Prejudice	Jane Austen	Unfeeling, selfish girl
1661	The Adventures of Sherlock Holmes	Arthur Conan Doyle	There is the first volume of it in that press
1342	Pride and Prejudice	Jane Austen	As yet she cannot even be certain of the degree of her own regard, nor of its reasonableness
345	Dracula	Bram Stoker	And there remain one more victim in the Vampire fold; one more to swell the grim and grisly ranks of the Un-Dead
1661	The Adventures of Sherlock Holmes	Arthur Conan Doyle	The one unpleasant thing about the house, which struck me at once, was the appearance and conduct of the servants
1661	The Adventures of Sherlock Holmes	Arthur Conan Doyle	It has been considered artistic
345	Dracula	Bram Stoker	He was amazed, and a great concern seemed to come on him
1342	Pride and Prejudice	Jane Austen	Our instrument is a capital one, probably superior to ---- you shall try it some day
345	Dracula	Bram Stoker	Yes, there is a way, if one dares to take it
345	Dracula	Bram Stoker	I shall tell her all when she is well; she shall love you none the less for what you have done
345	Dracula	Bram Stoker	In the evening we strolled in the Casino Terrace, and heard some good music by Spohr and Mackenzie, and went to bed early
1342	Pride and Prejudice	Jane Austen	She has two nieces of her own
345	Dracula	Bram Stoker	Somehow, I do not dread being alone to-night, and I can go to sleep without fear
1661	The Adventures of Sherlock Holmes	Arthur Conan Doyle	Mother said he was quite right to make me swear, and that it was a sign of his passion
1661	The Adventures of Sherlock Holmes	Arthur Conan Doyle	I found that I had my man, so I came home and changed my clothes
1661	The Adventures of Sherlock Holmes	Arthur Conan Doyle	A door which faced that which led into the quarters of the Tollers opened into this suite, but it was invariably locked
1661	The Adventures of Sherlock Holmes	Arthur Conan Doyle	His footmarks had pressed right through the snow, so long had he stood there
345	Dracula	Bram Stoker	Lucy is full of quiet joy, and her mother is glad and sorry at once
345	Dracula	Bram Stoker	It opens the gate to me
1342	Pride and Prejudice	Jane Austen	Yet it did, and even the third
345	Dracula	Bram Stoker	I fear that to-morrow will end our watching, for the shock has been too great; the poor child cannot rally
345	Dracula	Bram Stoker	The Professor noticed it, too, and motioned me to bring him upstairs
1342	Pride and Prejudice	Jane Austen	What will you think of my vanity
1342	Pride and Prejudice	Jane Austen	Young women should always be properly guarded and attended, according to their situation in life
1342	Pride and Prejudice	Jane Austen	We have judged it best that my niece should be married from this house, of which I hope you will approve
345	Dracula	Bram Stoker	Your word is all I want
345	Dracula	Bram Stoker	Only self and mate and two hands left to work ship
345	Dracula	Bram Stoker	Let me hear from you _at once_, and tell me all that you think about it
1342	Pride and Prejudice	Jane Austen	But you have chosen your fault well
1661	The Adventures of Sherlock Holmes	Arthur Conan Doyle	I took up the envelope and saw scrawled in red ink upon the inner flap, just above the gum, the letter K three times repeated
1661	The Adventures of Sherlock Holmes	Arthur Conan Doyle	But this time I was set on going, and I would go; for what right had he to prevent
345	Dracula	Bram Stoker	The funeral was arranged for the next succeeding day, so that Lucy and her mother might be buried together
345	Dracula	Bram Stoker	Weather fine, all sails set
1661	The Adventures of Sherlock Holmes	Arthur Conan Doyle	Then, again, I have heard it is no use your applying if your hair is light red, or dark red, or anything but real bright, blazing, fiery red
1342	Pride and Prejudice	Jane Austen	Bennet had the pleasure of receiving her brother and his wife, who came, as usual, to spend the Christmas at Longbourn
1342	Pride and Prejudice	Jane Austen	He heard her with astonishment
345	Dracula	Bram Stoker	The gladness of our hearts must have shown upon our faces when on the step, close to the door, we saw Lord Godalming and Quincey Morris
345	Dracula	Bram Stoker	Amongst other things, she clutched the wreath of flowers that Dr
1342	Pride and Prejudice	Jane Austen	Wickham will never marry a woman without some money
345	Dracula	Bram Stoker	I could hear my own heart beat
1342	Pride and Prejudice	Jane Austen	Charlotte herself was tolerably composed
1661	The Adventures of Sherlock Holmes	Arthur Conan Doyle	Duncan Ross, and I am myself one of the pensioners upon the fund left by our noble benefactor
345	Dracula	Bram Stoker	I fear it was no dream, and must act on this surmise
345	Dracula	Bram Stoker	He was looking at her so hard that he did not see either of us, and so I had a good view of him
345	Dracula	Bram Stoker	Under the circumstances, Van Helsing and I took it upon ourselves to examine papers, etc
1661	The Adventures of Sherlock Holmes	Arthur Conan Doyle	It is a pure matter of form
345	Dracula	Bram Stoker	Why, there is hardly a foot of soil in all this region that has not been enriched by the blood of men, patriots or invaders
345	Dracula	Bram Stoker	You think you have left me without a place to rest; but I have more
345	Dracula	Bram Stoker	He says it would have been a sin to, for I slept peacefully and was forgetting my trouble
1342	Pride and Prejudice	Jane Austen	Two obstacles of the five being thus removed, Mrs
345	Dracula	Bram Stoker	If we are wrecked, mayhap this bottle may be found, and those who find it may understand; if not,
11	Alice's Adventures in Wonderland	Lewis Carroll	I do wonder what _can_ have happened to me
1661	The Adventures of Sherlock Holmes	Arthur Conan Doyle	And where was the place
345	Dracula	Bram Stoker	We have all got arms, even for me a large-bore revolver; Jonathan would not be happy unless I was armed like the rest
345	Dracula	Bram Stoker	She could not remember anything, but asked what she had said; when she was told, she pondered over it deeply for a long time and in silence
1342	Pride and Prejudice	Jane Austen	Colonel Forster came yesterday, having left Brighton the day before, not many hours after the express
1661	The Adventures of Sherlock Holmes	Arthur Conan Doyle	He is a professional beggar, though in order to avoid the police regulations he pretends to a small trade in wax vestas
345	Dracula	Bram Stoker	He has got younger, and how
345	Dracula	Bram Stoker	I have taken it, and am waiting for sleep, which still keeps aloof
1342	Pride and Prejudice	Jane Austen	The dinner, too, in its turn, was highly admired; and he begged to know to which of his fair cousins the excellence of its cookery was owing
1661	The Adventures of Sherlock Holmes	Arthur Conan Doyle	I have felt like one of those poor rabbits when the snake is writhing towards it
1342	Pride and Prejudice	Jane Austen	I shall see her in January
345	Dracula	Bram Stoker	But you must not falter when once you have begun
345	Dracula	Bram Stoker	Poor dear, sweet lady
1661	The Adventures of Sherlock Holmes	Arthur Conan Doyle	Though clear of mind and fairly strong of limb, I knew that my own fate was sealed
345	Dracula	Bram Stoker	To-night I shall strive hard to sleep naturally
1342	Pride and Prejudice	Jane Austen	Five daughters brought up at home without a governess
1661	The Adventures of Sherlock Holmes	Arthur Conan Doyle	These flat brims curled at the edge came in then
1661	The Adventures of Sherlock Holmes	Arthur Conan Doyle	Then there is another note in the _Morning Post_ to say that the marriage would be an absolutely quiet one, that it would be at St
345	Dracula	Bram Stoker	Van Helsing is going away, as he has to be for a day in Amsterdam
345	Dracula	Bram Stoker	Quincey Morris, laconically as usual
1342	Pride and Prejudice	Jane Austen	I am perfectly satisfied, from what his manners now are, that he never had any design of engaging my affection
1342	Pride and Prejudice	Jane Austen	Darcy would no more suffer him to call on Jane in such a part of London
1342	Pride and Prejudice	Jane Austen	His countenance, voice, and manner, had established him at once in the possession of every virtue
345	Dracula	Bram Stoker	Mina is sleeping now, calmly and sweetly like a little child
345	Dracula	Bram Stoker	Then the thin man go and some one tell him where horse and cart can be hired
1342	Pride and Prejudice	Jane Austen	The moment of her release from him was ecstasy
1342	Pride and Prejudice	Jane Austen	and to see dear Wickham too
345	Dracula	Bram Stoker	He can see in the dark--no small power this, in a world which is one half shut from the light
1342	Pride and Prejudice	Jane Austen	I know that you could be neither happy nor respectable, unless you truly esteemed your husband, unless you looked up to him as a superior
1342	Pride and Prejudice	Jane Austen	On reaching the house, they were shown through the hall into the saloon, whose northern aspect rendered it delightful for summer
345	Dracula	Bram Stoker	You are sick and weak, and have had much sorrow and much mental pain, as well as that tax on your strength that we know of
345	Dracula	Bram Stoker	You, no, Madam Mina; for crime touch you not--not but once
1661	The Adventures of Sherlock Holmes	Arthur Conan Doyle	Her young womanhood had, I knew, been spent in rough scenes and under strange conditions
1342	Pride and Prejudice	Jane Austen	who could have done less for her
345	Dracula	Bram Stoker	I dare not go out, for I can hear the low howl of the wolf through the broken window
345	Dracula	Bram Stoker	I know that from my glass
345	Dracula	Bram Stoker	Then Lucy took me upstairs, and showed me a room next her own, where a cozy fire was burning
345	Dracula	Bram Stoker	Godalming and Morris hurried off in a cab, we following in another
345	Dracula	Bram Stoker	Found him up and humming a tune
345	Dracula	Bram Stoker	Father still in same condition
1661	The Adventures of Sherlock Holmes	Arthur Conan Doyle	His silence appears to me to cut both ways
345	Dracula	Bram Stoker	So as we all took hands our solemn compact was made
1342	Pride and Prejudice	Jane Austen	Those that best pleased her, as placing his conduct in the noblest light, seemed most improbable
1661	The Adventures of Sherlock Holmes	Arthur Conan Doyle	Now, I knew that it was not you who had brought it down, so there only remained your niece and the maids
1661	The Adventures of Sherlock Holmes	Arthur Conan Doyle	Rucastle came out to me, looking as merry and jovial as ever
1342	Pride and Prejudice	Jane Austen	Each felt for the other, and of course for themselves; and their mother talked on of her dislike of Mr
345	Dracula	Bram Stoker	It was better to die like a man; to die like a sailor in blue water no man can object
1661	The Adventures of Sherlock Holmes	Arthur Conan Doyle	As he reached the corner of Goodge Street, a row broke out between this stranger and a little knot of roughs
345	Dracula	Bram Stoker	But when I drew near, she clung to me, and I could know that the poor soul shook her from head to feet with a tremor that was pain to feel
1342	Pride and Prejudice	Jane Austen	It is, I believe, too little yielding; certainly too little for the convenience of the world
345	Dracula	Bram Stoker	That he went south has a meaning for us
1342	Pride and Prejudice	Jane Austen	Wickham, and of seeing a confirmation of everything in Mr
345	Dracula	Bram Stoker	I felt impotent, and in the dark, and distrustful
345	Dracula	Bram Stoker	She was quite alone, and there was not a sign of any living thing about
1342	Pride and Prejudice	Jane Austen	His character was to speak for itself
1661	The Adventures of Sherlock Holmes	Arthur Conan Doyle	Thrust away behind a curtain in the front room were all the clothes of Mr
345	Dracula	Bram Stoker	Some have seen sorrow; but there are fair days yet in store
345	Dracula	Bram Stoker	God alone knows who, or where, or what, or when, or how it may be
1342	Pride and Prejudice	Jane Austen	Her answer was warmly in his favour
1661	The Adventures of Sherlock Holmes	Arthur Conan Doyle	I implored the colonel to let me out, but the remorseless clanking of the levers drowned my cries
1661	The Adventures of Sherlock Holmes	Arthur Conan Doyle	Suddenly my eyes caught the glint of a light
1661	The Adventures of Sherlock Holmes	Arthur Conan Doyle	She is the daintiest thing under a bonnet on this planet
345	Dracula	Bram Stoker	He think to escape, but no
1342	Pride and Prejudice	Jane Austen	Do not distress me by the idea
1342	Pride and Prejudice	Jane Austen	Lydia came to us, and Wickham had constant admission to the house
1342	Pride and Prejudice	Jane Austen	Darcy came so often to the Parsonage it was more difficult to understand
1661	The Adventures of Sherlock Holmes	Arthur Conan Doyle	The King may do what he will without hindrance from one whom he has cruelly wronged
345	Dracula	Bram Stoker	There, you know now why I love him so
345	Dracula	Bram Stoker	This took him some time; for he would then have to be carried over the river in some way
1661	The Adventures of Sherlock Holmes	Arthur Conan Doyle	And now let us consider another point
1661	The Adventures of Sherlock Holmes	Arthur Conan Doyle	A heavily timbered park stretched up in a gentle slope, thickening into a grove at the highest point
345	Dracula	Bram Stoker	He seemed not to notice, but remarked that the smuts in London were not quite so bad as they used to be when he was a student here
1661	The Adventures of Sherlock Holmes	Arthur Conan Doyle	Even his voice was gentle
1661	The Adventures of Sherlock Holmes	Arthur Conan Doyle	A mad, unreasoning terror rose up in me at the sight, Mr
1661	The Adventures of Sherlock Holmes	Arthur Conan Doyle	What was this nocturnal expedition, and why should I go armed
1342	Pride and Prejudice	Jane Austen	It is something to think of, and gives her a sort of distinction among her companions
1342	Pride and Prejudice	Jane Austen	Bennet missed his second daughter exceedingly; his affection for her drew him oftener from home than anything else could do
1342	Pride and Prejudice	Jane Austen	Elizabeth, after slightly surveying it, went to a window to enjoy its prospect
1661	The Adventures of Sherlock Holmes	Arthur Conan Doyle	I soon found Briony Lodge
1342	Pride and Prejudice	Jane Austen	Many stared--many smiled; but no one looked more amused than Mr
345	Dracula	Bram Stoker	I wonder if there is any truth in it at all
1342	Pride and Prejudice	Jane Austen	We dine at Rosings twice every week, and are never allowed to walk home
1342	Pride and Prejudice	Jane Austen	Ten thousand a year, and very likely more
345	Dracula	Bram Stoker	If he chooses to lie hidden, he may baffle us for years; and in the meantime!--the thought is too horrible, I dare not think of it even now
345	Dracula	Bram Stoker	If there be no way open to get in, we must make one
1342	Pride and Prejudice	Jane Austen	The envelope itself was likewise full
345	Dracula	Bram Stoker	Her mother rejoiced when she saw her, and we all spent a very happy evening together
1342	Pride and Prejudice	Jane Austen	The picturesque would be spoilt by admitting a fourth
1342	Pride and Prejudice	Jane Austen	Darcy they had only seen at church
345	Dracula	Bram Stoker	The stones are big and roughly cut, and the mortar has by process of time been washed away between them
1661	The Adventures of Sherlock Holmes	Arthur Conan Doyle	And yet she had some secret sorrow, this woman
345	Dracula	Bram Stoker	His is a curious case indeed; we must watch him to-night
345	Dracula	Bram Stoker	I was conscious of the presence of the Count, and of his being as if lapped in a storm of fury
1342	Pride and Prejudice	Jane Austen	I was given good principles, but left to follow them in pride and conceit
345	Dracula	Bram Stoker	None the less, however, was it a surprise
1661	The Adventures of Sherlock Holmes	Arthur Conan Doyle	And yet you have seen
1342	Pride and Prejudice	Jane Austen	But self, though it would intrude, could not engross her
345	Dracula	Bram Stoker	Oh, I do hope he is not ill
1661	The Adventures of Sherlock Holmes	Arthur Conan Doyle	Upon the second day of his absence I received a telegram from the major, imploring me to come at once
345	Dracula	Bram Stoker	I am afraid to think what may happen
345	Dracula	Bram Stoker	I went back to the room, and found Van Helsing looking at poor Lucy, and his face was sterner than ever
1342	Pride and Prejudice	Jane Austen	If you do not choose to understand me, forgive my impertinence
1342	Pride and Prejudice	Jane Austen	He came, and in such very good time, that the ladies were none of them dressed
11	Alice's Adventures in Wonderland	Lewis Carroll	Turn that Dormouse out of court
1342	Pride and Prejudice	Jane Austen	Here, consequently, was an inexhaustible subject of discourse
1661	The Adventures of Sherlock Holmes	Arthur Conan Doyle	Neither you nor your son knew the true character of this man when you admitted him into your family circle
345	Dracula	Bram Stoker	Lucy chatted with me freely, and seemed quite unconscious that anything had happened
345	Dracula	Bram Stoker	And then, Mina, I felt a sort of duty to tell him that there was some one
345	Dracula	Bram Stoker	It astonished me how long the drug took to act
345	Dracula	Bram Stoker	This somehow moved me much
345	Dracula	Bram Stoker	When he went out of the room I could hear the key turn softly
1342	Pride and Prejudice	Jane Austen	She had been watching him the last hour, she said, as he walked up and down the street,--and had Mr
1342	Pride and Prejudice	Jane Austen	At present we have nothing to guide us
345	Dracula	Bram Stoker	It was, I am sorry to say, however, only another instance of his cunning, for within half an hour I heard of him again
345	Dracula	Bram Stoker	There was also another reason: Renfield might not speak so freely before a third person as when he and I were alone
345	Dracula	Bram Stoker	But he sat as on the previous night, and chatted whilst I ate
345	Dracula	Bram Stoker	In the latter case we should have been in a bad plight
345	Dracula	Bram Stoker	She had lost something of the ghastly look that so upset you, and her breathing was normal
1342	Pride and Prejudice	Jane Austen	My aunt Philips came to Longbourn on Tuesday, after my father went away; and was so good as to stay till Thursday with me
345	Dracula	Bram Stoker	I have clues which we can follow; but it is a long task, and a difficult, and there is danger in it, and pain
1342	Pride and Prejudice	Jane Austen	The country is a vast deal pleasanter, is not it, Mr
1342	Pride and Prejudice	Jane Austen	We all love to instruct, though we can teach only what is not worth knowing
1342	Pride and Prejudice	Jane Austen	The families who had been in town for the winter came back again, and summer finery and summer engagements arose
1342	Pride and Prejudice	Jane Austen	She inquired after his sister, but could do no more
345	Dracula	Bram Stoker	He is a seemingly arbitrary man, but this is because he knows what he is talking about better than any one else
345	Dracula	Bram Stoker	Of course it may not be either the Sereth or the Pruth, but we may possibly investigate further
345	Dracula	Bram Stoker	At the corner of Arlington Street our contingent got out and strolled into the Green Park
1342	Pride and Prejudice	Jane Austen	She felt that she had no business at Pemberley, and was obliged to assume a disinclination for seeing it
1342	Pride and Prejudice	Jane Austen	They went to the library, therefore, and asked their father whether he would not wish them to make it known to her
1661	The Adventures of Sherlock Holmes	Arthur Conan Doyle	If you are not located in the United States, you will have to check the laws of the country where you are located before using this eBook
1342	Pride and Prejudice	Jane Austen	Denny addressed them directly, and entreated permission to introduce his friend, Mr
1661	The Adventures of Sherlock Holmes	Arthur Conan Doyle	As far as I can make out, the League was founded by an American millionaire, Ezekiah Hopkins, who was very peculiar in his ways
345	Dracula	Bram Stoker	You are overwrought and perhaps over-anxious
345	Dracula	Bram Stoker	In the moment when Madam Mina said those words that arrest both our understanding, an inspiration came to me
345	Dracula	Bram Stoker	But just think, what can we do, until all the world be at movement
345	Dracula	Bram Stoker	That has done me good
345	Dracula	Bram Stoker	They were all so frightened and nervous that I directed them to go to the dining-room and have each a glass of wine
345	Dracula	Bram Stoker	With a sigh he took, with a feeble effort, my hand in that of his own which was unstained
1342	Pride and Prejudice	Jane Austen	The extravagance and general profligacy which he scrupled not to lay to Mr
1342	Pride and Prejudice	Jane Austen	I shall now know how to act
345	Dracula	Bram Stoker	I drew near and looked
1342	Pride and Prejudice	Jane Austen	I was obliged to confess one thing, which for a time, and not unjustly, offended him
1342	Pride and Prejudice	Jane Austen	Its effect was most extraordinary; for, on first hearing it, Mrs
1342	Pride and Prejudice	Jane Austen	Why did the Forsters ever let her go out of their sight
1661	The Adventures of Sherlock Holmes	Arthur Conan Doyle	I had left my chair and was gazing at it over his shoulder
1342	Pride and Prejudice	Jane Austen	Bennet was among the earliest of those who waited on Mr
345	Dracula	Bram Stoker	Let me get on with my work
1342	Pride and Prejudice	Jane Austen	My feelings are not puffed about with every attempt to move them
1661	The Adventures of Sherlock Holmes	Arthur Conan Doyle	There was not a bird to be seen there
11	Alice's Adventures in Wonderland	Lewis Carroll	He came in with a teacup in one hand and a piece of bread-and-butter in the other
1342	Pride and Prejudice	Jane Austen	and PREJUDICE by Jane Austen, with a Preface by George Saintsbury and Illustrations by Hugh Thomson [Illustration: 1894] Ruskin 156
1342	Pride and Prejudice	Jane Austen	The coach, therefore, took them the first stage of their journey, and brought its master back to Longbourn
1661	The Adventures of Sherlock Holmes	Arthur Conan Doyle	A hundred and fifty guineas apiece
345	Dracula	Bram Stoker	The horses seem to know that they are being kindly treated, for they go willingly their full stage at best speed
1342	Pride and Prejudice	Jane Austen	Your lively talents would place you in the greatest danger in an unequal marriage
1661	The Adventures of Sherlock Holmes	Arthur Conan Doyle	You will leave the papers here, and remember the advice which I have given you
345	Dracula	Bram Stoker	The fair girl shook her head coquettishly, and the other two urged her on
345	Dracula	Bram Stoker	And so we have this day to hunt out all his lairs and sterilise them
1661	The Adventures of Sherlock Holmes	Arthur Conan Doyle	Nothing was left save a few acres of ground, and the two-hundred-year-old house, which is itself crushed under a heavy mortgage
1342	Pride and Prejudice	Jane Austen	_I_ who knew what he was
1342	Pride and Prejudice	Jane Austen	Elizabeth silently attended her
1342	Pride and Prejudice	Jane Austen	I have by no means done
345	Dracula	Bram Stoker	For your sake in the first, and then for the sake of humanity
1661	The Adventures of Sherlock Holmes	Arthur Conan Doyle	I call him mine, but really old Toller, my groom, is the only man who can do anything with him
1342	Pride and Prejudice	Jane Austen	She dreaded lest the chambermaid had been mistaken
1661	The Adventures of Sherlock Holmes	Arthur Conan Doyle	Men who had only known the quiet thinker and logician of Baker Street would have failed to recognise him
1342	Pride and Prejudice	Jane Austen	You get none; you are lucky if, discarding two-thirds of what he gives, you can shape a real impression out of the rest
1661	The Adventures of Sherlock Holmes	Arthur Conan Doyle	She had married a man named Oakshott, and lived in Brixton Road, where she fattened fowls for the market
345	Dracula	Bram Stoker	We shall follow him; and we shall not flinch; even if we peril ourselves that we become like him
345	Dracula	Bram Stoker	Of late I have had cause for tears, God knows
345	Dracula	Bram Stoker	You have told me all about Lucy, and so now we shall not speak of it, lest it distress
345	Dracula	Bram Stoker	Life is all right; I have all I want
1661	The Adventures of Sherlock Holmes	Arthur Conan Doyle	Now, on the other side of this narrow wing runs the corridor from which these three rooms open
1661	The Adventures of Sherlock Holmes	Arthur Conan Doyle	It was only after a painful and prolonged scene that she was ejected by the butler and the footman
1342	Pride and Prejudice	Jane Austen	Perhaps he thought her too young
1342	Pride and Prejudice	Jane Austen	But I dare not hope it
345	Dracula	Bram Stoker	I was positively afraid to think; but the conviction of what was coming was on me, as I have read of men who have heard the death-watch
1342	Pride and Prejudice	Jane Austen	Colonel Forster believed that more than a thousand pounds would be necessary to clear his expenses at Brighton
11	Alice's Adventures in Wonderland	Lewis Carroll	And yesterday things went on just as usual
345	Dracula	Bram Stoker	She told me that, if she might, she would come presently to my study, as she had much to say
1342	Pride and Prejudice	Jane Austen	I found that Miss Darcy was expected to dinner: I wish I could see her
345	Dracula	Bram Stoker	A stone falling from the window would fall a thousand feet without touching anything
345	Dracula	Bram Stoker	The moonlight was so bright that through the thick yellow blind the room was light enough to see
345	Dracula	Bram Stoker	I drew away, and his hand touched the string of beads which held the crucifix
345	Dracula	Bram Stoker	Her punishment will surely come, but not through me; she knew not altogether what she did and thus unknowing, she only stole
1342	Pride and Prejudice	Jane Austen	No aunt, no officers, no news could be sought after; the very shoe-roses for Netherfield were got by proxy
1342	Pride and Prejudice	Jane Austen	How humiliating is this discovery
345	Dracula	Bram Stoker	A few minutes later I saw Morris step suddenly back from a corner, which he was examining
345	Dracula	Bram Stoker	Then there came a breath so prolonged that it seemed as though it would tear open his chest
1661	The Adventures of Sherlock Holmes	Arthur Conan Doyle	But if you have, why, then, how could any gentleman ask you to condescend to accept anything under the three figures
345	Dracula	Bram Stoker	He stopped to talk with me, as he always does, but all the time kept looking at a strange ship
345	Dracula	Bram Stoker	It will not be long now
345	Dracula	Bram Stoker	Let me tell you now, but not a word to another
1342	Pride and Prejudice	Jane Austen	Philips protested that they would have a nice comfortable noisy game of lottery tickets, and a little bit of hot supper afterwards
1661	The Adventures of Sherlock Holmes	Arthur Conan Doyle	From north, south, east, and west every man who had a shade of red in his hair had tramped into the city to answer the advertisement
1342	Pride and Prejudice	Jane Austen	After making every possible inquiry on that side of London, Colonel F
1342	Pride and Prejudice	Jane Austen	It is really too great a violation of decency, honour, and interest, for him to be guilty of it
1342	Pride and Prejudice	Jane Austen	No, no, let me shift for myself; and, perhaps, if I have very good luck, I may meet with another Mr
345	Dracula	Bram Stoker	They are still open, and, if anything, larger than before, and the edges of them are faintly white
1661	The Adventures of Sherlock Holmes	Arthur Conan Doyle	Twice he struck at the chamber door without any reply from within
345	Dracula	Bram Stoker	Men much relieved when search over, and went back to work cheerfully
1342	Pride and Prejudice	Jane Austen	She will follow wherever Lydia leads
1342	Pride and Prejudice	Jane Austen	She looked at her father to entreat his interference, lest Mary should be singing all night
1661	The Adventures of Sherlock Holmes	Arthur Conan Doyle	We have boxed the compass among us
1661	The Adventures of Sherlock Holmes	Arthur Conan Doyle	I am not hysterical, nor given to fainting
1342	Pride and Prejudice	Jane Austen	Collins; and whatever might be his feelings towards her friend, met her with every appearance of composure
1342	Pride and Prejudice	Jane Austen	It was a painful, but not an improbable, conjecture
345	Dracula	Bram Stoker	Van Helsing is off to the British Museum looking up some authorities on ancient medicine
1342	Pride and Prejudice	Jane Austen	I would advise you merely to put on whatever of your clothes is superior to the rest--there is no occasion for anything more
1342	Pride and Prejudice	Jane Austen	But disguise of every sort is my abhorrence
345	Dracula	Bram Stoker	A whole night lost, and I know by bitter experience what may happen in a night
1342	Pride and Prejudice	Jane Austen	[Illustration] On Saturday morning Elizabeth and Mr
345	Dracula	Bram Stoker	She should therefore arrive some time in the morning; but as she cannot possibly get in before then, we are all about to retire early
1661	The Adventures of Sherlock Holmes	Arthur Conan Doyle	There was little difficulty in entering the grounds, for unrepaired breaches gaped in the old park wall
345	Dracula	Bram Stoker	the Count has been to him, and there is some new scheme of terror afoot
345	Dracula	Bram Stoker	I could see even in the dim light that the stone was massively carved, but that the carving had been much worn by time and weather
345	Dracula	Bram Stoker	Van Helsing made a very careful examination of the patient
1661	The Adventures of Sherlock Holmes	Arthur Conan Doyle	A SCANDAL IN BOHEMIA I
345	Dracula	Bram Stoker	He will be in Exeter, miles away, probably working at papers of the law with my other friend, Peter Hawkins
345	Dracula	Bram Stoker	Only for that faith it would be easier to die than to live, and so be quit of all the trouble
1661	The Adventures of Sherlock Holmes	Arthur Conan Doyle	Who were these German people, and what were they doing living in this strange, out-of-the-way place
345	Dracula	Bram Stoker	You can tell them just as well
345	Dracula	Bram Stoker	Oh, do forgive me for being so rude
345	Dracula	Bram Stoker	I never thought at the time how strange it all was
1661	The Adventures of Sherlock Holmes	Arthur Conan Doyle	In spite of its youth, it has already a sinister history
345	Dracula	Bram Stoker	He stood up and then sat down again, and the tears rained down his cheeks
1342	Pride and Prejudice	Jane Austen	My father and mother believe the worst, but I cannot think so ill of him
1342	Pride and Prejudice	Jane Austen	The suspicions which had just arisen of Mr
345	Dracula	Bram Stoker	I am blushing as I write, for although I _think_ he loves me, he has not told me so in words
11	Alice's Adventures in Wonderland	Lewis Carroll	Alice led the way, and the whole party swam to the shore
11	Alice's Adventures in Wonderland	Lewis Carroll	A Mad Tea-Party CHAPTER VIII
345	Dracula	Bram Stoker	I feel like one in a dream
1342	Pride and Prejudice	Jane Austen	Come as soon as you can on the receipt of this
345	Dracula	Bram Stoker	Van Helsing said he would be--so that I might have called him
345	Dracula	Bram Stoker	It may not be too late
1342	Pride and Prejudice	Jane Austen	I roused and interested you, because I was so unlike _them_
345	Dracula	Bram Stoker	I could see from the flash of our lamps, as the rays fell on them, that the horses were coal-black and splendid animals
1661	The Adventures of Sherlock Holmes	Arthur Conan Doyle	In dress now, for example
1661	The Adventures of Sherlock Holmes	Arthur Conan Doyle	The police have openly confessed that they can at present make nothing of it
1342	Pride and Prejudice	Jane Austen	But she is nothing to me now
345	Dracula	Bram Stoker	Oh, Madam Mina, by that love, I implore you, help me
345	Dracula	Bram Stoker	We men here, all save Jonathan, have seen with their own eyes what is to be done before that place can be purify
1342	Pride and Prejudice	Jane Austen	But last summer he was again most painfully obtruded on my notice
1342	Pride and Prejudice	Jane Austen	His coming into the country at all is a most insolent thing, indeed, and I wonder how he could presume to do it
345	Dracula	Bram Stoker	All this without that diabolic aid which is surely to him; for it have to yield to the powers that come from, and are, symbolic of good
1661	The Adventures of Sherlock Holmes	Arthur Conan Doyle	I have never denied him a wish
345	Dracula	Bram Stoker	The room was, therefore, dimly dark
1661	The Adventures of Sherlock Holmes	Arthur Conan Doyle	I fainted dead away, and I was very sick for months after
345	Dracula	Bram Stoker	Van Helsing slapped him on the shoulder
11	Alice's Adventures in Wonderland	Lewis Carroll	Advice from a Caterpillar CHAPTER VI
1661	The Adventures of Sherlock Holmes	Arthur Conan Doyle	The cab and the landau with their steaming horses were in front of the door when I arrived
1661	The Adventures of Sherlock Holmes	Arthur Conan Doyle	We shall just be in time to have a little breakfast with him
1661	The Adventures of Sherlock Holmes	Arthur Conan Doyle	Charles McCarthy, who was also an ex-Australian
345	Dracula	Bram Stoker	We mean to leave no stone unturned to carry out our intent
1342	Pride and Prejudice	Jane Austen	Reynolds was of no trifling nature
1661	The Adventures of Sherlock Holmes	Arthur Conan Doyle	Had he observed a carriage the night before waiting for me
345	Dracula	Bram Stoker	My watch was still unwound, and I am rigorously accustomed to wind it the last thing before going to bed, and many such details
1661	The Adventures of Sherlock Holmes	Arthur Conan Doyle	He has been a disappointment to me, Mr
345	Dracula	Bram Stoker	How remiss I am to let you stay up so long
345	Dracula	Bram Stoker	Mate lost temper with one of them that day and struck him
345	Dracula	Bram Stoker	You may sleep without doubt
345	Dracula	Bram Stoker	This is an exact record of what took place to-night
345	Dracula	Bram Stoker	Our enemy is not merely spiritual
345	Dracula	Bram Stoker	So that, my friend, it will be a blessed hand for her that shall strike the blow that sets her free
345	Dracula	Bram Stoker	Morris for getting this one for me
345	Dracula	Bram Stoker	If it does I am lost
1342	Pride and Prejudice	Jane Austen	They are in the same profession, you know, only in different lines
11	Alice's Adventures in Wonderland	Lewis Carroll	There was nothing else to do, so Alice soon began talking again
345	Dracula	Bram Stoker	Presently she woke, and I gave her food, as Van Helsing had prescribed
1342	Pride and Prejudice	Jane Austen	Having said thus much, I feel no doubt of your secrecy
345	Dracula	Bram Stoker	True to our promise, we told Mrs
11	Alice's Adventures in Wonderland	Lewis Carroll	One of the jurors had a pencil that squeaked
345	Dracula	Bram Stoker	Sure enough sleep must soon have come to me, for I remember no more
345	Dracula	Bram Stoker	You are looking pale yourself
345	Dracula	Bram Stoker	And, my dear, when he kissed me, and drew me to him with his poor weak hands, it was like a very solemn pledge between us
1661	The Adventures of Sherlock Holmes	Arthur Conan Doyle	One of our most lucrative means of laying out money is in the shape of loans, where the security is unimpeachable
1342	Pride and Prejudice	Jane Austen	He had, to be sure, done much
1661	The Adventures of Sherlock Holmes	Arthur Conan Doyle	He had trained it, probably by the use of the milk which we saw, to return to him when summoned
345	Dracula	Bram Stoker	I picked out one who has afforded me a study of much interest
345	Dracula	Bram Stoker	I opened that coffin, which was then sealed up, and we found it, as now, empty
1342	Pride and Prejudice	Jane Austen	[Illustration] CHAPTER XXIV
1342	Pride and Prejudice	Jane Austen	Thoughtless and indiscreet I can easily believe him, but this step (and let us rejoice over it) marks nothing bad at heart
1661	The Adventures of Sherlock Holmes	Arthur Conan Doyle	Consider what is involved by your theory
345	Dracula	Bram Stoker	We once carried out a small matter of renting some chambers for him when he was the Honourable Arthur Holmwood
1342	Pride and Prejudice	Jane Austen	Bingley and Jane, she had never doubted; but she had always attributed to Miss Bingley the principal design and arrangement of them
345	Dracula	Bram Stoker	He and the others were out till dinner-time, and they all came in tired
345	Dracula	Bram Stoker	The horizon is lost in a grey mist
1342	Pride and Prejudice	Jane Austen	There was neither in figure nor face any likeness between the ladies
345	Dracula	Bram Stoker	Her mother has spoken to me about it, and we have decided that I am to lock the door of our room every night
345	Dracula	Bram Stoker	I am in hopes that we need have no inquest, for if we had it would surely kill poor Lucy, if nothing else did
1342	Pride and Prejudice	Jane Austen	Collins was wishing to marry you
1342	Pride and Prejudice	Jane Austen	Their eyes instantly met, and the cheeks of each were overspread with the deepest blush
1661	The Adventures of Sherlock Holmes	Arthur Conan Doyle	Simon glanced over it
345	Dracula	Bram Stoker	It seemed to have in it a whole history of the country
345	Dracula	Bram Stoker	I should have felt quite astray doing the work if I had to write with a pen
345	Dracula	Bram Stoker	You will pardon me, I know, for all my faults when you have read all my budget of news
345	Dracula	Bram Stoker	I wish I could get at what is the object of the latter
345	Dracula	Bram Stoker	God help us all to bear our troubles
345	Dracula	Bram Stoker	I could only see the gleam of a pair of very bright eyes, which seemed red in the lamplight, as he turned to us
345	Dracula	Bram Stoker	I bent over him, and tried to find any sign of life, but in vain
1661	The Adventures of Sherlock Holmes	Arthur Conan Doyle	But there was no great difficulty in the first stage of my adventure
345	Dracula	Bram Stoker	But these are not his most important experiments
345	Dracula	Bram Stoker	God forbid that I should take her into that place
1661	The Adventures of Sherlock Holmes	Arthur Conan Doyle	He was very willing to have a holiday, so we shut the business up and started off for the address that was given us in the advertisement
345	Dracula	Bram Stoker	I drew back and watched carefully, and saw the whole man emerge
1342	Pride and Prejudice	Jane Austen	How he lived, I know not
345	Dracula	Bram Stoker	Van Helsing seemed surprised, and his brows gathered as if in thought, but he said nothing
1661	The Adventures of Sherlock Holmes	Arthur Conan Doyle	There he was to be found, she was sure of it, at the Bar of Gold, in Upper Swandam Lane
345	Dracula	Bram Stoker	Be not afraid; John and I know
1661	The Adventures of Sherlock Holmes	Arthur Conan Doyle	Twice my boy has asked her to marry him, for he loves her devotedly, but each time she has refused him
345	Dracula	Bram Stoker	_Letter, Sister Agatha, Hospital of St
345	Dracula	Bram Stoker	Nay; he is even more prisoner than the slave of the galley, than the madman in his cell
1342	Pride and Prejudice	Jane Austen	The business of her life was to get her daughters married: its solace was visiting and news
1661	The Adventures of Sherlock Holmes	Arthur Conan Doyle	Then suddenly he plunged forward, wrung my hand, and congratulated me warmly on my success
1661	The Adventures of Sherlock Holmes	Arthur Conan Doyle	All emotions, and that one particularly, were abhorrent to his cold, precise but admirably balanced mind
1342	Pride and Prejudice	Jane Austen	how I should like to be married before any of you
1342	Pride and Prejudice	Jane Austen	Only think of _that_, my dear: he actually danced with her twice; and she was the only creature in the room that he asked a second time
1661	The Adventures of Sherlock Holmes	Arthur Conan Doyle	Simon was decoyed away by Flora Millar, and that she, with confederates, no doubt, was responsible for her disappearance
1661	The Adventures of Sherlock Holmes	Arthur Conan Doyle	The ring, after all, proves nothing
345	Dracula	Bram Stoker	I shall post this at once, and, perhaps, write you very soon again
1342	Pride and Prejudice	Jane Austen	Not like the wild young men now-a-days, who think of nothing but themselves
1342	Pride and Prejudice	Jane Austen	To Pemberley, therefore, they were to go
345	Dracula	Bram Stoker	And, dear sir, even if he did he would not know what to do
345	Dracula	Bram Stoker	The Professor did actually fall, and I saw across him as he gathered himself up from hands and knees
1342	Pride and Prejudice	Jane Austen	The path just admitted three
1342	Pride and Prejudice	Jane Austen	Bennet and of Lady Catherine de Bourgh
345	Dracula	Bram Stoker	He followed cautiously, but when he got to bows found no one, and the hatchways were all closed
1661	The Adventures of Sherlock Holmes	Arthur Conan Doyle	Besides, it is not I alone
345	Dracula	Bram Stoker	I told her I should ask you to see her, and though she demurred at first--I know why, old fellow--she finally consented
345	Dracula	Bram Stoker	Van Helsing returned with extraordinary celerity, bearing with him a surgical case
345	Dracula	Bram Stoker	When the attendants rushed in, and we turned our attention to him, his employment positively sickened me
345	Dracula	Bram Stoker	Men are beyond fear, working stolidly and patiently, with minds made up to worst
345	Dracula	Bram Stoker	He have allowed us to redeem one soul already, and we go out as the old knights of the Cross to redeem more
345	Dracula	Bram Stoker	In such case we must get a sledge and go on, Russian fashion
1342	Pride and Prejudice	Jane Austen	Lady Catherine was generally speaking--stating the mistakes of the three others, or relating some anecdote of herself
345	Dracula	Bram Stoker	I have had a terrible dream, and it has left me so weak that I cannot move
345	Dracula	Bram Stoker	Make them get heat and fire and a warm bath
1661	The Adventures of Sherlock Holmes	Arthur Conan Doyle	She used to be at the Allegro
345	Dracula	Bram Stoker	The whole place was thick with dust
345	Dracula	Bram Stoker	You have for many years trust me; you have believe me weeks past, when there be things so strange that you might have well doubt
1661	The Adventures of Sherlock Holmes	Arthur Conan Doyle	Then he lit his pipe, and leaning back in his chair he watched the blue smoke-rings as they chased each other up to the ceiling
1342	Pride and Prejudice	Jane Austen	He is not at all liked in Hertfordshire
1342	Pride and Prejudice	Jane Austen	She had gained her point, and had time to consider of it
345	Dracula	Bram Stoker	She walked over to him, smiling pleasantly, and held out her hand
1661	The Adventures of Sherlock Holmes	Arthur Conan Doyle	Would she not have made an admirable queen
345	Dracula	Bram Stoker	I am glad, glad, that I may here be of some use to you; for if your husband suffer, he suffer within the range of my study and experience
1342	Pride and Prejudice	Jane Austen	She could not win him, however, to any conversation; he merely answered her question and read on
345	Dracula	Bram Stoker	The effort has, however, done him good
345	Dracula	Bram Stoker	He be of child-brain in much
345	Dracula	Bram Stoker	That ship, wherever it was, was weighing anchor whilst she spoke
345	Dracula	Bram Stoker	On it was but one word DRACULA
345	Dracula	Bram Stoker	To-night he may talk of himself, if I turn the conversation that way
345	Dracula	Bram Stoker	Ordinarily I would not have come without special reason, but just at present I am so interested in him that I would gladly make an effort
345	Dracula	Bram Stoker	For my own part, I thought that if Mrs
345	Dracula	Bram Stoker	Lower and lower went her head as the lips went below the range of my mouth and chin and seemed about to fasten on my throat
345	Dracula	Bram Stoker	He was quite alone, and on the table opposite him was what I knew at once from the description to be a phonograph
345	Dracula	Bram Stoker	He has succeeded after all, then, in his design in getting to London, and it was he I saw
1342	Pride and Prejudice	Jane Austen	What are you telling Miss Bennet
1661	The Adventures of Sherlock Holmes	Arthur Conan Doyle	As it emerged into the moonshine I saw what it was
1661	The Adventures of Sherlock Holmes	Arthur Conan Doyle	Presently he emerged, looking even more flurried than before
345	Dracula	Bram Stoker	Seward, for all you have done, but you really must now take care not to overwork yourself
1661	The Adventures of Sherlock Holmes	Arthur Conan Doyle	As we approached it I heard the sharp rattling of a chain, and the sound as of a large animal moving about
1661	The Adventures of Sherlock Holmes	Arthur Conan Doyle	He laughed until he choked, and we got a knife and opened the goose
1661	The Adventures of Sherlock Holmes	Arthur Conan Doyle	A jagged stone was lying among the moss, and this also he carefully examined and retained
345	Dracula	Bram Stoker	This is evident; for had he power to move himself as he wished he could go either as man, or wolf, or bat, or in some other way
1661	The Adventures of Sherlock Holmes	Arthur Conan Doyle	Then he followed a pathway through the wood until he came to the high road, where all traces were lost
345	Dracula	Bram Stoker	I must find out later on
1342	Pride and Prejudice	Jane Austen	I hardly know how Mr
345	Dracula	Bram Stoker	I knew that there was for the poor beasts no more of terror
345	Dracula	Bram Stoker	He turned as he heard my footsteps
1661	The Adventures of Sherlock Holmes	Arthur Conan Doyle	My stepfather has offered no opposition to the match, and we are to be married in the course of the spring
345	Dracula	Bram Stoker	You must not die by any hand; but least of all by your own
345	Dracula	Bram Stoker	All yesterday we travel, ever getting closer to the mountains, and moving into a more and more wild and desert land
1342	Pride and Prejudice	Jane Austen	I hope they will not meet at all
1661	The Adventures of Sherlock Holmes	Arthur Conan Doyle	Yet the matter was so delicate that I could not confide it to an agent without putting myself in his power
1661	The Adventures of Sherlock Holmes	Arthur Conan Doyle	Twice since I have been with them he has been quite drunk, and yet Mr
1342	Pride and Prejudice	Jane Austen	I hope you have destroyed the letter
1342	Pride and Prejudice	Jane Austen	Do not be afraid of my running into any excess, of my encroaching on your privilege of universal good-will
345	Dracula	Bram Stoker	Happily Van Helsing has not summoned me, so I need not forego my sleep; to-night I could not well do without it
345	Dracula	Bram Stoker	He thinks that in the meantime I should see Renfield, as hitherto he has been a sort of index to the coming and going of the Count
345	Dracula	Bram Stoker	In his speaking of things and people, and especially of battles, he spoke as if he had been present at them all
1661	The Adventures of Sherlock Holmes	Arthur Conan Doyle	Eight shillings for a bed and eightpence for a glass of sherry pointed to one of the most expensive hotels
345	Dracula	Bram Stoker	Forgive me for troubling you
345	Dracula	Bram Stoker	Well, I shall explain
345	Dracula	Bram Stoker	When morning watch came on deck could find no one except steersman
1661	The Adventures of Sherlock Holmes	Arthur Conan Doyle	They are all typewritten
1661	The Adventures of Sherlock Holmes	Arthur Conan Doyle	Have just been wired for from the west of England in connection with Boscombe Valley tragedy
1661	The Adventures of Sherlock Holmes	Arthur Conan Doyle	Holmes, and I carried the bird all the way to Kilburn
345	Dracula	Bram Stoker	I know, and you know, and the other doctor who attended her knows, that Mrs
345	Dracula	Bram Stoker	Was it because I wished to give you pain
1342	Pride and Prejudice	Jane Austen	You have delighted us long enough
1342	Pride and Prejudice	Jane Austen	[Illustration: THE END ] CHISWICK PRESS:--CHARLES WHITTINGHAM AND CO
1661	The Adventures of Sherlock Holmes	Arthur Conan Doyle	See the advantages of a cabman as a confidant
1661	The Adventures of Sherlock Holmes	Arthur Conan Doyle	It was mere chance that he was within earshot
1661	The Adventures of Sherlock Holmes	Arthur Conan Doyle	Twice she has been waylaid
1342	Pride and Prejudice	Jane Austen	When this was done, she had a less active part to play
1661	The Adventures of Sherlock Holmes	Arthur Conan Doyle	With much labour we separated them and carried him, living but horribly mangled, into the house
345	Dracula	Bram Stoker	It was now late in the afternoon, and sunset was not far off
1661	The Adventures of Sherlock Holmes	Arthur Conan Doyle	That carries us right on to the other block
345	Dracula	Bram Stoker	I was afraid to wake mother, and so closed my door again
345	Dracula	Bram Stoker	Mina woke me early, about the same time as yesterday, and asked me to bring Dr
345	Dracula	Bram Stoker	Again your pardon, and forgive me
1342	Pride and Prejudice	Jane Austen	They are wanted in the farm, Mr
345	Dracula	Bram Stoker	Our hope now is in knowing all
345	Dracula	Bram Stoker	I know it so well, as if a great hand of fire wrote it on the wall
345	Dracula	Bram Stoker	It must be so nice to see strange countries
1342	Pride and Prejudice	Jane Austen	By this time she is actually with them
345	Dracula	Bram Stoker	We had a lovely view, and saw the procession nearly all the way
1342	Pride and Prejudice	Jane Austen	And she was only sixteen last June
345	Dracula	Bram Stoker	How he must have suffered, whether it be true or only imagination
1661	The Adventures of Sherlock Holmes	Arthur Conan Doyle	In only one matter has she ever gone against my wishes
345	Dracula	Bram Stoker	He was never so resolute, never so strong, never so full of volcanic energy, as at present
345	Dracula	Bram Stoker	A good deal of interest was abroad concerning the dog which landed when the ship struck, and more than a few of the members of the S
345	Dracula	Bram Stoker	The career of this so unhappy dear lady is but just begun
345	Dracula	Bram Stoker	Van Helsing, what is it
1342	Pride and Prejudice	Jane Austen	They were always moving from place to place in quest of a cheap situation, and always spending more than they ought
1342	Pride and Prejudice	Jane Austen	I am sure you will be very comfortable there
1342	Pride and Prejudice	Jane Austen	Nor am I ashamed of the feelings I related
345	Dracula	Bram Stoker	They lay in a sort of orderly disorder on the great dining-room table
345	Dracula	Bram Stoker	Then the driver cracked his whip and called to his horses, and off they swept on their way to Bukovina
345	Dracula	Bram Stoker	I remember hearing the sudden barking of the dogs and a lot of queer sounds, like praying on a very tumultuous scale, from Mr
1661	The Adventures of Sherlock Holmes	Arthur Conan Doyle	It looks as if they always send their singular warning or token before them when starting upon their mission
345	Dracula	Bram Stoker	Even this poor little mite, when he woke up to-day, asked the nurse if he might go away
345	Dracula	Bram Stoker	He was in a panic of superstitious fear, and I am afraid the panic may spread
1342	Pride and Prejudice	Jane Austen	But who could have foreseen such an attention as this
1342	Pride and Prejudice	Jane Austen	Darcy before they had known anything of the matter
345	Dracula	Bram Stoker	Later we shall all have work to do
1342	Pride and Prejudice	Jane Austen	And what can he mean by apologizing for being next in the entail
1342	Pride and Prejudice	Jane Austen	Has he deigned to add aught of civility to his ordinary style
1342	Pride and Prejudice	Jane Austen	Can his most intimate friends be so excessively deceived in him
345	Dracula	Bram Stoker	I must not confuse them with experiences which will have to rest on my own observation, or my memory of them
1661	The Adventures of Sherlock Holmes	Arthur Conan Doyle	Sherlock Holmes ran her over with one of his quick, all-comprehensive glances
1342	Pride and Prejudice	Jane Austen	At length the Parsonage was discernible
345	Dracula	Bram Stoker	I woke with the dawn, and heard the birds chirping outside of the window
1661	The Adventures of Sherlock Holmes	Arthur Conan Doyle	He has seen too much
1342	Pride and Prejudice	Jane Austen	[Illustration] CHAPTER XII
1342	Pride and Prejudice	Jane Austen	It was an animating subject, and Mrs
1661	The Adventures of Sherlock Holmes	Arthur Conan Doyle	The alarm of fire was admirably done
1661	The Adventures of Sherlock Holmes	Arthur Conan Doyle	We compress the earth into bricks, so as to remove them without revealing what they are
345	Dracula	Bram Stoker	I bade her simply tell him that he must wait, for we could see no one now
1661	The Adventures of Sherlock Holmes	Arthur Conan Doyle	He has not been home for two days
345	Dracula	Bram Stoker	I took it that fear had helped imagination, and said nothing
345	Dracula	Bram Stoker	The owners of more than a hundred boats have already given in their names as wishing to follow him to the grave
1661	The Adventures of Sherlock Holmes	Arthur Conan Doyle	Absolutely no clue in them to Mr
1661	The Adventures of Sherlock Holmes	Arthur Conan Doyle	She had the surest information that of late he had, when the fit was on him, made use of an opium den in the farthest east of the City
1661	The Adventures of Sherlock Holmes	Arthur Conan Doyle	I shall call at half-past ten to-morrow if I do not inconvenience you
345	Dracula	Bram Stoker	To-morrow night you will come to me to the Berkeley Hotel at ten of the clock
1661	The Adventures of Sherlock Holmes	Arthur Conan Doyle	Could I not snap the bond
1342	Pride and Prejudice	Jane Austen	He was a tall, heavy-looking young man of five-and-twenty
345	Dracula	Bram Stoker	Eight boxes only out of the nine, which we sought
1661	The Adventures of Sherlock Holmes	Arthur Conan Doyle	He had even smoked there
345	Dracula	Bram Stoker	_I do_, and I can tell you it is not a bad study, and gives you more trouble than you can well fancy if you have never tried it
1342	Pride and Prejudice	Jane Austen	It was borne in the latter with decent philosophy
1661	The Adventures of Sherlock Holmes	Arthur Conan Doyle	He had returned with the prize, but had left a fragment in the grasp of his opponent
1342	Pride and Prejudice	Jane Austen	The vague and unsettled suspicions which uncertainty had produced, of what Mr
1342	Pride and Prejudice	Jane Austen	Once or twice she could discern a faint blush; but in general Charlotte wisely did not hear
1342	Pride and Prejudice	Jane Austen	Collins on his return highly gratified Mrs
1661	The Adventures of Sherlock Holmes	Arthur Conan Doyle	It was something terrible and deadly
1661	The Adventures of Sherlock Holmes	Arthur Conan Doyle	Two hours passed slowly away, and then, suddenly, just at the stroke of eleven, a single bright light shone out right in front of us
1342	Pride and Prejudice	Jane Austen	On Sunday, after morning service, the separation, so agreeable to almost all, took place
345	Dracula	Bram Stoker	Lord Godalming lifted one of the dogs, and carrying him in, placed him on the floor
345	Dracula	Bram Stoker	Peter, and that the throat had been torn open as if by some wild animal
345	Dracula	Bram Stoker	We then sought for Skinsky, but were unable to find him
1342	Pride and Prejudice	Jane Austen	Philips were now productive of the most interesting intelligence
1342	Pride and Prejudice	Jane Austen	If he _had another_ motive, I am sure it would never disgrace him
1342	Pride and Prejudice	Jane Austen	I am afraid he has been very imprudent, and has deserved to lose Mr
1661	The Adventures of Sherlock Holmes	Arthur Conan Doyle	I was already a dying and a desperate man
345	Dracula	Bram Stoker	More and more they gathered till they seemed to take dim phantom shapes
345	Dracula	Bram Stoker	She is always an early riser
345	Dracula	Bram Stoker	The air was oppressive; it seemed as if there was some sulphurous fume, which at times made me dizzy
1342	Pride and Prejudice	Jane Austen	Bingley of course returned with him to dinner; and in the evening Mrs
345	Dracula	Bram Stoker	Morris were with us also
345	Dracula	Bram Stoker	The closed gates are of heavy old oak and iron, all eaten with rust
1342	Pride and Prejudice	Jane Austen	Collins was called from his amiable Charlotte by the arrival of Saturday
345	Dracula	Bram Stoker	but it seemed fresh and pure in the night air after the terror of that vault
1661	The Adventures of Sherlock Holmes	Arthur Conan Doyle	Their papers they mean to have, be the holder of them who it may
1342	Pride and Prejudice	Jane Austen	I wish you had been there
345	Dracula	Bram Stoker	It looks like part of a keep, and is close to an old chapel or church
1342	Pride and Prejudice	Jane Austen	How long has she been such a favourite
1342	Pride and Prejudice	Jane Austen	The latter was thinking only of his breakfast
1661	The Adventures of Sherlock Holmes	Arthur Conan Doyle	When a doctor does go wrong he is the first of criminals
345	Dracula	Bram Stoker	For, let me tell you, he is known everywhere that men have been
345	Dracula	Bram Stoker	The wind rushed in through the broken window, and the door slammed to
1342	Pride and Prejudice	Jane Austen	She remembered that he had boasted of having no fear of seeing Mr
1342	Pride and Prejudice	Jane Austen	The insipidity, and yet the noise--the nothingness, and yet the self-importance, of all these people
1342	Pride and Prejudice	Jane Austen	She counted the days that must intervene before their invitation could be sent--hopeless of seeing him before
1661	The Adventures of Sherlock Holmes	Arthur Conan Doyle	There was the point from which all my adventures started
1661	The Adventures of Sherlock Holmes	Arthur Conan Doyle	I sent John, the coachman, to watch you, ran upstairs, got into my walking clothes, as I call them, and came down just as you departed
1661	The Adventures of Sherlock Holmes	Arthur Conan Doyle	When a woman has been seriously wronged by a man she no longer oscillates, and the usual symptom is a broken bell wire
345	Dracula	Bram Stoker	To-night I leave for Amsterdam, but shall return to-morrow night
345	Dracula	Bram Stoker	If not watching all the time frequently, visit and see that flowers are as placed; very important; do not fail
1342	Pride and Prejudice	Jane Austen	Oh, Bromley, of course
345	Dracula	Bram Stoker	And if he be carried, then the customs men may discover what the box contain
345	Dracula	Bram Stoker	Harker tripped into the room, bright and happy-looking and, in the doing of work, seemingly forgetful of her misery
345	Dracula	Bram Stoker	I have heard her use the same tone when reading her shorthand notes
1342	Pride and Prejudice	Jane Austen	All was acknowledged, and half the night spent in conversation
345	Dracula	Bram Stoker	He have follow the wake of the berserker Icelander, the devil-begotten Hun, the Slav, the Saxon, the Magyar
1661	The Adventures of Sherlock Holmes	Arthur Conan Doyle	It is the German who is so uncourteous to his verbs
1661	The Adventures of Sherlock Holmes	Arthur Conan Doyle	He walked up to the sideboard, and tearing a piece from the loaf he devoured it voraciously, washing it down with a long draught of water
1661	The Adventures of Sherlock Holmes	Arthur Conan Doyle	Three thousand will cover the matter
1661	The Adventures of Sherlock Holmes	Arthur Conan Doyle	I believe that he foresaw some danger, or else he would not have talked so
1342	Pride and Prejudice	Jane Austen	Never in her life had she seen his manners so little dignified, never had he spoken with such gentleness as on this unexpected meeting
345	Dracula	Bram Stoker	I pray so; but if it be needed, then he shall know all
345	Dracula	Bram Stoker	After breakfast Mina repeated her question
345	Dracula	Bram Stoker	I suppose it was the funeral upset him and sent his mind back on some train of thought
1342	Pride and Prejudice	Jane Austen	Many of his expressions were still fresh in her memory
345	Dracula	Bram Stoker	What more may he not do when the greater world of thought is open to him
345	Dracula	Bram Stoker	For a few minutes we were so taken up with him that we did not look towards the coffin
345	Dracula	Bram Stoker	Mate says we must be past Straits of Dover, as in a moment of fog lifting he saw North Foreland, just as he heard the man cry out
1342	Pride and Prejudice	Jane Austen	And so, I suppose, they often talk of having Longbourn when your father is dead
345	Dracula	Bram Stoker	he know that his game here was finish; and so he decide he go back home
1661	The Adventures of Sherlock Holmes	Arthur Conan Doyle	Good-afternoon, Miss Stoner
1342	Pride and Prejudice	Jane Austen	Three daughters married
345	Dracula	Bram Stoker	There are many ships weighing anchor at the moment in your so great Port of London
345	Dracula	Bram Stoker	We have something more than 70 miles before us
345	Dracula	Bram Stoker	When I had her carefully wrapped up I put my shoes on her feet and then began very gently to wake her
1342	Pride and Prejudice	Jane Austen	His sisters were fine women, with an air of decided fashion
1342	Pride and Prejudice	Jane Austen	After watching her a little, Fitzwilliam asked her why she was so thoughtful
1342	Pride and Prejudice	Jane Austen	Lady Catherine was a tall, large woman, with strongly-marked features, which might once have been handsome
345	Dracula	Bram Stoker	I did not stay to make sure, but returned to Van Helsing
11	Alice's Adventures in Wonderland	Lewis Carroll	What happened to you
345	Dracula	Bram Stoker	There were dark, rolling clouds overhead, and in the air the heavy, oppressive sense of thunder
1342	Pride and Prejudice	Jane Austen	Everything wore a happier aspect
345	Dracula	Bram Stoker	I have examined the map and find that the river most suitable for the Slovaks to have ascended is either the Pruth or the Sereth
1661	The Adventures of Sherlock Holmes	Arthur Conan Doyle	They will see that you are not there
1661	The Adventures of Sherlock Holmes	Arthur Conan Doyle	That dreadful sentinel sent a chill to my heart which I do not think that any burglar could have done
1342	Pride and Prejudice	Jane Austen	You see on what a footing we are
345	Dracula	Bram Stoker	But even if the burial service was comic, what about poor Art and his trouble
1342	Pride and Prejudice	Jane Austen	I am not qualified to form one
345	Dracula	Bram Stoker	so wily, and we must follow with wile
1342	Pride and Prejudice	Jane Austen	As long as she stays there, it is all very well
345	Dracula	Bram Stoker	Ah, but hear me through
345	Dracula	Bram Stoker	I was just able to follow her by asking many questions
345	Dracula	Bram Stoker	Seward are agreed that if we do not eat we cannot work our best
345	Dracula	Bram Stoker	But if need be I shall come again in three days, and stay longer if it must
345	Dracula	Bram Stoker	Lucy is sleeping soundly; the reflex of the dawn is high and far over the sea
345	Dracula	Bram Stoker	This, as we looked, trailed under the door, which with the recoil from its bursting open, had swung back to its old position
345	Dracula	Bram Stoker	I knew he had left the castle now, and thought to use the opportunity to explore more than I had dared to do as yet
345	Dracula	Bram Stoker	Better he not know as yet; perhaps he shall never know
345	Dracula	Bram Stoker	I have more than him to avoid
345	Dracula	Bram Stoker	At least, he wants me to believe so, and I shall never ask
1342	Pride and Prejudice	Jane Austen	I never heard any harm of her; and I dare say she is one of the most tractable creatures in the world
1661	The Adventures of Sherlock Holmes	Arthur Conan Doyle	My father was a schoolmaster in Chesterfield, where I received an excellent education
345	Dracula	Bram Stoker	what good are peasants without a leader
345	Dracula	Bram Stoker	I tried, but I could not wake him
1661	The Adventures of Sherlock Holmes	Arthur Conan Doyle	There was no truth, Mr
1661	The Adventures of Sherlock Holmes	Arthur Conan Doyle	It was the clank of the levers and the swish of the leaking cylinder
1342	Pride and Prejudice	Jane Austen	This has been my motive, my fair cousin, and I flatter myself it will not sink me in your esteem
1342	Pride and Prejudice	Jane Austen	Lydia talked incessantly of lottery tickets, of the fish she had lost and the fish she had won; and Mr
1661	The Adventures of Sherlock Holmes	Arthur Conan Doyle	Unless they are quite new, no two of them write exactly alike
1342	Pride and Prejudice	Jane Austen	He begged pardon for having displeased her
345	Dracula	Bram Stoker	He says that he will later on try to buy additional horses, so that we may be able to change them on the way
345	Dracula	Bram Stoker	Neither of the bands hears the other, but up here I hear and see them both
345	Dracula	Bram Stoker	The people of the house are careful to lock the door every night, so I feared that Lucy must have gone out as she was
1661	The Adventures of Sherlock Holmes	Arthur Conan Doyle	My pence were duly paid, and the rest is familiar to you
1342	Pride and Prejudice	Jane Austen	Bingley was quite uncomfortable; his sisters declared that they were miserable
1342	Pride and Prejudice	Jane Austen	Did you see him while you were at Lambton
345	Dracula	Bram Stoker	I am grateful to whoever invented it
1342	Pride and Prejudice	Jane Austen	The loo table, however, did not appear
345	Dracula	Bram Stoker	Van Helsing forced back the leaden flange, and we all looked in and recoiled
345	Dracula	Bram Stoker	There is tramping of feet overhead, and ropes and chains are dragged along
345	Dracula	Bram Stoker	When I saw the signs of the dawn I got ready for the hypnotism
1661	The Adventures of Sherlock Holmes	Arthur Conan Doyle	McCarthy had one son, a lad of eighteen, and Turner had an only daughter of the same age, but neither of them had wives living
1342	Pride and Prejudice	Jane Austen	His complexion became pale with anger, and the disturbance of his mind was visible in every feature
1342	Pride and Prejudice	Jane Austen	He had entertained hopes of being admitted to a sight of the young ladies, of whose beauty he had heard much; but he saw only the father
1661	The Adventures of Sherlock Holmes	Arthur Conan Doyle	Perhaps it would have been better for both of us had I been sterner, but I meant it for the best
345	Dracula	Bram Stoker	Seward was out on business, and had taken Jonathan with him, so I had to see them
1342	Pride and Prejudice	Jane Austen	The garden sloping to the road, the house standing in it, the green pales and the laurel hedge, everything declared they were arriving
1661	The Adventures of Sherlock Holmes	Arthur Conan Doyle	It is probable that he will be away all day, and that there would be nothing to disturb you
1661	The Adventures of Sherlock Holmes	Arthur Conan Doyle	There would be a noise like a pistol shot
345	Dracula	Bram Stoker	I saw the Count lying within the box upon the earth, some of which the rude falling from the cart had scattered over him
345	Dracula	Bram Stoker	The snow was now falling more heavily, and swirled about fiercely, for a high wind was beginning to blow
1342	Pride and Prejudice	Jane Austen	Elizabeth took leave of the whole party in the liveliest spirits
1661	The Adventures of Sherlock Holmes	Arthur Conan Doyle	This is very interesting
1661	The Adventures of Sherlock Holmes	Arthur Conan Doyle	I only caught a glimpse of her at the moment, but she was a lovely woman, with a face that a man might die for
1342	Pride and Prejudice	Jane Austen	Till the next morning, however, she was not aware of all the felicity of her contrivance
1342	Pride and Prejudice	Jane Austen	She was _now_ struck with the impropriety of such communications to a stranger, and wondered it had escaped her before
345	Dracula	Bram Stoker	Night._--I write this and leave it to be seen, so that no one may by any chance get into trouble through me
345	Dracula	Bram Stoker	We are all drifting reefwards now, and faith is our only anchor
345	Dracula	Bram Stoker	At the bottom there was a dark, tunnel-like passage, through which came a deathly, sickly odour, the odour of old earth newly turned
1661	The Adventures of Sherlock Holmes	Arthur Conan Doyle	How could my hair have been locked in the drawer
345	Dracula	Bram Stoker	I would have got out to make certain on the point, but some leaden lethargy seemed to chain my limbs and even my will
345	Dracula	Bram Stoker	How dare you cast eyes on him when I had forbidden it
1342	Pride and Prejudice	Jane Austen	Smiles decked the face of Mrs
1342	Pride and Prejudice	Jane Austen	Elizabeth then contrived to sit by her aunt
1342	Pride and Prejudice	Jane Austen	Come, be quick, be quick
345	Dracula	Bram Stoker	I am almost distracted when I think of her; to look at her gives me a pang
345	Dracula	Bram Stoker	To-day he is a drawn, haggard old man, whose white hair matches well with the hollow burning eyes and grief-written lines of his face
11	Alice's Adventures in Wonderland	Lewis Carroll	The King turned pale, and shut his note-book hastily
1661	The Adventures of Sherlock Holmes	Arthur Conan Doyle	The door itself was locked as well, and the key was not there
345	Dracula	Bram Stoker	If I only knew where to write to or where to go to, I should feel easier; but no one has heard a word of Jonathan since that last letter
1342	Pride and Prejudice	Jane Austen	Collins made his declaration in form
11	Alice's Adventures in Wonderland	Lewis Carroll	The Rabbit Sends in a Little Bill CHAPTER V
1342	Pride and Prejudice	Jane Austen	She grew absolutely ashamed of herself
345	Dracula	Bram Stoker	Then with the wisp he rubbed all over the jamb of the door, above, below, and at each side, and round the fireplace in the same way
1661	The Adventures of Sherlock Holmes	Arthur Conan Doyle	I would not have his cursed stock mixed with mine; not that I had any dislike to the lad, but his blood was in him, and that was enough
345	Dracula	Bram Stoker	Here and there we passed Cszeks and Slovaks, all in picturesque attire, but I noticed that goitre was painfully prevalent
345	Dracula	Bram Stoker	I could not have endured the horrid screeching as the stake drove home; the plunging of writhing form, and lips of bloody foam
1342	Pride and Prejudice	Jane Austen	Oh, what hours of transport we shall spend
1342	Pride and Prejudice	Jane Austen	that he should have been in love with her for so many months
1342	Pride and Prejudice	Jane Austen	What pin-money, what jewels, what carriages you will have
345	Dracula	Bram Stoker	For fully five minutes Van Helsing stood looking at her, with his face at its sternest
1661	The Adventures of Sherlock Holmes	Arthur Conan Doyle	It is quite separate and was left me by my uncle Ned in Auckland
345	Dracula	Bram Stoker	There are darknesses in life, and there are lights; you are one of the lights
1342	Pride and Prejudice	Jane Austen	They had long wished to see him
1661	The Adventures of Sherlock Holmes	Arthur Conan Doyle	Those are the principal points about which I wished to be absolutely clear
1342	Pride and Prejudice	Jane Austen	I told him of all that had occurred to make my former interference in his affairs absurd and impertinent
345	Dracula	Bram Stoker	He had simply lost sight of her and her part in the affair in his intellectual effort
1342	Pride and Prejudice	Jane Austen	That he had been concerned in the measures taken to separate Mr
1342	Pride and Prejudice	Jane Austen	I shall write again as soon as anything more is determined on
345	Dracula	Bram Stoker	I tried to hypnotise through her sleep, but she made no response, none at all; and the day broke
11	Alice's Adventures in Wonderland	Lewis Carroll	Run home this moment, and fetch me a pair of gloves and a fan
345	Dracula	Bram Stoker	It is all dark and horrid to me, for I can remember nothing; but I am full of vague fear, and I feel so weak and worn out
1342	Pride and Prejudice	Jane Austen	The gentlemen did approach: and when Mr
345	Dracula	Bram Stoker	He raised his hand and pointed to the bed, and his iron face was drawn and ashen white
345	Dracula	Bram Stoker	We could hardly ask any one, even did we wish to, to accept these as proofs of so wild a story
345	Dracula	Bram Stoker	We pressed on the door, the rusty hinges creaked, and it slowly opened
345	Dracula	Bram Stoker	Her eye then lit on Van Helsing and on me too, and gladdened
1661	The Adventures of Sherlock Holmes	Arthur Conan Doyle	Simon has not already arrived
1342	Pride and Prejudice	Jane Austen	I can hardly write for laughing
1342	Pride and Prejudice	Jane Austen	Darcy, may be guessed
1661	The Adventures of Sherlock Holmes	Arthur Conan Doyle	His features were gravely set, but there was a light in his eye which made me think that he had not been disappointed in his conclusions
1661	The Adventures of Sherlock Holmes	Arthur Conan Doyle	Of course he must recall the snake before the morning light revealed it to the victim
345	Dracula	Bram Stoker	Even the offer of a kitten or even a full-grown cat will not tempt him
345	Dracula	Bram Stoker	The Count may have many houses which he has bought
1661	The Adventures of Sherlock Holmes	Arthur Conan Doyle	Her bed this morning had not been slept in, her room was empty, and a note for me lay upon the hall table
345	Dracula	Bram Stoker	Looking at my watch, I saw that I should go to the station to meet Van Helsing, so I told Mrs
1342	Pride and Prejudice	Jane Austen	All field sports were over
345	Dracula	Bram Stoker	The morning was quickening in the east when we emerged from the front
345	Dracula	Bram Stoker	It was certainly a surprise to me, and gave me a considerable shock, but Van Helsing was unmoved
1342	Pride and Prejudice	Jane Austen	He delighted in going to Pemberley, especially when he was least expected
1342	Pride and Prejudice	Jane Austen	They entered it in one of its lowest points, and drove for some time through a beautiful wood stretching over a wide extent
1342	Pride and Prejudice	Jane Austen	We cannot suppose he would help it, if he could
345	Dracula	Bram Stoker	And afterwards the very memory of it will keep faith crystal clear
345	Dracula	Bram Stoker	He is immensely strong, for he was more like a wild beast than a man
1342	Pride and Prejudice	Jane Austen	And what sort of young lady is she
1661	The Adventures of Sherlock Holmes	Arthur Conan Doyle	It corresponds with the injuries
1661	The Adventures of Sherlock Holmes	Arthur Conan Doyle	To Holmes, as I could see by his eager face and peering eyes, very many other things were to be read upon the trampled grass
1661	The Adventures of Sherlock Holmes	Arthur Conan Doyle	We heard the door open, a few hurried words, and then quick steps upon the linoleum
1342	Pride and Prejudice	Jane Austen	You know how I detest it, unless I am particularly acquainted with my partner
345	Dracula	Bram Stoker	I wish you would take yourself and your idiotic brain theories somewhere else
1661	The Adventures of Sherlock Holmes	Arthur Conan Doyle	I suppose that I must have rushed past him into my room
345	Dracula	Bram Stoker	Here was an opportunity which I might not have again, so I exerted myself, and with many efforts forced it back so that I could enter
1661	The Adventures of Sherlock Holmes	Arthur Conan Doyle	His name is Hugh Boone, and his hideous face is one which is familiar to every man who goes much to the City
345	Dracula	Bram Stoker	Even the deep, burning eyes seemed set amongst swollen flesh, for the lids and pouches underneath were bloated
1661	The Adventures of Sherlock Holmes	Arthur Conan Doyle	I never went wrong before
1342	Pride and Prejudice	Jane Austen	We do not suffer by accident
345	Dracula	Bram Stoker	But even in the minute that had elapsed the number of the rats had vastly increased
1342	Pride and Prejudice	Jane Austen	From such a connection she could not wonder that he should shrink
345	Dracula	Bram Stoker	John, my child, you have been my friend now many years, and yet did you ever know me to do any without good cause
345	Dracula	Bram Stoker	I., etc., etc., to John Seward, M
345	Dracula	Bram Stoker	When I arrived, however, I found already assembled on the pier a crowd, whom the coastguard and police refused to allow to come on board
345	Dracula	Bram Stoker	Thank God for it, for then at least she can forget her care
345	Dracula	Bram Stoker	I felt my heart icy cold, but it did not even occur to me to draw back
345	Dracula	Bram Stoker	Last night I seemed to be dreaming again just as I was at Whitby
1342	Pride and Prejudice	Jane Austen	One must speak a little, you know
1342	Pride and Prejudice	Jane Austen	She plays and sings all day long
1342	Pride and Prejudice	Jane Austen	Even Elizabeth might have found some trial of her patience in weather which totally suspended the improvement of her acquaintance with Mr
345	Dracula	Bram Stoker	My surmise is, this: that in London the Count decided to get back to his castle by water, as the most safe and secret way
1661	The Adventures of Sherlock Holmes	Arthur Conan Doyle	No, it was more likely to be an attempt to explain how he met his fate
345	Dracula	Bram Stoker	Lucy is asleep and breathing softly
1661	The Adventures of Sherlock Holmes	Arthur Conan Doyle	The blow was struck from immediately behind, and yet was upon the left side
1342	Pride and Prejudice	Jane Austen	His plan did not vary on seeing them
1342	Pride and Prejudice	Jane Austen	But do not be cast down
345	Dracula	Bram Stoker	He cannot melt into thin air nor disappear through cracks or chinks or crannies
1342	Pride and Prejudice	Jane Austen	[Illustration] A few days after this visit, Mr
1661	The Adventures of Sherlock Holmes	Arthur Conan Doyle	You can understand that, living the life which I have described, we were little likely to see anyone of our own age and position
1342	Pride and Prejudice	Jane Austen	For the last week they had seen very little of either Lady Catherine or her daughter
1342	Pride and Prejudice	Jane Austen	After listening one morning to their effusions on this subject, Mr
345	Dracula	Bram Stoker	I am sure this diary would have been a mystery to him which he would not have brooked
1661	The Adventures of Sherlock Holmes	Arthur Conan Doyle	It was only a line asking me to join him when he made the sign to me to do so
345	Dracula	Bram Stoker	It took all my courage to hold to the wise resolution of keeping her out of our grim task
1661	The Adventures of Sherlock Holmes	Arthur Conan Doyle	That sounded ominous
1342	Pride and Prejudice	Jane Austen	She finds Miss Pope a treasure
1342	Pride and Prejudice	Jane Austen	The general prejudice against Mr
345	Dracula	Bram Stoker	From his putting his finger to his lips, I gathered that he expected her to wake before long and was afraid of forestalling nature
345	Dracula	Bram Stoker	for a dreamless sleep
1342	Pride and Prejudice	Jane Austen	She heard the carriage drive away as she proceeded upstairs
1342	Pride and Prejudice	Jane Austen	How wonderfully these sort of things occur
1661	The Adventures of Sherlock Holmes	Arthur Conan Doyle	My sister and I, you will recollect, were twins, and you know how subtle are the links which bind two souls which are so closely allied
345	Dracula	Bram Stoker	The second and fourth were unsealed
345	Dracula	Bram Stoker	My title will make it all right with the locksmith, and with any policeman that may come along
1661	The Adventures of Sherlock Holmes	Arthur Conan Doyle	That was to some extent in favour of the accused, as when seen quarrelling he was face to face with his father
345	Dracula	Bram Stoker	I was not so sleepy as I should have been; so before they went I asked Dr
345	Dracula	Bram Stoker	Could see nothing in fog
1342	Pride and Prejudice	Jane Austen	Bennet spent the morning together, as had been agreed on
345	Dracula	Bram Stoker	With a beating heart, I tried the door; but I was locked in my prison, and could do nothing
1342	Pride and Prejudice	Jane Austen	They are gone off together from Brighton
345	Dracula	Bram Stoker	I think I have not stirred out of my bed for a week, that is when I once got into it at night
345	Dracula	Bram Stoker	Fortunately I am not of a fainting disposition
1661	The Adventures of Sherlock Holmes	Arthur Conan Doyle	Among these he rummaged and read, with intervals of note-taking and of meditation, until we were past Reading
1342	Pride and Prejudice	Jane Austen	Seriously, I would have you be on your guard
1661	The Adventures of Sherlock Holmes	Arthur Conan Doyle	Now do try to come, and I shall meet you with the dog-cart at Winchester
345	Dracula	Bram Stoker	What sort of place had I come to, and among what kind of people
1342	Pride and Prejudice	Jane Austen	Darcy, her sister scarcely less so; and as for Mr
345	Dracula	Bram Stoker	He had got a scrap of paper and was folding it into a note-book
1342	Pride and Prejudice	Jane Austen	I am not to be intimidated into anything so wholly unreasonable
345	Dracula	Bram Stoker	I note this whilst Godalming is getting ready
345	Dracula	Bram Stoker	We threw ourselves against it; with a crash it burst open, and we almost fell headlong into the room
1342	Pride and Prejudice	Jane Austen	My dearest Lizzy, do but consider in what a disgraceful light it places Mr
345	Dracula	Bram Stoker	He has just now, 12:45, come from Carfax hurriedly and hastened towards the South
11	Alice's Adventures in Wonderland	Lewis Carroll	Who for such dainties would not stoop
1342	Pride and Prejudice	Jane Austen	In nine cases out of ten, a woman had better show _more_ affection than she feels
1342	Pride and Prejudice	Jane Austen	Darcy, chose for her employment the examination of all the letters which Jane had written to her since her being in Kent
1661	The Adventures of Sherlock Holmes	Arthur Conan Doyle	So much is fairly clear
1661	The Adventures of Sherlock Holmes	Arthur Conan Doyle	Duncan Ross was there to see that I got fairly to work
345	Dracula	Bram Stoker	He seemed to have been prepared for every obstacle which might be placed by accident in the way of his intentions being carried out
345	Dracula	Bram Stoker	To write diary with a pen is irksome to me; but Van Helsing says I must
1342	Pride and Prejudice	Jane Austen	He was received by Mrs
345	Dracula	Bram Stoker	She arrive, but I cannot stay
345	Dracula	Bram Stoker	In such case he can, if it be in the night, change his form and can jump or fly on shore, as he did at Whitby
345	Dracula	Bram Stoker	Then I went over every inch of the ground, so as not to lose a chance
345	Dracula	Bram Stoker	I saw the mist stealing in, and I grabbed it tight
345	Dracula	Bram Stoker	I feel that I have but a few minutes; and then I must go back to death--or worse
1342	Pride and Prejudice	Jane Austen	In the gallery there were many family portraits, but they could have little to fix the attention of a stranger
1661	The Adventures of Sherlock Holmes	Arthur Conan Doyle	He received us in his quietly genial fashion, ordered fresh rashers and eggs, and joined us in a hearty meal
11	Alice's Adventures in Wonderland	Lewis Carroll	I shall never get to twenty at that rate
345	Dracula	Bram Stoker	S.--Mother sends her love
345	Dracula	Bram Stoker	On the latter side, as well as to the former, there was a great precipice
345	Dracula	Bram Stoker	Thank God, there are such moments still for her
1342	Pride and Prejudice	Jane Austen	Lydia was exceedingly fond of him
1661	The Adventures of Sherlock Holmes	Arthur Conan Doyle	So far I had got before I ever heard Lord St
345	Dracula	Bram Stoker	I wish she were with me again, for I feel so unhappy
345	Dracula	Bram Stoker	Give me some water, my lips are dry; and I shall try to tell you
1342	Pride and Prejudice	Jane Austen	When her mother went up to her dressing-room at night, she followed her, and made the important communication
345	Dracula	Bram Stoker	If it should not be so, then the others who have been so good to us shall have remainder
345	Dracula	Bram Stoker	Hitherto I had blamed only the servants, but now a terrible fear began to assail me
345	Dracula	Bram Stoker	This is not what he intends; and he does not mean to risk it
1342	Pride and Prejudice	Jane Austen	Your tempers are by no means unlike
345	Dracula	Bram Stoker	By her side stood a tall, thin man, clad in black
345	Dracula	Bram Stoker	Here I stopped for the night at the Hotel Royale
1342	Pride and Prejudice	Jane Austen	If such goodness does not make her miserable now, she will never deserve to be happy
1342	Pride and Prejudice	Jane Austen	She liked him too little to care for his approbation
345	Dracula	Bram Stoker	When he left me I went to my room
345	Dracula	Bram Stoker	She herself agreed as to its wisdom, and it was pitiful to see her so brave and yet so sorrowful, and in such a depth of despair
1342	Pride and Prejudice	Jane Austen	Jones says we must not think of moving her
345	Dracula	Bram Stoker	When we came to the discussion of the sequence of our efforts and of the disposition of our forces, there were new sources of doubt
345	Dracula	Bram Stoker	There was some sense of freedom in the vast expanse, inaccessible though it was to me, as compared with the narrow darkness of the courtyard
345	Dracula	Bram Stoker	What meant the giving of the crucifix, of the garlic, of the wild rose, of the mountain ash
345	Dracula	Bram Stoker	His very tone betray him, or my ears deceive
1661	The Adventures of Sherlock Holmes	Arthur Conan Doyle	Inspector Bradstreet would, I am sure, make notes upon anything which you might tell us and submit it to the proper authorities
1342	Pride and Prejudice	Jane Austen	He is so excessively handsome
1661	The Adventures of Sherlock Holmes	Arthur Conan Doyle	What could have happened, then, to bring one of the foremost citizens of London to this most pitiable pass
1342	Pride and Prejudice	Jane Austen	Colonel Fitzwilliam had called at the Parsonage more than once during the time, but Mr
1661	The Adventures of Sherlock Holmes	Arthur Conan Doyle	I called in the inspector and gave him into custody
1661	The Adventures of Sherlock Holmes	Arthur Conan Doyle	The Boscombe Valley Mystery V
345	Dracula	Bram Stoker	If it should be, and he came to London, with his teeming millions
1661	The Adventures of Sherlock Holmes	Arthur Conan Doyle	I should not wish a smarter assistant, Mr
1342	Pride and Prejudice	Jane Austen	Scarcely a syllable was uttered that did not relate to the game, except when Mrs
345	Dracula	Bram Stoker	She was, if possible, more radiantly beautiful than ever; and I could not believe that she was dead
1342	Pride and Prejudice	Jane Austen	My faults, according to this calculation, are heavy indeed
1661	The Adventures of Sherlock Holmes	Arthur Conan Doyle	I think that I have touched bottom at last, however
1342	Pride and Prejudice	Jane Austen	She was humbled, she was grieved; she repented, though she hardly knew of what
345	Dracula	Bram Stoker	She will be dreaming of this to-night, I am sure
1342	Pride and Prejudice	Jane Austen	Jane was as much gratified by this as her mother could be, though in a quieter way
1342	Pride and Prejudice	Jane Austen	Jane listened with astonishment and concern: she knew not how to believe that Mr
345	Dracula	Bram Stoker	We seem to be drifting into unknown places and unknown ways; into a whole world of dark and dreadful things
345	Dracula	Bram Stoker	I did what I could to brighten them up, and I suppose that the effort did me good, for I forgot how tired I was
345	Dracula	Bram Stoker	I tried to go to sleep, but could not
1342	Pride and Prejudice	Jane Austen	Elizabeth again, and more seriously, assured her of its truth
1661	The Adventures of Sherlock Holmes	Arthur Conan Doyle	Putting his hands into his pockets, he stretched out his legs in front of the fire and laughed heartily for some minutes
1342	Pride and Prejudice	Jane Austen	The officers will find women better worth their notice
345	Dracula	Bram Stoker	Oh, do something to save her
345	Dracula	Bram Stoker	Westenra went to lie down, and Lucy was left with me
345	Dracula	Bram Stoker	How can I escape from this dreadful thing of night and gloom and fear
345	Dracula	Bram Stoker	Harker, at once championing me
345	Dracula	Bram Stoker	So it is that she differ from all other
1342	Pride and Prejudice	Jane Austen	It should not be said, that the Miss Bennets could not be at home half a day before they were in pursuit of the officers
1342	Pride and Prejudice	Jane Austen	Hurst were going out
345	Dracula	Bram Stoker	All at once the wolves began to howl as though the moonlight had had some peculiar effect on them
345	Dracula	Bram Stoker	Drink it off, like a good child
1661	The Adventures of Sherlock Holmes	Arthur Conan Doyle	These, we presume, indicated the nature of the papers which had been destroyed by Colonel Openshaw
1342	Pride and Prejudice	Jane Austen	People who suffer as I do from nervous complaints can have no great inclination for talking
1661	The Adventures of Sherlock Holmes	Arthur Conan Doyle	Grimesby Roylott drive past, his huge form looming up beside the little figure of the lad who drove him
345	Dracula	Bram Stoker	We may never meet again
1342	Pride and Prejudice	Jane Austen	She was disturbed by no fear for her felicity, nor humbled by any remembrance of her misconduct
345	Dracula	Bram Stoker	It is just as that dear, good Professor Van Helsing said: he is true grit, and he improves under strain that would kill a weaker nature
1661	The Adventures of Sherlock Holmes	Arthur Conan Doyle	You must not interfere, come what may
345	Dracula	Bram Stoker	Three nights has the same thing happened--violent all day then quiet from moonrise to sunrise
345	Dracula	Bram Stoker	Here in the crisp autumn air in the bright sunlight---- Alas
345	Dracula	Bram Stoker	The last I saw, she was waving her hand in farewell
1342	Pride and Prejudice	Jane Austen	_That_ is all to be forgot
1661	The Adventures of Sherlock Holmes	Arthur Conan Doyle	Oakshott, of Brixton Road, to a salesman named Breckinridge, by him in turn to Mr
1661	The Adventures of Sherlock Holmes	Arthur Conan Doyle	I have every reason to believe that we shall be in time to stop it
1661	The Adventures of Sherlock Holmes	Arthur Conan Doyle	I remember nothing until I found myself lying on my bed trembling all over
345	Dracula	Bram Stoker	No one must hear them spoken ever again
1342	Pride and Prejudice	Jane Austen	How Wickham and Lydia were to be supported in tolerable independence she could not imagine
345	Dracula	Bram Stoker	Passed Gibralter and out through Straits
345	Dracula	Bram Stoker	_Rufus Smith, London, to Lord Godalming, care H
345	Dracula	Bram Stoker	Then, taking his little silver whistle from his pocket, he blew a low, shrill call
11	Alice's Adventures in Wonderland	Lewis Carroll	My notion was that you had been (Before she had this fit) An obstacle that came between Him, and ourselves, and it
1661	The Adventures of Sherlock Holmes	Arthur Conan Doyle	Now, if you cared to apply, Mr
1342	Pride and Prejudice	Jane Austen	Well, Colonel Fitzwilliam, what do I play next
345	Dracula	Bram Stoker	An idea struck me, and I looked up
1661	The Adventures of Sherlock Holmes	Arthur Conan Doyle	It was a wonderfully silent house
1661	The Adventures of Sherlock Holmes	Arthur Conan Doyle	Those are the crucial points upon which the case depends
345	Dracula	Bram Stoker	I stood in silence where I was, for I did not know what to do
345	Dracula	Bram Stoker	Henceforth no effort of mine, no piteous cry or agonised entreaty, would make them even look at me
345	Dracula	Bram Stoker	Lucy woke, too, and, I was glad to see, was even better than on the previous morning
1342	Pride and Prejudice	Jane Austen	However, I did not hear above one word in ten, for I was thinking, you may suppose, of my dear Wickham
11	Alice's Adventures in Wonderland	Lewis Carroll	That _will_ be a queer thing, to be sure
345	Dracula	Bram Stoker	I went through the door in the corner and down the winding stair and along the dark passage to the old chapel
1342	Pride and Prejudice	Jane Austen	But if I go on I shall displease you by saying what I think of persons you esteem
345	Dracula	Bram Stoker	It was answered from behind Dr
1342	Pride and Prejudice	Jane Austen	Elizabeth felt all the impertinence of her questions, but answered them very composedly
1661	The Adventures of Sherlock Holmes	Arthur Conan Doyle	So now we must set ourselves very seriously to finding this gentleman and ascertaining what part he has played in this little mystery
345	Dracula	Bram Stoker	The hunter is taken in his own snare, as the great Psalmist says
1661	The Adventures of Sherlock Holmes	Arthur Conan Doyle	We would not dare to conceive the things which are really mere commonplaces of existence
345	Dracula	Bram Stoker	When the Professor had done speaking my husband looked in my eyes, and I in his; there was no need for speaking between us
345	Dracula	Bram Stoker	Where is he, and how
345	Dracula	Bram Stoker	The men were wiping their foreheads, and were flushed in the face, as if with violent exercise
345	Dracula	Bram Stoker	At times I held the belief so strongly that I actually tried to take human life
345	Dracula	Bram Stoker	Is he?---- That wild yell seemed to come from his room
1661	The Adventures of Sherlock Holmes	Arthur Conan Doyle	Then, with a gesture of desperation, he tore the mask from his face and hurled it upon the ground
345	Dracula	Bram Stoker	With his left hand he held both Mrs
1342	Pride and Prejudice	Jane Austen	Also there is in both a certain not inhuman or unamiable cruelty
1342	Pride and Prejudice	Jane Austen	Was not this some excuse for incivility, if I _was_ uncivil
345	Dracula	Bram Stoker	I hardly see this yet, but when I get at the dates I suppose I shall
1342	Pride and Prejudice	Jane Austen	When at length they arose to take leave, Mrs
345	Dracula	Bram Stoker	Morris arrived earlier than we expected
345	Dracula	Bram Stoker	I felt no compunction in doing so, for under the circumstances I felt that I should protect myself in every way I could
1661	The Adventures of Sherlock Holmes	Arthur Conan Doyle	Lestrade, of Scotland Yard, looks upon as so serious
345	Dracula	Bram Stoker	Amid the crash and glitter of the falling glass, he tumbled into the flagged area below
1342	Pride and Prejudice	Jane Austen	She was not the better pleased with his gallantry, from the idea it suggested of something more
1342	Pride and Prejudice	Jane Austen	Darcy, that you hardly ever forgave;--that your resentment, once created, was unappeasable
345	Dracula	Bram Stoker	I tell you these facts that you may know why I have such confidence in him
345	Dracula	Bram Stoker	The dad was better, so I ran down here to see for myself
1661	The Adventures of Sherlock Holmes	Arthur Conan Doyle	Father was a plumber in the Tottenham Court Road, and he left a tidy business behind him, which mother carried on with Mr
345	Dracula	Bram Stoker	As I knew that the only cure for this sort of thing was work, I went down amongst the patients
1342	Pride and Prejudice	Jane Austen	The whole party before them, indeed, excited a lively attention
1342	Pride and Prejudice	Jane Austen	what could she mean by it
345	Dracula	Bram Stoker	There must have been some other means of entry, or some one had a key for one of the locked doors
1342	Pride and Prejudice	Jane Austen	Your portion is unhappily so small, that it will in all likelihood undo the effects of your loveliness and amiable qualifications
1342	Pride and Prejudice	Jane Austen	What a contrast did it offer to his last address in Rosings Park, when he put his letter into her hand
345	Dracula	Bram Stoker	Thus the Count had knowledge of the persons who could arrange this service
345	Dracula	Bram Stoker	Ah, there is the dread; yet very dread should help my cause, for in it is some need of belief
1661	The Adventures of Sherlock Holmes	Arthur Conan Doyle	He was urging his son to marry my daughter with as little regard for what she might think as if she were a slut from off the streets
1661	The Adventures of Sherlock Holmes	Arthur Conan Doyle	He was in a pitiable state of reaction, with every nerve in a twitter
1342	Pride and Prejudice	Jane Austen	When Denny, and Wickham, and Pratt, and two or three more of the men came in, they did not know him in the least
345	Dracula	Bram Stoker	There he is, calling to me
1342	Pride and Prejudice	Jane Austen	However, I recollected afterwards, that if he _had_ been prevented going, the wedding need not be put off, for Mr
345	Dracula	Bram Stoker	I looked at her throat just now as she lay asleep, and the tiny wounds seem not to have healed
345	Dracula	Bram Stoker	Lit., etc., etc., to Dr
1342	Pride and Prejudice	Jane Austen	She had obtained private intelligence that Mr
345	Dracula	Bram Stoker	I rejoice also that there is a chapel of old times
1342	Pride and Prejudice	Jane Austen	On both sides it was only assertion
345	Dracula	Bram Stoker	Van Helsing was very kind to him
345	Dracula	Bram Stoker	I told him once, and since then I learn much
1342	Pride and Prejudice	Jane Austen	She then took a large house in Edward Street, and has since maintained herself by letting lodgings
1661	The Adventures of Sherlock Holmes	Arthur Conan Doyle	What did you do, then
345	Dracula	Bram Stoker	I can only trust in God and wait till the fog clears
345	Dracula	Bram Stoker	I signalled to the attendants not to hold him, for I was anxious to see what he would do
345	Dracula	Bram Stoker	We have such walks and drives, and rides, and rowing, and tennis, and fishing together; and I love him more than ever
345	Dracula	Bram Stoker	So off I drove to Walworth, and found Mr
1342	Pride and Prejudice	Jane Austen	Sir William and Lady Lucas are determined to go, merely on that account; for in general, you know, they visit no new comers
345	Dracula	Bram Stoker	The undertaker had certainly done his work well, for the room was turned into a small _chapelle ardente_
1661	The Adventures of Sherlock Holmes	Arthur Conan Doyle	Oh, sir, do you not think that you could help me, too, and at least throw a little light through the dense darkness which surrounds me
1661	The Adventures of Sherlock Holmes	Arthur Conan Doyle	Holmes, and my mind is made up that I will accept it
1661	The Adventures of Sherlock Holmes	Arthur Conan Doyle	These pretended journeys to France were rather cumbrous
345	Dracula	Bram Stoker	With this one, all the forces of nature that are occult and deep and strong must have worked together in some wondrous way
1661	The Adventures of Sherlock Holmes	Arthur Conan Doyle	The lash, however, was curled upon itself and tied so as to make a loop of whipcord
1661	The Adventures of Sherlock Holmes	Arthur Conan Doyle	I have been out to Streatham since I saw you last, but I did not call at the house
1661	The Adventures of Sherlock Holmes	Arthur Conan Doyle	A frayed top-hat and a faded brown overcoat with a wrinkled velvet collar lay upon a chair beside him
1661	The Adventures of Sherlock Holmes	Arthur Conan Doyle	The Adventure of the Speckled Band IX
1661	The Adventures of Sherlock Holmes	Arthur Conan Doyle	Your wife has been waiting this two days for you
345	Dracula	Bram Stoker	When we reached the hall the maid had just opened the door, and Arthur was stepping quickly in
1661	The Adventures of Sherlock Holmes	Arthur Conan Doyle	A Case of Identity IV
345	Dracula	Bram Stoker	But a stranger in a strange land, he is no one; men know him not--and to know not is to care not for
1661	The Adventures of Sherlock Holmes	Arthur Conan Doyle	In a man it is perhaps better first to take the knee of the trouser
1661	The Adventures of Sherlock Holmes	Arthur Conan Doyle	Twelve struck, and one and two and three, and still we sat waiting silently for whatever might befall
345	Dracula	Bram Stoker	So it will be until the Great Recorder sums me up and closes my ledger account with a balance to profit or loss
1342	Pride and Prejudice	Jane Austen	Bingley, his two sisters, the husband of the eldest, and another young man
1342	Pride and Prejudice	Jane Austen	By you, I was properly humbled
1342	Pride and Prejudice	Jane Austen	We were married, you know, at St
1342	Pride and Prejudice	Jane Austen	Well, now let us be quite comfortable and snug, and talk and laugh all the way home
1661	The Adventures of Sherlock Holmes	Arthur Conan Doyle	And, first, one or two questions, Mr
345	Dracula	Bram Stoker	The boy handed in a despatch
1342	Pride and Prejudice	Jane Austen	[Illustration] CHAPTER XX
1661	The Adventures of Sherlock Holmes	Arthur Conan Doyle	Windigate, of the Alpha, and by him to his club, of which Mr
345	Dracula	Bram Stoker	I shall tell him that we have days before us, and we must not break down when most of all his strength will be needed
345	Dracula	Bram Stoker	He is uncommonly clever, if one can judge from his face, and full of energy
345	Dracula	Bram Stoker	For myself, I felt a sort of paralysis of fear
1661	The Adventures of Sherlock Holmes	Arthur Conan Doyle	He had been watching me eagerly out of his small eyes, and I could see a shadow pass over his face as I spoke
1342	Pride and Prejudice	Jane Austen	All the world are good and agreeable in your eyes
1342	Pride and Prejudice	Jane Austen	Philips, was an amiable, intelligent, elegant woman, and a great favourite with her Longbourn nieces
1342	Pride and Prejudice	Jane Austen	I do assure you that my intimacy has not yet taught me _that_
345	Dracula	Bram Stoker	It seemed as if the whole awful creature were simply gorged with blood
345	Dracula	Bram Stoker	We shall all be armed, in all ways; and when the time for the end has come, our effort shall not be lack
1342	Pride and Prejudice	Jane Austen	Both sisters were uncomfortable enough
345	Dracula	Bram Stoker	Friend John, up to now fortune has made that woman of help to us; after to-night she must not have to do with this so terrible affair
345	Dracula	Bram Stoker	But there comes another word from some one who speak without thought because she, too, know not what it mean--what it _might_ mean
1661	The Adventures of Sherlock Holmes	Arthur Conan Doyle	That was the word the man uttered, and of which his son only caught the last two syllables
345	Dracula	Bram Stoker	He wishes me to convey his love, and to say that by this post I write for him to Mr
345	Dracula	Bram Stoker	Hawkins are busy all day; for, now that Jonathan is a partner, Mr
345	Dracula	Bram Stoker	I have a husband of my own, to whom I was married before I ever saw Dr
1342	Pride and Prejudice	Jane Austen	His words seemed to imply it
345	Dracula	Bram Stoker	Doubtless sympathy eased her somewhat, but she was very low in thought and spirit, and wept silently and weakly for a long time
345	Dracula	Bram Stoker	Just after I had taken my place I heard a distant clock strike twelve, and in time came one and two
1342	Pride and Prejudice	Jane Austen	Collins, in describing the civility of Mr
1342	Pride and Prejudice	Jane Austen	The tumult of her mind was now painfully great
1342	Pride and Prejudice	Jane Austen	Hurst was observing their game
1342	Pride and Prejudice	Jane Austen	It was spoken of again while they were at dinner, when Mr
345	Dracula	Bram Stoker	We have arranged that one of us is to stay within call of the unhappy pair till we can meet together and arrange about taking action
1661	The Adventures of Sherlock Holmes	Arthur Conan Doyle	It lay between that and her bedroom, and I was determined to see which
345	Dracula	Bram Stoker	Needless to add, I took care before leaving to lift, for ever and adequately, this source of reproach
345	Dracula	Bram Stoker	It is as if some haunting presence were removed from me
345	Dracula	Bram Stoker	The baying of the wolves sounded nearer and nearer, as though they were closing round on us from every side
345	Dracula	Bram Stoker	The habit of entering accurately must help to soothe me
345	Dracula	Bram Stoker	John Seward and of Lord Godalming (that was Arthur of Miss Lucy)
345	Dracula	Bram Stoker	I wish I could find out what it is
1661	The Adventures of Sherlock Holmes	Arthur Conan Doyle	Now, what do you think would happen if I did break it, Mr
345	Dracula	Bram Stoker	He ran back and saw his feet disappear through the window, and had at once sent up for me
345	Dracula	Bram Stoker	Poor, poor, dear Jonathan
1661	The Adventures of Sherlock Holmes	Arthur Conan Doyle	And in this letter you certainly have a very strong piece of evidence to corroborate your view
345	Dracula	Bram Stoker	Oh, if such an one was to come from God, and not the Devil, what a force for good might he not be in this old world of ours
1661	The Adventures of Sherlock Holmes	Arthur Conan Doyle	He would rather walk with me in the evening than in the daylight, for he said that he hated to be conspicuous
1342	Pride and Prejudice	Jane Austen	Collins, meanwhile, was meditating in solitude on what had passed
1342	Pride and Prejudice	Jane Austen	Nor was her respect for him, though it made her more quiet, at all likely to make her more elegant
345	Dracula	Bram Stoker	To-day is a grey day, and the sun as I write is hidden in thick clouds, high over Kettleness
345	Dracula	Bram Stoker	Boarded by Turkish Customs officers
345	Dracula	Bram Stoker	We all four went into the room, but none of the others at first said anything
1342	Pride and Prejudice	Jane Austen	Darcy, she moved again towards the gate
345	Dracula	Bram Stoker	Then, friend John, am I to take it that you simply accept fact, and are satisfied to let from premise to conclusion be a blank
345	Dracula	Bram Stoker	I could see his beneficent purpose, by the side glances which he threw from time to time at Harker
345	Dracula	Bram Stoker	But God is merciful and just, and knows your pain and your devotion to that dear Madam Mina
11	Alice's Adventures in Wonderland	Lewis Carroll	Would not, could not, would not, could not, would not join the dance
345	Dracula	Bram Stoker	He that can smile at death, as we know him; who can flourish in the midst of diseases that kill off whole peoples
345	Dracula	Bram Stoker	The moment it touched the stone the poor thing became quiet and fell all into a tremble
1661	The Adventures of Sherlock Holmes	Arthur Conan Doyle	He would get quite mad if I wanted so much as to join a Sunday-school treat
1342	Pride and Prejudice	Jane Austen	TOOKS COURT, CHANCERY LANE, LONDON
1342	Pride and Prejudice	Jane Austen	I shall send this by express, that no time may be lost in bringing me your answer
1342	Pride and Prejudice	Jane Austen	But I am particularly attached to these young men; and know them to be so much attached to me
1661	The Adventures of Sherlock Holmes	Arthur Conan Doyle	I dressed hurriedly, for I knew by experience that railway cases were seldom trivial, and hastened downstairs
345	Dracula	Bram Stoker	I know now what I would do if I were a man and wanted to make a girl love me
345	Dracula	Bram Stoker	At times she slept, and both Van Helsing and I noticed the difference in her, between sleeping and waking
345	Dracula	Bram Stoker	I am sure that there is something on her mind which the time of exact sunset will reveal
1342	Pride and Prejudice	Jane Austen	Darcy just deigned to return
345	Dracula	Bram Stoker	The coffin was empty
345	Dracula	Bram Stoker	It seems to me that the further east you go the more unpunctual are the trains
345	Dracula	Bram Stoker	You know that your safety is our solemnest duty
1661	The Adventures of Sherlock Holmes	Arthur Conan Doyle	In the road stood our horse and trap, with the half-clad stable-boy waiting at the head
1342	Pride and Prejudice	Jane Austen	I do assure you that the news does not affect me either with pleasure or pain
345	Dracula	Bram Stoker	It grew colder and colder still, and fine, powdery snow began to fall, so that soon we and all around us were covered with a white blanket
1342	Pride and Prejudice	Jane Austen	One ought not to repine; but, to be sure, it would have been such a thing for me
1342	Pride and Prejudice	Jane Austen	Society, I own, is necessary to me
1661	The Adventures of Sherlock Holmes	Arthur Conan Doyle	From my position I could look over the case in the direction of the floor
1342	Pride and Prejudice	Jane Austen	They were, therefore, to go
1342	Pride and Prejudice	Jane Austen	She had a sister married to a Mr
11	Alice's Adventures in Wonderland	Lewis Carroll	it was too late to wish that
1342	Pride and Prejudice	Jane Austen	Wickham did not play at whist, and with ready delight was he received at the other table between Elizabeth and Lydia
345	Dracula	Bram Stoker	Lucy this morning had gone back a bit
1342	Pride and Prejudice	Jane Austen	The rest of the evening brought her little amusement
345	Dracula	Bram Stoker	It is late, and my people are not available
345	Dracula	Bram Stoker	Like the first, he came off his watch and was not seen again
345	Dracula	Bram Stoker	There, that does me good
345	Dracula	Bram Stoker	She appeared to be looking over at our own seat, whereon was a dark figure seated alone
1661	The Adventures of Sherlock Holmes	Arthur Conan Doyle	Miss Irene, or Madame, rather, returns from her drive at seven
1661	The Adventures of Sherlock Holmes	Arthur Conan Doyle	And now let us hear a true account of the next act
345	Dracula	Bram Stoker	The general effect was one of extraordinary pallor
1342	Pride and Prejudice	Jane Austen	To the rest of the family they paid little attention; avoiding Mrs
1661	The Adventures of Sherlock Holmes	Arthur Conan Doyle	The blow has always fallen at the end of the time which it would take the senders to travel the distance
345	Dracula	Bram Stoker	The report was good; he had been quite quiet for the past day and night
1342	Pride and Prejudice	Jane Austen	This gallantry was not much to the taste of some of his hearers; but Mrs
345	Dracula	Bram Stoker	I noticed that the old men did not lose any time in coming up and sitting near her when we sat down
345	Dracula	Bram Stoker	When we had finished, Mrs
1661	The Adventures of Sherlock Holmes	Arthur Conan Doyle	I rang the bell and called for the weekly county paper, which contained a verbatim account of the inquest
345	Dracula	Bram Stoker	THREE proposals in one day
1342	Pride and Prejudice	Jane Austen	Widely different was the effect of a second perusal
1342	Pride and Prejudice	Jane Austen	But I ought to beg his pardon, for I have no right to suppose that Bingley was the person meant
1661	The Adventures of Sherlock Holmes	Arthur Conan Doyle	The money which my mother had left was enough for all our wants, and there seemed to be no obstacle to our happiness
1342	Pride and Prejudice	Jane Austen	I must have my share in the conversation, if you are speaking of music
345	Dracula	Bram Stoker	My dear, I must stop here at present, I feel so miserable, though I am so happy
345	Dracula	Bram Stoker	I felt an infinite pity for him, and opened my arms unthinkingly
345	Dracula	Bram Stoker	I descended, minding carefully where I went, for the stairs were dark, being only lit by loopholes in the heavy masonry
345	Dracula	Bram Stoker	Do you not know that to-night, when the clock strikes midnight, all the evil things in the world will have full sway
345	Dracula	Bram Stoker	One, two, three, all open their veins for her, besides one old man
1342	Pride and Prejudice	Jane Austen	You thought me then devoid of every proper feeling, I am sure you did
1342	Pride and Prejudice	Jane Austen	After pausing on this point a considerable while, she once more continued to read
345	Dracula	Bram Stoker	We kept on ascending, with occasional periods of quick descent, but in the main always ascending
345	Dracula	Bram Stoker	She looked heavy and sleepy and pale, and far from well
1342	Pride and Prejudice	Jane Austen	People _did_ say, you meant to quit the place entirely at Michaelmas; but, however, I hope it is not true
11	Alice's Adventures in Wonderland	Lewis Carroll	An enormous puppy was looking down at her with large round eyes, and feebly stretching out one paw, trying to touch her
1342	Pride and Prejudice	Jane Austen	Their brother, indeed, was the only one of the party whom she could regard with any complacency
345	Dracula	Bram Stoker	Bless me in your prayers; and, Mina, pray for my happiness
345	Dracula	Bram Stoker	Van Helsing opened his missal and began to read, and Quincey and I followed as well as we could
1342	Pride and Prejudice	Jane Austen	Collins, in return for his last
1661	The Adventures of Sherlock Holmes	Arthur Conan Doyle	There was a rush, a clatter upon the stairs, the bang of a door, and the crisp rattle of running footfalls from the street
1342	Pride and Prejudice	Jane Austen	Imagine our surprise
345	Dracula	Bram Stoker	We were afraid to think
345	Dracula	Bram Stoker	We have sworn together that it must not
345	Dracula	Bram Stoker	I dare not think further; for so I should in my thoughts dishonour a noble woman
1342	Pride and Prejudice	Jane Austen	[Illustration] Not all that Mrs
1661	The Adventures of Sherlock Holmes	Arthur Conan Doyle	Her gloves were greyish and were worn through at the right forefinger
345	Dracula	Bram Stoker	She had risen, as if impulsively, from where she lay on the sofa, and raised both her hands, palms upwards, as if lifting a weight
345	Dracula	Bram Stoker	Is there not more at stake for us than for him
345	Dracula	Bram Stoker	He opened it and read it gravely; then, with a charming smile, he handed it to me to read
1661	The Adventures of Sherlock Holmes	Arthur Conan Doyle	Holmes, that to me, destitute as I was, such an offer seemed almost too good to be true
1342	Pride and Prejudice	Jane Austen	How was that possible
345	Dracula	Bram Stoker	The Professor tried to keep our minds active by using them all the time
1661	The Adventures of Sherlock Holmes	Arthur Conan Doyle	He conceives an idea more creditable to his head than to his heart
345	Dracula	Bram Stoker	He was in sailing ship, since Madam Mina tell of sails being set
1661	The Adventures of Sherlock Holmes	Arthur Conan Doyle	But it is too heavy a task
1661	The Adventures of Sherlock Holmes	Arthur Conan Doyle	If I could only bring you down all would be well
1342	Pride and Prejudice	Jane Austen	But you know married women have never much time for writing
1661	The Adventures of Sherlock Holmes	Arthur Conan Doyle	Then, glancing quickly round, he straightened himself out and burst into a hearty fit of laughter
345	Dracula	Bram Stoker	God bless him for all his goodness to poor dear Mina and me
345	Dracula	Bram Stoker	Your time is not yet come
345	Dracula	Bram Stoker	The suit in which I had travelled was gone, and also my overcoat and rug; I could find no trace of them anywhere
345	Dracula	Bram Stoker	Then I began to notice that there were some quaint little specks floating in the rays of the moonlight
1342	Pride and Prejudice	Jane Austen	Why, Jane--you never dropped a word of this--you sly thing
345	Dracula	Bram Stoker	When I came back from the window Lucy had lain down again, and was sleeping peacefully
345	Dracula	Bram Stoker	I drew him away quietly, and he, holding my arm, came easily
345	Dracula	Bram Stoker	It was then time to start
1661	The Adventures of Sherlock Holmes	Arthur Conan Doyle	With his collar turned up, his shiny, seedy coat, his red cravat, and his worn boots, he was a perfect sample of the class
345	Dracula	Bram Stoker	He have always the strength in his hand of twenty men; even we four who gave our strength to Miss Lucy it also is all to him
1661	The Adventures of Sherlock Holmes	Arthur Conan Doyle	But it was essential that they should use it soon, as it might be discovered, or the bullion might be removed
345	Dracula	Bram Stoker	Westenra asked him to stay for supper
1661	The Adventures of Sherlock Holmes	Arthur Conan Doyle	He laughed very heartily, with a high, ringing note, leaning back in his chair and shaking his sides
1661	The Adventures of Sherlock Holmes	Arthur Conan Doyle	But I have heard, Mr
345	Dracula	Bram Stoker	His past is a clue, and the one page of it that we know--and that from his own lips--tells that once before, when in what Mr
345	Dracula	Bram Stoker	Her teeth, in the dim, uncertain light, seemed longer and sharper than they had been in the morning
1342	Pride and Prejudice	Jane Austen	Bennet was not so well pleased with it
1661	The Adventures of Sherlock Holmes	Arthur Conan Doyle	Then he did the same with the wood-work with which the chamber was panelled
11	Alice's Adventures in Wonderland	Lewis Carroll	No accounting for tastes
1342	Pride and Prejudice	Jane Austen	Do let the portraits of your uncle and aunt Philips be placed in the gallery at Pemberley
345	Dracula	Bram Stoker	If America can go on breeding men like that, she will be a power in the world indeed
345	Dracula	Bram Stoker	Then he raised his arms again, as though appealing to the whole universe
345	Dracula	Bram Stoker	I delayed this morning that so we might be sure
345	Dracula	Bram Stoker	In such case there would be no evidence against us, in case any suspicion of murder were aroused
1661	The Adventures of Sherlock Holmes	Arthur Conan Doyle	I then hurried forward, and found him standing by the pool
345	Dracula	Bram Stoker	Presently he got one to suit; after a little play back and forward the bolt yielded, and, with a rusty clang, shot back
345	Dracula	Bram Stoker	I tried to keep her amused and interested
345	Dracula	Bram Stoker	The idea of _my_ being jealous about Jonathan
1342	Pride and Prejudice	Jane Austen	The one mis-sent must be first attended to; it had been written five days ago
345	Dracula	Bram Stoker	In his pocket was a bottle, carefully corked, empty save for a little roll of paper, which proved to be the addendum to the log
345	Dracula	Bram Stoker	Van Helsing had gone down to the room below they had found Renfield lying on the floor, all in a heap
1342	Pride and Prejudice	Jane Austen	But while he was mortal, there must be a triumph
1661	The Adventures of Sherlock Holmes	Arthur Conan Doyle	Then I went into the back yard and smoked a pipe and wondered what it would be best to do
345	Dracula	Bram Stoker	As for this little one, he is not much harm, and by to-morrow night he shall be well
1661	The Adventures of Sherlock Holmes	Arthur Conan Doyle	And then, as a second thought, why should she come at all
1342	Pride and Prejudice	Jane Austen	Darcy could be so unworthy of Mr
1342	Pride and Prejudice	Jane Austen	I will speak to her about it myself directly
1342	Pride and Prejudice	Jane Austen	Gardiner was standing a little behind; and on her pausing, he asked her if she would do him the honour of introducing him to her friends
1661	The Adventures of Sherlock Holmes	Arthur Conan Doyle	A short railway journey and a shorter walk brought us to Fairbank, the modest residence of the great financier
345	Dracula	Bram Stoker	It is better to wait till we see the Professor and the others after their investigations
1342	Pride and Prejudice	Jane Austen	Elizabeth took an opportunity of thanking her
1661	The Adventures of Sherlock Holmes	Arthur Conan Doyle	In the case of Pondicherry, seven weeks elapsed between the threat and its fulfilment, in Dundee it was only some three or four days
345	Dracula	Bram Stoker	I saw something like them in Hampton Court, but there they were worn and frayed and moth-eaten
1661	The Adventures of Sherlock Holmes	Arthur Conan Doyle	I should not be very much surprised if this were he whose step I hear now upon the stair
1342	Pride and Prejudice	Jane Austen	Bennet, more than once, as if the credit of making it rain were all her own
345	Dracula	Bram Stoker	He will have paper that he write on; he will have his book of cheques
1661	The Adventures of Sherlock Holmes	Arthur Conan Doyle	And now you see the deadly urgency of this new case, and why I urged young Openshaw to caution
1342	Pride and Prejudice	Jane Austen	Pray make my excuses to Pratt for not keeping my engagement, and dancing with him to-night
1342	Pride and Prejudice	Jane Austen	[Illustration] Instead of receiving any such letter of excuse from his friend, as Elizabeth half expected Mr
1342	Pride and Prejudice	Jane Austen	His brother-in-law, Mr
1661	The Adventures of Sherlock Holmes	Arthur Conan Doyle	Four or five minutes afterwards the sitting-room window will open
345	Dracula	Bram Stoker	He seems to have power at these particular moments to simply will, and her thoughts obey him
1661	The Adventures of Sherlock Holmes	Arthur Conan Doyle	There will probably be some small unpleasantness
345	Dracula	Bram Stoker	I called to them, and they came in, and when they saw what had happened, and what it was that lay over me on the bed, they screamed out
1342	Pride and Prejudice	Jane Austen	She has been allowed to dispose of her time in the most idle and frivolous manner, and to adopt any opinions that came in her way
345	Dracula	Bram Stoker	As I learned from the researches of my friend Arminus of Buda-Pesth, he was in life a most wonderful man
345	Dracula	Bram Stoker	I have worshipped You long and afar off
345	Dracula	Bram Stoker	He took the key, opened the vault, and again courteously motioned me to precede
1661	The Adventures of Sherlock Holmes	Arthur Conan Doyle	One day, however, as I ascended the stair, I met Mr
1342	Pride and Prejudice	Jane Austen	You may imagine what I felt and how I acted
11	Alice's Adventures in Wonderland	Lewis Carroll	This is the driest thing I know
1342	Pride and Prejudice	Jane Austen	Darcy, by coming in all this state to hear me
1342	Pride and Prejudice	Jane Austen	how ashamed I should be of not being married before three-and-twenty
345	Dracula	Bram Stoker	I shall entreat two others, two that you know not as yet; and I shall be ready to all our work show and our plans unfold
1342	Pride and Prejudice	Jane Austen	Hurst called them to order, with bitter complaints of their inattention to what was going forward
345	Dracula	Bram Stoker	God forgive me if I do wrong
1661	The Adventures of Sherlock Holmes	Arthur Conan Doyle	But I must owe something
345	Dracula	Bram Stoker	I put back the clothes from my face, and found, to my surprise, that all was dim around
1661	The Adventures of Sherlock Holmes	Arthur Conan Doyle	It came right over the forehead and settled upon the bridge of his nose
1661	The Adventures of Sherlock Holmes	Arthur Conan Doyle	One day he had met me, and fell into talk about the ways of thieves, and how they could get rid of what they stole
1342	Pride and Prejudice	Jane Austen	Hurst and Miss Bingley; and Elizabeth was convinced that they held her in contempt for it
1661	The Adventures of Sherlock Holmes	Arthur Conan Doyle	Both could be saved if I could but silence that foul tongue
1342	Pride and Prejudice	Jane Austen	Long and the Gouldings soon
1661	The Adventures of Sherlock Holmes	Arthur Conan Doyle	Simon alone, and so we came right away round to his rooms at once
345	Dracula	Bram Stoker	He rushed up to me and took me by both hands
345	Dracula	Bram Stoker	He had a dinner-knife in his hand, and, as I saw he was dangerous, I tried to keep the table between us
345	Dracula	Bram Stoker	The fair girl advanced and bent over me till I could feel the movement of her breath upon me
1342	Pride and Prejudice	Jane Austen	I hope you will drink to our good journey
345	Dracula	Bram Stoker	Without a word he shook his reins, the horses turned, and we swept into the darkness of the Pass
345	Dracula	Bram Stoker	But we are face to face with duty; and in such case must we shrink
345	Dracula	Bram Stoker	I found him, to my astonishment, quite composed and most genial in his manner
1661	The Adventures of Sherlock Holmes	Arthur Conan Doyle	A few yards off he stopped under a lamp-post and laughed in the hearty, noiseless fashion which was peculiar to him
1342	Pride and Prejudice	Jane Austen	Darcy, she saw, on looking up, that Colonel Fitzwilliam was meeting her
345	Dracula	Bram Stoker	Somehow I felt glad that Jonathan was not on the sea last night, but on land
345	Dracula	Bram Stoker	You will give me your hand, will you not
1342	Pride and Prejudice	Jane Austen	how acutely did she now feel it
345	Dracula	Bram Stoker	A house cannot be made habitable in a day; and, after all, how few days go to make up a century
1342	Pride and Prejudice	Jane Austen	Bingley, whose blind partiality provoked her
345	Dracula	Bram Stoker	The Count, if you remember, took some other precautions; he made some requisitions on others that Mrs
345	Dracula	Bram Stoker	_25 September._--I cannot help feeling terribly excited as the time draws near for the visit of Dr
1342	Pride and Prejudice	Jane Austen	Miss Bingley warmly resented the indignity he had received, in an expostulation with her brother for talking such nonsense
345	Dracula	Bram Stoker	There we find that only one Black-Sea-bound ship go out with the tide
345	Dracula	Bram Stoker	He might kill me, but death now seemed the happier choice of evils
1661	The Adventures of Sherlock Holmes	Arthur Conan Doyle	I slipped in in safety and lay awake half the night in my joy at the thought of seeing you
345	Dracula	Bram Stoker	Arthur was silent, and was, I could see, striving to grasp the purpose and the inner meaning of the mystery
1342	Pride and Prejudice	Jane Austen	He did everything best in the world; and she was sure he would kill more birds on the first of September than anybody else in the country
345	Dracula	Bram Stoker	And so I slept uneasily and thought
345	Dracula	Bram Stoker	It is a wild adventure we are on
1661	The Adventures of Sherlock Holmes	Arthur Conan Doyle	But look at these lonely houses, each in its own fields, filled for the most part with poor ignorant folk who know little of the law
345	Dracula	Bram Stoker	Seward, tell me all about it
345	Dracula	Bram Stoker	We are evidently in good time, and when we hear of the _Czarina Catherine_ we shall be ready
1342	Pride and Prejudice	Jane Austen	These recollections will not do at all
1342	Pride and Prejudice	Jane Austen	Forster to Meryton, from whence they were to set out early the next morning
345	Dracula	Bram Stoker	And so it is that we are travelling towards Galatz in an agony of expectation
1661	The Adventures of Sherlock Holmes	Arthur Conan Doyle	My doctor says it is a question whether I shall live a month
1342	Pride and Prejudice	Jane Austen	Was it merely to ride to Longbourn and be embarrassed
1342	Pride and Prejudice	Jane Austen	But on the following morning every hope of this kind was done away
345	Dracula	Bram Stoker	Let all be put down exactly
345	Dracula	Bram Stoker	Van Helsing is the man to unmask him and hunt him out, if he is anything like what Mina says
1661	The Adventures of Sherlock Holmes	Arthur Conan Doyle	Just as he finished, however, we drove through two scattered villages, where a few lights still glimmered in the windows
1342	Pride and Prejudice	Jane Austen	Darcy was delighted with their engagement; his friend had given him the earliest information of it
1342	Pride and Prejudice	Jane Austen	Annesley to Miss Darcy had been given, to remind her of her post
1661	The Adventures of Sherlock Holmes	Arthur Conan Doyle	The very first key fitted to perfection, and I drew the drawer open
1342	Pride and Prejudice	Jane Austen	There is so much of gratitude or vanity in almost every attachment, that it is not safe to leave any to itself
1342	Pride and Prejudice	Jane Austen	She supposed, if he meant anything, he must mean an allusion to what might arise in that quarter
1661	The Adventures of Sherlock Holmes	Arthur Conan Doyle	You look at these scattered houses, and you are impressed by their beauty
1342	Pride and Prejudice	Jane Austen	We _will_ know where we have gone--we _will_ recollect what we have seen
1342	Pride and Prejudice	Jane Austen	If they believed him attached to me they would not try to part us; if he were so, they could not succeed
345	Dracula	Bram Stoker	How good it is of you to be here
1342	Pride and Prejudice	Jane Austen	and for _this_ we are to be thankful
345	Dracula	Bram Stoker	But the thin man did not be offend, and went down with the mate and saw where it was place, and came up and stood awhile on deck in fog
1342	Pride and Prejudice	Jane Austen	Miss Lucas is married and settled: and one of my own daughters
345	Dracula	Bram Stoker	What manner of man is this, or what manner of creature is it in the semblance of man
1661	The Adventures of Sherlock Holmes	Arthur Conan Doyle	Boots had then run down the lane, and another little smudge of blood showed that it was he who had been hurt
1661	The Adventures of Sherlock Holmes	Arthur Conan Doyle	There must have been several in it, and they must have been men of resource and determination
345	Dracula	Bram Stoker	To-day is our day, and we must go sure, if slow, and lose no chance
345	Dracula	Bram Stoker	I am beginning to feel this nocturnal existence tell on me
1342	Pride and Prejudice	Jane Austen	and having to relate such a thing of his sister
1661	The Adventures of Sherlock Holmes	Arthur Conan Doyle	The point is, have you or have you not the bearing and deportment of a lady
1661	The Adventures of Sherlock Holmes	Arthur Conan Doyle	She laid her little bundle of papers upon the table and went her way, with a promise to come again whenever she might be summoned
1661	The Adventures of Sherlock Holmes	Arthur Conan Doyle	She is swift in making up her mind and fearless in carrying out her resolutions
345	Dracula	Bram Stoker	Rushing over to the great iron-bound oaken door, which Dr
1342	Pride and Prejudice	Jane Austen	Bennet the compliment of requesting you to interpose your authority in my behalf
345	Dracula	Bram Stoker	Every instant seemed an age whilst we waited
345	Dracula	Bram Stoker	I know the secret now
1342	Pride and Prejudice	Jane Austen	After breakfast, the girls walked to Meryton, to inquire if Mr
1342	Pride and Prejudice	Jane Austen	The reason why all this was to be done by him alone, was such as I have given above
345	Dracula	Bram Stoker	But this is a way slang has
1661	The Adventures of Sherlock Holmes	Arthur Conan Doyle	The crate upon which I sit contains 2,000 napoleons packed between layers of lead foil
1661	The Adventures of Sherlock Holmes	Arthur Conan Doyle	I suppose there would be no chance of a train back
345	Dracula	Bram Stoker	I felt the same vague terror which had come to me before and the same sense of some presence
345	Dracula	Bram Stoker	When he saw her, Arthur was simply choking with emotion, and none of us could speak
345	Dracula	Bram Stoker	I look down and find Madam Mina still sleep
345	Dracula	Bram Stoker	Then without a word we all knelt down together, and, all holding hands, swore to be true to each other
345	Dracula	Bram Stoker	My brain seemed to become cool again, and I realised where I was
1661	The Adventures of Sherlock Holmes	Arthur Conan Doyle	I thought of the agonies I had gone through in coming from the hotel
345	Dracula	Bram Stoker	Never did I see such baffled malice on a face; and never, I trust, shall such ever be seen again by mortal eyes
345	Dracula	Bram Stoker	I watched them with a sense of soothing, and a sort of calm stole over me
1661	The Adventures of Sherlock Holmes	Arthur Conan Doyle	Fresh scandals have eclipsed it, and their more piquant details have drawn the gossips away from this four-year-old drama
1661	The Adventures of Sherlock Holmes	Arthur Conan Doyle	The manor-house is, as I have already said, very old, and only one wing is now inhabited
1342	Pride and Prejudice	Jane Austen	When that business was over, he applied to Miss Bingley and Elizabeth for the indulgence of some music
345	Dracula	Bram Stoker	We Transylvanian nobles love not to think that our bones may lie amongst the common dead
345	Dracula	Bram Stoker	There seemed a strange stillness over everything; but as I listened I heard as if from down below in the valley the howling of many wolves
345	Dracula	Bram Stoker	He is not now eating them, but putting them into a box, as of old, and is already examining the corners of his room to find a spider
345	Dracula	Bram Stoker	Lucy was looking sweetly pretty in her white lawn frock; she has got a beautiful colour since she has been here
1342	Pride and Prejudice	Jane Austen	It is a great comfort to have you so rich; and when you have nothing else to do, I hope you will think of us
345	Dracula	Bram Stoker	She lay like a sleeping child for a few moments, and then, with a long sigh, awoke and stared in wonder to see us all around her
1342	Pride and Prejudice	Jane Austen	Elizabeth, equally next to Jane in birth and beauty, succeeded her of course
1661	The Adventures of Sherlock Holmes	Arthur Conan Doyle	My groom and my page sleep out of the house, and may be set aside altogether
1661	The Adventures of Sherlock Holmes	Arthur Conan Doyle	I leave a photograph which he might care to possess; and I remain, dear Mr
345	Dracula	Bram Stoker	Could you look, sir, into my heart, you would approve to the full the sentiments which animate me
1661	The Adventures of Sherlock Holmes	Arthur Conan Doyle	It was instantly opened by a bright-looking, clean-shaven young fellow, who asked him to step in
345	Dracula	Bram Stoker	His request was that I would at once release him from the asylum and send him home
1342	Pride and Prejudice	Jane Austen	I never meant to deceive you, but my spirits might often lead me wrong
345	Dracula	Bram Stoker	I could hear the tears in his voice
345	Dracula	Bram Stoker	The time seemed endless until sleep began to flicker in her eyelids
1342	Pride and Prejudice	Jane Austen	You may possibly wonder why all this was not told you last night
345	Dracula	Bram Stoker	They were both silent, but the Professor started and quivered; his face, however, grew grimmer and sterner still
1342	Pride and Prejudice	Jane Austen	The whole family in short were properly overjoyed on the occasion
1342	Pride and Prejudice	Jane Austen	She began now to comprehend that he was exactly the man who, in disposition and talents, would most suit her
1661	The Adventures of Sherlock Holmes	Arthur Conan Doyle	Gone was the coarse brown tint
1661	The Adventures of Sherlock Holmes	Arthur Conan Doyle	But there is, if you will excuse my saying so, something just a little funny about it
345	Dracula	Bram Stoker	The whole place was becoming alive with rats
345	Dracula	Bram Stoker	Mina and I fear to be idle, so we have been over all the diaries again and again
345	Dracula	Bram Stoker	For if they did not, our little expedition could not start, either so promptly or so well equipped, as it will within another hour
1342	Pride and Prejudice	Jane Austen	As it happened that Elizabeth had much rather not, she endeavoured in her answer to put an end to every entreaty and expectation of the kind
345	Dracula	Bram Stoker	The storm was fearful, and as it boomed loudly among the chimney-pots, it made me shudder
1342	Pride and Prejudice	Jane Austen	I was ready to die of laughter
345	Dracula	Bram Stoker	Just before the stroke of noon he began to grow restless
345	Dracula	Bram Stoker	It was immediately opened by Quincey Morris, beside whom stood Lord Godalming lighting a cigar
1342	Pride and Prejudice	Jane Austen	I hope I never ridicule what is wise or good
345	Dracula	Bram Stoker	There was no resisting them, and we wept openly
345	Dracula	Bram Stoker	We waited patiently as we saw the workman come out and bring in his bag
1342	Pride and Prejudice	Jane Austen	Her affections had been continually fluctuating, but never without an object
1342	Pride and Prejudice	Jane Austen	Collins might never make the offer, and, till he did, it was useless to quarrel about him
1342	Pride and Prejudice	Jane Austen	But if _we_ do not venture, somebody else will; and after all, Mrs
1661	The Adventures of Sherlock Holmes	Arthur Conan Doyle	Then, after we had sat down for ten minutes or so, she rose hurriedly, muttered some words of apology, and left the room
345	Dracula	Bram Stoker	I would not hear it of you; and I shall not hear it from you
1661	The Adventures of Sherlock Holmes	Arthur Conan Doyle	You did not know where to look, and so you missed all that was important
345	Dracula	Bram Stoker	But there was a difficulty, friend John
345	Dracula	Bram Stoker	My face is ghastly pale, and my throat pains me
345	Dracula	Bram Stoker	The young curate came in, however, and Mrs
1661	The Adventures of Sherlock Holmes	Arthur Conan Doyle	Simon sank into a chair and passed his hand over his forehead
1342	Pride and Prejudice	Jane Austen	With astonishment did Elizabeth see that her new acquaintance was at least as much embarrassed as herself
345	Dracula	Bram Stoker	I could do nothing, however, so I plucked up what heart I could and said that we had better hasten, as the afternoon was passing
345	Dracula	Bram Stoker	We waited in a suspense that made the seconds pass with nightmare slowness
345	Dracula	Bram Stoker	Hawkins in secret, and also to Mina, for to her I could write in shorthand, which would puzzle the Count, if he did see it
1342	Pride and Prejudice	Jane Austen	He certainly looked at her friend a great deal, but the expression of that look was disputable
345	Dracula	Bram Stoker	I saw him come out on deck again with a tool-chest and a lantern, and go down the forward hatchway
345	Dracula	Bram Stoker	Jonathan and I have been working day and night since Professor Van Helsing saw us
1342	Pride and Prejudice	Jane Austen	Elizabeth was not comfortable; that was impossible; but she was flattered and pleased
345	Dracula	Bram Stoker	Nothing seemed to stop or even to hinder them
1342	Pride and Prejudice	Jane Austen	If he had been so very agreeable, he would have talked to Mrs
1342	Pride and Prejudice	Jane Austen	He promises fairly; and I hope among different people, where they may each have a character to preserve, they will both be more prudent
1342	Pride and Prejudice	Jane Austen	But that is one great difference between us
345	Dracula	Bram Stoker	I have sent a telegram to Jonathan to come on here when he arrives in London from Whitby
1342	Pride and Prejudice	Jane Austen	At night she opened her heart to Jane
1342	Pride and Prejudice	Jane Austen	It originated in Mrs
1342	Pride and Prejudice	Jane Austen	Bennet wondered at their coming, and thought them very wrong to give so much trouble, and was sure Jane would have caught cold again
1342	Pride and Prejudice	Jane Austen	I am glad of one thing, that he comes alone; because we shall see the less of him
1342	Pride and Prejudice	Jane Austen	I knew how it would be
1342	Pride and Prejudice	Jane Austen	Elizabeth, on her side, had much to do
345	Dracula	Bram Stoker	Believe me, we are now on the verge of one
1342	Pride and Prejudice	Jane Austen	Collins, but likewise by Lady Catherine and her daughter, to whom I have related the affair
1661	The Adventures of Sherlock Holmes	Arthur Conan Doyle	Your duties, as far as the child is concerned, are very light
345	Dracula	Bram Stoker	I looked up at the Professor and caught his eyes fixed on mine
1661	The Adventures of Sherlock Holmes	Arthur Conan Doyle	The streaming umbrella which he held in his hand, and his long shining waterproof told of the fierce weather through which he had come
345	Dracula	Bram Stoker	Night._--I am writing this in the light from the furnace door of the steam launch: Lord Godalming is firing up
1342	Pride and Prejudice	Jane Austen	Two of her girls had been on the point of marriage, and after all there was nothing in it
345	Dracula	Bram Stoker	Each moment I expected to see the glare of lamps through the blackness; but all was dark
1342	Pride and Prejudice	Jane Austen	You shall not defend her, though it is Charlotte Lucas
1661	The Adventures of Sherlock Holmes	Arthur Conan Doyle	I laid the two tresses together, and I assure you that they were identical
1342	Pride and Prejudice	Jane Austen	When, after examining the mother, in whose countenance and deportment she soon found some resemblance of Mr
1342	Pride and Prejudice	Jane Austen	From what can it proceed
345	Dracula	Bram Stoker	Friend John, when I turn the handle, if the door does not open, do you put your shoulder down and shove; and you too, my friends
345	Dracula	Bram Stoker	They are peculiar to this part of the world, though allied to the ordinary gipsies all the world over
1661	The Adventures of Sherlock Holmes	Arthur Conan Doyle	They were all three standing in a knot in front of the altar
345	Dracula	Bram Stoker	She then rose and dried her eyes, and taking a crucifix from her neck offered it to me
1342	Pride and Prejudice	Jane Austen	They were not the only objects of Mr
345	Dracula	Bram Stoker	What mercy he shall get from us will not count for much
1661	The Adventures of Sherlock Holmes	Arthur Conan Doyle	The sleeper half turned, and then settled down once more into a deep slumber
1342	Pride and Prejudice	Jane Austen	I came to you without a doubt of my reception
1342	Pride and Prejudice	Jane Austen	For though your accusations were ill-founded, formed on mistaken premises, my behaviour to you at the time had merited the severest reproof
1342	Pride and Prejudice	Jane Austen	I cannot understand it
1342	Pride and Prejudice	Jane Austen	When Lady Catherine and her daughter had played as long as they chose, the tables were broken up, the carriage was offered to Mrs
1661	The Adventures of Sherlock Holmes	Arthur Conan Doyle	As I descended, my old ally, the guard, came out of the room and closed the door tightly behind him
1661	The Adventures of Sherlock Holmes	Arthur Conan Doyle	Westaway was the name of the founder of the business, but it is really managed by Miss Stoper
345	Dracula	Bram Stoker	I want to think and I cannot think freely when my body is confined
345	Dracula	Bram Stoker	Morris was looking steadily at the window, and he now got up quietly, and went out of the room
1661	The Adventures of Sherlock Holmes	Arthur Conan Doyle	It is quite too transparent, and it was a very bad compliment when you said that it was impossible for me to solve so simple a question
345	Dracula	Bram Stoker	A second less and the trenchant blade had shorne through his heart
345	Dracula	Bram Stoker	What he has been saying was, under the circumstances, of absorbing interest
345	Dracula	Bram Stoker	And yet it is this very obliquity of thought and memory which makes mental disease such a fascinating study
1661	The Adventures of Sherlock Holmes	Arthur Conan Doyle	Then he suddenly rolled them all into a gigantic ball and tossed them up onto the rack
345	Dracula	Bram Stoker	And yet the feeling was not so strong as I had expected
1342	Pride and Prejudice	Jane Austen	In a few minutes, Mrs
1661	The Adventures of Sherlock Holmes	Arthur Conan Doyle	There he was, sitting with a newly opened envelope in one hand and five dried orange pips in the outstretched palm of the other one
345	Dracula	Bram Stoker	When I came in he cleared the books and papers from the table; and with him I went into plans and deeds and figures of all sorts
1342	Pride and Prejudice	Jane Austen	Gardiner himself did not expect any success from this measure; but as his brother was eager in it, he meant to assist him in pursuing it
1661	The Adventures of Sherlock Holmes	Arthur Conan Doyle	I took advantage now of my attainments
345	Dracula	Bram Stoker	This we shall fasten, for when it is there none can emerge; so at least says the superstition
345	Dracula	Bram Stoker	The _nosferatu_ do not die like the bee when he sting once
1342	Pride and Prejudice	Jane Austen	Bennet, accompanied by her two youngest girls, reached Netherfield soon after the family breakfast
1342	Pride and Prejudice	Jane Austen	Mary, however, continued to console herself with such kind of moral extractions from the evil before them
1661	The Adventures of Sherlock Holmes	Arthur Conan Doyle	There was an old clock ticking loudly somewhere in the passage, but otherwise everything was deadly still
1342	Pride and Prejudice	Jane Austen	But, Lizzy, this must go no further than yourself, or Jane at most
1342	Pride and Prejudice	Jane Austen	What an agreeable man Sir William is, Mr
345	Dracula	Bram Stoker	We were all silent; we could do nothing
1342	Pride and Prejudice	Jane Austen	Collins, all praise of me will be unnecessary
1661	The Adventures of Sherlock Holmes	Arthur Conan Doyle	Besides, remember that she had resolved to use it within a few days
345	Dracula	Bram Stoker	But if there be some missing, we must search until we find them
1661	The Adventures of Sherlock Holmes	Arthur Conan Doyle	He beckoned to me and then began walking into the Park
1342	Pride and Prejudice	Jane Austen	It gave her all the animation that her spirits could boast; for she was in no cheerful humour
1661	The Adventures of Sherlock Holmes	Arthur Conan Doyle	Having taken the printed description
1661	The Adventures of Sherlock Holmes	Arthur Conan Doyle	I may tell you that, besides Mr
1342	Pride and Prejudice	Jane Austen	I have not been accustomed to such language as this
1661	The Adventures of Sherlock Holmes	Arthur Conan Doyle	Holmes walked slowly up and down the ill-trimmed lawn and examined with deep attention the outsides of the windows
1342	Pride and Prejudice	Jane Austen	His behaviour to us has, in every respect, been as pleasing as when we were in Derbyshire
1342	Pride and Prejudice	Jane Austen	I never saw such a long chin in my life
1661	The Adventures of Sherlock Holmes	Arthur Conan Doyle	I am not a very heavy sleeper, and the anxiety in my mind tended, no doubt, to make me even less so than usual
1661	The Adventures of Sherlock Holmes	Arthur Conan Doyle	There is no communication between them, but they all open out into the same corridor
1342	Pride and Prejudice	Jane Austen	Her face is too thin; her complexion has no brilliancy; and her features are not at all handsome
345	Dracula	Bram Stoker	Everything is, however, now reopened; and what is to be the end God only knows
345	Dracula	Bram Stoker	Mina appeared not to see them
1342	Pride and Prejudice	Jane Austen	On the contrary, she was as much disposed to complain of it as her husband
345	Dracula	Bram Stoker	Madam still sleep, and she look in her sleep more healthy and more redder than before
1342	Pride and Prejudice	Jane Austen	An union of a different tendency, and precluding the possibility of the other, was soon to be formed in their family
1342	Pride and Prejudice	Jane Austen	They battled it together for a long time, which was more than either the gentleman or lady concerned in it deserved
1342	Pride and Prejudice	Jane Austen	To this discovery succeeded some others equally mortifying
345	Dracula	Bram Stoker	I am daze, I am dazzle, with so much light, and yet clouds roll in behind the light every time
1661	The Adventures of Sherlock Holmes	Arthur Conan Doyle	The name was strange to him
1661	The Adventures of Sherlock Holmes	Arthur Conan Doyle	Rucastle seemed to me to be colourless in mind as well as in feature
345	Dracula	Bram Stoker	For we are going up, and up; and all is oh
1342	Pride and Prejudice	Jane Austen	Gardiner and her niece, however, did her justice, and pitied her
1661	The Adventures of Sherlock Holmes	Arthur Conan Doyle	As I came down the stairs I saw Mary herself at the side window of the hall, which she closed and fastened as I approached
1661	The Adventures of Sherlock Holmes	Arthur Conan Doyle	To Sherlock Holmes she is always _the_ woman
1342	Pride and Prejudice	Jane Austen	She had also to anticipate how her visit would pass, the quiet tenour of their usual employments, the vexatious interruptions of Mr
1342	Pride and Prejudice	Jane Austen	It distressed her a little, and she was quite glad to find herself at the gate in the pales opposite the Parsonage
345	Dracula	Bram Stoker	I have to lift her up, and place her sleeping in the carriage when I have harnessed the horses and made all ready
345	Dracula	Bram Stoker	He told me how dear I was to him, though he had known me so little, and what his life would be with me to help and cheer him
1342	Pride and Prejudice	Jane Austen	I longed to know whether he would be married in his blue coat
1342	Pride and Prejudice	Jane Austen	I am very, very sorry
1342	Pride and Prejudice	Jane Austen	Arguments are too much like disputes
345	Dracula	Bram Stoker	I was too cold and too sleepy to be keenly observant, and not sleepy enough to betray my trust so altogether I had a dreary, miserable time
345	Dracula	Bram Stoker	I duly relieved Van Helsing in his watch over Lucy
345	Dracula	Bram Stoker	Men are more tolerant, bless them
1661	The Adventures of Sherlock Holmes	Arthur Conan Doyle	If so, how terrible would be the position in which I should find myself
345	Dracula	Bram Stoker	My heart beat so loud all the time that sometimes I thought I should faint
345	Dracula	Bram Stoker	I do hope the dear fellow will take care of himself, and that nothing will occur to upset him
1342	Pride and Prejudice	Jane Austen	Nothing could be more delightful
1661	The Adventures of Sherlock Holmes	Arthur Conan Doyle	I marked the spot upon my own head
345	Dracula	Bram Stoker	Knowing of the increasing difficulty of procuring the hypnotic trance, Van Helsing began his passes earlier than usual
345	Dracula	Bram Stoker	He throws no shadow; he make in the mirror no reflect, as again Jonathan observe
1342	Pride and Prejudice	Jane Austen	Elizabeth accepted their company, and the three young ladies set off together
1342	Pride and Prejudice	Jane Austen	But it was her business to be satisfied--and certainly her temper to be happy; and all was soon right again
345	Dracula	Bram Stoker	Poor girl, she has so much to forget that it is no wonder that sleep, if it brings oblivion to her, does her good
345	Dracula	Bram Stoker	I try to cheer him up, and _my_ belief in _him_ helps him to have a belief in himself
1342	Pride and Prejudice	Jane Austen	I am not so selfish, however, as to press for it, if inconvenient
345	Dracula	Bram Stoker	Tell them to take off the strait-waistcoat
345	Dracula	Bram Stoker	The folk here hold almost universally that the captain is simply a hero, and he is to be given a public funeral
1661	The Adventures of Sherlock Holmes	Arthur Conan Doyle	It is a perfectly overpowering impulse, and I have more than once taken advantage of it
345	Dracula	Bram Stoker	How then are we to begin our strike to destroy him
345	Dracula	Bram Stoker	I shall finish my round of work and we shall meet to-night
1661	The Adventures of Sherlock Holmes	Arthur Conan Doyle	Holmes, I met him twice for walks, but after that father came back again, and Mr
1661	The Adventures of Sherlock Holmes	Arthur Conan Doyle	I fainted when it was done, and I think that I must have been senseless for a long time
1661	The Adventures of Sherlock Holmes	Arthur Conan Doyle	In a hundred other ways he has helped him
1342	Pride and Prejudice	Jane Austen	You could not have started a more happy idea, since you will not take comfort in mine: believe her to be deceived, by all means
1342	Pride and Prejudice	Jane Austen	Her thoughts were instantly driven back to the time when Mr
1661	The Adventures of Sherlock Holmes	Arthur Conan Doyle	You heard him yourselves to-night
345	Dracula	Bram Stoker	I start at my own shadow, and am full of all sorts of horrible imaginings
1342	Pride and Prejudice	Jane Austen	At length there was nothing more to be said; the ladies drove on, and the others returned into the house
1342	Pride and Prejudice	Jane Austen	No thanks to his gallantry for that
1661	The Adventures of Sherlock Holmes	Arthur Conan Doyle	The Adventure of the Beryl Coronet XII
1342	Pride and Prejudice	Jane Austen	It makes me very nervous and poorly, to be thwarted so in my own family, and to have neighbours who think of themselves before anybody else
1661	The Adventures of Sherlock Holmes	Arthur Conan Doyle	I did not know what to do
11	Alice's Adventures in Wonderland	Lewis Carroll	There was a dead silence
1661	The Adventures of Sherlock Holmes	Arthur Conan Doyle	I only quote this as a trivial example of observation and inference
345	Dracula	Bram Stoker	I called to the attendants to follow me, and ran after him, for I feared he was intent on some mischief
1661	The Adventures of Sherlock Holmes	Arthur Conan Doyle	Simon very mercifully and thank our stars that we are never likely to find ourselves in the same position
1342	Pride and Prejudice	Jane Austen	But in matters of greater weight, I may suffer from the want of money
345	Dracula	Bram Stoker	I have no doubt that he believes it all
1661	The Adventures of Sherlock Holmes	Arthur Conan Doyle	He had evidently been carried down by two persons, one of whom had remarkably small feet and the other unusually large ones
1342	Pride and Prejudice	Jane Austen	How much sooner one tires of anything than of a book
345	Dracula	Bram Stoker	You know I have had brain fever, and that is to be mad
345	Dracula	Bram Stoker	And there may be more times when I shall want you to trust when you cannot--and may not--and must not yet understand
1661	The Adventures of Sherlock Holmes	Arthur Conan Doyle	Hudson has had the good sense to light the fire
1342	Pride and Prejudice	Jane Austen	Not Lydia only, but all were concerned in it; and after the first exclamations of surprise and horror, Mr
345	Dracula	Bram Stoker	I saw in his eyes something of that gathering wrath which was manifest when he hurled that fair woman from him
345	Dracula	Bram Stoker	It is destroying my nerve
1342	Pride and Prejudice	Jane Austen	Such squeamish youths as cannot bear to be connected with a little absurdity are not worth a regret
1342	Pride and Prejudice	Jane Austen	He can have nothing to say to me that anybody need not hear
1342	Pride and Prejudice	Jane Austen	Her daughters were eagerly called to partake of her joy
1342	Pride and Prejudice	Jane Austen	On this subject I have nothing more to say, no other apology to offer
345	Dracula	Bram Stoker	M., on 1st May, arriving at Vienna early next morning; should have arrived at 6:46, but train was an hour late
1342	Pride and Prejudice	Jane Austen	Upon this signal, the youngest of her daughters put herself forward
1342	Pride and Prejudice	Jane Austen	They were more disturbed, more unequal, than she had often seen them
345	Dracula	Bram Stoker	I cannot carry one arm that the rest do; the scar on my forehead forbids that
1342	Pride and Prejudice	Jane Austen	You are charmingly grouped, and appear to uncommon advantage
345	Dracula	Bram Stoker	I know where my thoughts are
345	Dracula	Bram Stoker	You had better go your round, and Dr
1342	Pride and Prejudice	Jane Austen	They were in ---- Street
345	Dracula	Bram Stoker	When we met together, the first thing was to consult as to taking Mina again into our confidence
345	Dracula	Bram Stoker	I wonder where Jonathan is and if he is thinking of me
1661	The Adventures of Sherlock Holmes	Arthur Conan Doyle	But I would rather not talk about the creature, Mr
1661	The Adventures of Sherlock Holmes	Arthur Conan Doyle	Holmes traced his way to the farther side of this and lay down once more upon his face with a little cry of satisfaction
1342	Pride and Prejudice	Jane Austen	Bennet arrived, he had all the appearance of his usual philosophic composure
1661	The Adventures of Sherlock Holmes	Arthur Conan Doyle	He had set the engine at work
345	Dracula	Bram Stoker	m._--We are near Galatz now, and I may not have time to write later
1661	The Adventures of Sherlock Holmes	Arthur Conan Doyle	Then he stood before the fire and looked me over in his singular introspective fashion
345	Dracula	Bram Stoker	Last night he was a frank, happy-looking man, with strong, youthful face, full of energy, and with dark brown hair
1661	The Adventures of Sherlock Holmes	Arthur Conan Doyle	McCarthy pass he had seen his son, Mr
1342	Pride and Prejudice	Jane Austen	That he was not a good-tempered man had been her firmest opinion
1342	Pride and Prejudice	Jane Austen	Our poor mother is sadly grieved
345	Dracula	Bram Stoker	I know what sorrows you have had, though I cannot measure the depth of them
1342	Pride and Prejudice	Jane Austen	Its completion depended on others
1342	Pride and Prejudice	Jane Austen	But you do not know _all_
345	Dracula	Bram Stoker	As yet there was no sign of the teeth growing sharper; but the time as yet was short, and there was time for fear
345	Dracula	Bram Stoker	All will yet be well, dear
345	Dracula	Bram Stoker	He had been paid for his work by an English bank note, which had been duly cashed for gold at the Danube International Bank
1661	The Adventures of Sherlock Holmes	Arthur Conan Doyle	The drawn blinds and the smokeless chimneys, however, gave it a stricken look, as though the weight of this horror still lay heavy upon it
345	Dracula	Bram Stoker	We, however, are not selfish, and we believe that God is with us through all this blackness, and these many dark hours
1661	The Adventures of Sherlock Holmes	Arthur Conan Doyle	Finally he took the bell-rope in his hand and gave it a brisk tug
345	Dracula	Bram Stoker	I saw at once that I was on the right track; phonetic spelling had again misled me
1661	The Adventures of Sherlock Holmes	Arthur Conan Doyle	Anyhow, he never got tallow-stains from a gas-jet
1342	Pride and Prejudice	Jane Austen	when I went away, I am sure I had no more idea of being married till I came back again
1661	The Adventures of Sherlock Holmes	Arthur Conan Doyle	As to what it was he feared, we can only deduce that by considering the formidable letters which were received by himself and his successors
345	Dracula	Bram Stoker	There is no mistake of that
345	Dracula	Bram Stoker	They were more than kind and courteous, and took us at once on board the _Czarina Catherine_, which lay at anchor out in the river harbour
1661	The Adventures of Sherlock Holmes	Arthur Conan Doyle	His face flushed and darkened
345	Dracula	Bram Stoker	His manias make a startling combination
1342	Pride and Prejudice	Jane Austen	She had only to say in reply, that they had wandered about till she was beyond her own knowledge
1661	The Adventures of Sherlock Holmes	Arthur Conan Doyle	We were sitting there in silence when the door opened and a young lady came in
345	Dracula	Bram Stoker	With a wrench, which threw his victim back upon the bed as though hurled from a height, he turned and sprang at us
1342	Pride and Prejudice	Jane Austen	Gardiner has done for them, because Wickham has not sixpence of his own
1661	The Adventures of Sherlock Holmes	Arthur Conan Doyle	Was Under-Secretary for the colonies in a late administration
1661	The Adventures of Sherlock Holmes	Arthur Conan Doyle	The inspector sat down at his desk
345	Dracula	Bram Stoker	Then why we not be even more careful than him
1661	The Adventures of Sherlock Holmes	Arthur Conan Doyle	Holmes; I have heard of you from Mrs
345	Dracula	Bram Stoker	I thought I would watch for the Count, for there is something going on
345	Dracula	Bram Stoker	I am afraid to think what may happen to us
1342	Pride and Prejudice	Jane Austen	Younge was of course removed from her charge
1661	The Adventures of Sherlock Holmes	Arthur Conan Doyle	For seven hours I plied my trade, and when I returned home in the evening I found to my surprise that I had received no less than 26_s_
1661	The Adventures of Sherlock Holmes	Arthur Conan Doyle	Mary and Arthur were much interested and wished to see the famous coronet, but I thought it better not to disturb it
345	Dracula	Bram Stoker	She caught on to my meaning at once, and settled that matter in a word
1342	Pride and Prejudice	Jane Austen	Wickham, suspended, amongst several other miniatures, over the mantel-piece
345	Dracula	Bram Stoker	He escaped before without our help; to-night he shall escape with it
345	Dracula	Bram Stoker	There was a wilderness of beautiful white flowers, and death was made as little repulsive as might be
345	Dracula	Bram Stoker	The power of Treaty may yet prove a vast engine of enlargement, when the Monroe doctrine takes its true place as a political fable
345	Dracula	Bram Stoker	Keep them safe, for there is in them much of treasure
345	Dracula	Bram Stoker	She tries the door, and finding it locked, goes about the room searching for the key
345	Dracula	Bram Stoker	And so he progress, and he scatter these graves of him; and none but he know where they are hidden
1342	Pride and Prejudice	Jane Austen	They soon outstripped the others; and when they had reached the carriage, Mr
1661	The Adventures of Sherlock Holmes	Arthur Conan Doyle	He drew a sovereign from his pocket and threw it down upon the slab, turning away with the air of a man whose disgust is too deep for words
1342	Pride and Prejudice	Jane Austen	The reason of this sudden removal was soon evident
345	Dracula	Bram Stoker	Good-bye, Mina, if I fail; good-bye, my faithful friend and second father; good-bye, all, and last of all Mina
345	Dracula	Bram Stoker	The captain come, when told that he will be pay well; and though he swear much at the first he agree to term
345	Dracula	Bram Stoker	Something may occur which will give me a chance to escape
345	Dracula	Bram Stoker	Not being able to smoke, he cut himself a good-sized plug of tobacco and began to chew
345	Dracula	Bram Stoker	The time I waited seemed endless, and I felt doubts and fears crowding upon me
1661	The Adventures of Sherlock Holmes	Arthur Conan Doyle	She was slighted like and had no say in anything, but it never really became bad for her until after she met Mr
345	Dracula	Bram Stoker	His cries are at times awful, but the silences that follow are more deadly still, for he means murder in every turn and movement
345	Dracula	Bram Stoker	Sam is a rare one when he starts on the booze
1342	Pride and Prejudice	Jane Austen	Very nonsensical to come at all
345	Dracula	Bram Stoker	Here and there are silver threads where the rivers wind in deep gorges through the forests
1342	Pride and Prejudice	Jane Austen	At that instant she felt, that years of happiness could not make Jane or herself amends for moments of such painful confusion
1661	The Adventures of Sherlock Holmes	Arthur Conan Doyle	Yet, with all this, you made me reveal what you wanted to know
1342	Pride and Prejudice	Jane Austen	But there was still something lurking behind, of which prudence forbade the disclosure
345	Dracula	Bram Stoker	Mina sleeps soundly and her breathing is regular
1342	Pride and Prejudice	Jane Austen	You know pretty well, I suppose, what has been done for the young people
345	Dracula	Bram Stoker	We met some time ago a man that would just _do for you_, if you were not already engaged to Jonathan
1661	The Adventures of Sherlock Holmes	Arthur Conan Doyle	Farintosh, whom you helped in the hour of her sore need
345	Dracula	Bram Stoker	Seward told us that when he and Dr
1342	Pride and Prejudice	Jane Austen	But _your_ arts and allurements may, in a moment of infatuation, have made him forget what he owes to himself and to all his family
1342	Pride and Prejudice	Jane Austen	Darcy, whose reception of his advances she eagerly watched, and whose astonishment at being so addressed was very evident
1342	Pride and Prejudice	Jane Austen	The usual inquiries as to his success were made by the latter
1342	Pride and Prejudice	Jane Austen	The distinction had, perhaps, been felt too strongly
1661	The Adventures of Sherlock Holmes	Arthur Conan Doyle	There was the end of this tangled clue
1661	The Adventures of Sherlock Holmes	Arthur Conan Doyle	She had engaged a sitting-room, and our lunch awaited us upon the table
1342	Pride and Prejudice	Jane Austen	Lady Lucas was a very good kind of woman, not too clever to be a valuable neighbour to Mrs
345	Dracula	Bram Stoker	When Skinsky had come to him, he had taken him to the ship and handed over the box, so as to save porterage
1342	Pride and Prejudice	Jane Austen	What a good joke it will be
1342	Pride and Prejudice	Jane Austen	You were disgusted with the women who were always speaking, and looking, and thinking for _your_ approbation alone
345	Dracula	Bram Stoker	Well, I must tell you about the three, but you must keep it a secret, dear, from _every one_, except, of course, Jonathan
1342	Pride and Prejudice	Jane Austen	Bennet planned the courses that were to do credit to her housekeeping, when an answer arrived which deferred it all
1661	The Adventures of Sherlock Holmes	Arthur Conan Doyle	And now here is my pocket Petrarch, and not another word shall I say of this case until we are on the scene of action
1342	Pride and Prejudice	Jane Austen	There were better sense in the sad mechanic exercise of determining the reason of its absence where it is not
1661	The Adventures of Sherlock Holmes	Arthur Conan Doyle	To SEND DONATIONS or determine the status of compliance for any particular state visit www.gutenberg.org/donate
1342	Pride and Prejudice	Jane Austen	His understanding and temper, though unlike her own, would have answered all her wishes
1661	The Adventures of Sherlock Holmes	Arthur Conan Doyle	I confess that I was disappointed
1342	Pride and Prejudice	Jane Austen	I expected you to stay two months
345	Dracula	Bram Stoker	What would have been his later steps
1342	Pride and Prejudice	Jane Austen	But no such recollection befriended her
345	Dracula	Bram Stoker	He then lit a dark lantern and pointed to the coffin
1342	Pride and Prejudice	Jane Austen	Elizabeth was pleased; though when she asked herself the reason, she had very little to say in reply
1661	The Adventures of Sherlock Holmes	Arthur Conan Doyle	What was he doing there at all
1342	Pride and Prejudice	Jane Austen	Let me mend it for you
345	Dracula	Bram Stoker	She came at once, after saying pleasantly to Mr
1661	The Adventures of Sherlock Holmes	Arthur Conan Doyle	I staggered to my feet and ran with her along the corridor and down a winding stair
345	Dracula	Bram Stoker	He must then go home and rest, sleep much and eat much, that he may be recruited of what he has so given to his love
1342	Pride and Prejudice	Jane Austen	Bingley was the principal spokesman, and Miss Bennet the principal object
1661	The Adventures of Sherlock Holmes	Arthur Conan Doyle	We were engaged after the first walk that we took
345	Dracula	Bram Stoker	Louder it seemed to ring in my ears, and the floating motes of dust to take new shapes to the sound as they danced in the moonlight
11	Alice's Adventures in Wonderland	Lewis Carroll	The poor little Lizard, Bill, was in the middle, being held up by two guinea-pigs, who were giving it something out of a bottle
1661	The Adventures of Sherlock Holmes	Arthur Conan Doyle	Well, then, here on this page are the country folk, and the numbers after their names are where their accounts are in the big ledger
345	Dracula	Bram Stoker	I looked at him significantly and coughed
1342	Pride and Prejudice	Jane Austen	Sir William and Lady Lucas were speedily applied to for their consent; and it was bestowed with a most joyful alacrity
1661	The Adventures of Sherlock Holmes	Arthur Conan Doyle	Beyond the mention of pips, I do not see that it helps us much
345	Dracula	Bram Stoker	I ran along the North Terrace, but could see no sign of the white figure which I expected
345	Dracula	Bram Stoker	As usual Van Helsing had thought ahead of everyone else, and was prepared with an exact ordering of our work
1661	The Adventures of Sherlock Holmes	Arthur Conan Doyle	Well, Watson, we shall see who will win in the long run
1661	The Adventures of Sherlock Holmes	Arthur Conan Doyle	It had escaped my memory
1342	Pride and Prejudice	Jane Austen	What are men to rocks and mountains
1342	Pride and Prejudice	Jane Austen	Their society can afford no pleasure that will atone for such wretchedness as this
345	Dracula	Bram Stoker	Perhaps I may gain more knowledge out of the folly of this madman than I shall from the teaching of the most wise
1661	The Adventures of Sherlock Holmes	Arthur Conan Doyle	Of these bedrooms the first is Dr
345	Dracula	Bram Stoker	I myself am of an old family, and to live in a new house would kill me
345	Dracula	Bram Stoker	When I asked her how she came to be at the window she shook her head and turned away
1342	Pride and Prejudice	Jane Austen	But still he would be her husband
345	Dracula	Bram Stoker	May it be that with you I visit him this morning
345	Dracula	Bram Stoker	This is medicinal, but you do not know how
1661	The Adventures of Sherlock Holmes	Arthur Conan Doyle	All red-headed men who are sound in body and mind and above the age of twenty-one years, are eligible
1661	The Adventures of Sherlock Holmes	Arthur Conan Doyle	If I lay on my face the weight would come upon my spine, and I shuddered to think of that dreadful snap
345	Dracula	Bram Stoker	We took our lunch to Mulgrave Woods, Mrs
1661	The Adventures of Sherlock Holmes	Arthur Conan Doyle	He had nothing a few years ago
1342	Pride and Prejudice	Jane Austen	Collins is really_ great; _far greater than anything Addison ever did, almost great enough for Fielding or for Swift himself
1342	Pride and Prejudice	Jane Austen	[Illustration] CHAPTER XXX
345	Dracula	Bram Stoker	He is gone to Whitby to get more information, and he will be here to-morrow to help us
345	Dracula	Bram Stoker	Goodness knows that we had enough clues from the conduct of the patient Renfield
1342	Pride and Prejudice	Jane Austen	Gardiner, whose manners were easy and pleasant, encouraged her communicativeness by his questions and remarks: Mrs
345	Dracula	Bram Stoker	We found him in a state of considerable excitement, but far more rational in his speech and manner than I had ever seen him
1661	The Adventures of Sherlock Holmes	Arthur Conan Doyle	Then with his lens he tested the hinges, but they were of solid iron, built firmly into the massive masonry
345	Dracula	Bram Stoker	I shall leave this door open and my door too
1661	The Adventures of Sherlock Holmes	Arthur Conan Doyle	As to what you tell me of poor Mary, it goes to my very heart
1661	The Adventures of Sherlock Holmes	Arthur Conan Doyle	Oh, how simple it would all have been had I been here before they came like a herd of buffalo and wallowed all over it
345	Dracula	Bram Stoker	Mina opened her eyes; but she did not seem the same woman
1342	Pride and Prejudice	Jane Austen	Bingley, and talked of Mrs
345	Dracula	Bram Stoker	It was empty, but that was as I expected
345	Dracula	Bram Stoker	Ah, we men and women are like ropes drawn tight with strain that pull us different ways
345	Dracula	Bram Stoker	Whilst she has been in the trance hitherto she has confined herself to the simplest of facts
345	Dracula	Bram Stoker	Now sit still awhile
1342	Pride and Prejudice	Jane Austen	The morrow produced no abatement of Mrs
1661	The Adventures of Sherlock Holmes	Arthur Conan Doyle	He drank more than ever, and he was less inclined for any sort of society
1661	The Adventures of Sherlock Holmes	Arthur Conan Doyle	What was the relation between them, and what the object of his repeated visits
11	Alice's Adventures in Wonderland	Lewis Carroll	A little bright-eyed terrier, you know, with oh, such long curly brown hair
1661	The Adventures of Sherlock Holmes	Arthur Conan Doyle	Running up, I blew its brains out, and it fell over with its keen white teeth still meeting in the great creases of his neck
345	Dracula	Bram Stoker	Van Helsing had not intended to recall her frightful experience
1661	The Adventures of Sherlock Holmes	Arthur Conan Doyle	Godfrey Norton, as our client is to its coming to the eyes of his princess
1661	The Adventures of Sherlock Holmes	Arthur Conan Doyle	No one could pass these shutters if they were bolted
1342	Pride and Prejudice	Jane Austen	Darcy professed a great curiosity to see the view from the Mount, and Elizabeth silently consented
1342	Pride and Prejudice	Jane Austen	Bingley was incomprehensible
345	Dracula	Bram Stoker	At last, however, the narcotic began to manifest its potency; and she fell into a deep sleep
1661	The Adventures of Sherlock Holmes	Arthur Conan Doyle	He ran when he saw his father on the ground
1342	Pride and Prejudice	Jane Austen	He is nothing to us, you know, and I am sure I never want to see him again
1661	The Adventures of Sherlock Holmes	Arthur Conan Doyle	Chubb lock to the door
1342	Pride and Prejudice	Jane Austen	Mary was the only daughter who remained at home; and she was necessarily drawn from the pursuit of accomplishments by Mrs
345	Dracula	Bram Stoker	And when that owner come back from his holiday in Switzerland he find only an empty hole where his house had been
1342	Pride and Prejudice	Jane Austen	Darcy, it determined her not to attend her cousins to Rosings, where they were engaged to drink tea
1342	Pride and Prejudice	Jane Austen	Interested people have perhaps misrepresented each to the other
1342	Pride and Prejudice	Jane Austen	We must not be so ready to fancy ourselves intentionally injured
345	Dracula	Bram Stoker	You must not be alone, Art
1342	Pride and Prejudice	Jane Austen	The next morning, as she was going down stairs, she was met by her father, who came out of his library with a letter in his hand
1342	Pride and Prejudice	Jane Austen	My resolution of thanking you for your kindness to Lydia had certainly great effect
1661	The Adventures of Sherlock Holmes	Arthur Conan Doyle	Watson, who is occasionally good enough to help me in my cases
1661	The Adventures of Sherlock Holmes	Arthur Conan Doyle	It was a beautiful moonlight night, and the lawn in front of the house was silvered over and almost as bright as day
345	Dracula	Bram Stoker	This morning the man on duty reported to me that a little after midnight he was restless and kept saying his prayers somewhat loudly
345	Dracula	Bram Stoker	Looking fixedly at her, he commenced to make passes in front of her, from over the top of her head downward, with each hand in turn
345	Dracula	Bram Stoker	They are very picturesque, but do not look prepossessing
1661	The Adventures of Sherlock Holmes	Arthur Conan Doyle	I understand that it was your daughter who required my presence here, and I am acting in her interests
1342	Pride and Prejudice	Jane Austen	Elizabeth was surprised, but said not a word
1342	Pride and Prejudice	Jane Austen	Bennet, for anything about the entail
1661	The Adventures of Sherlock Holmes	Arthur Conan Doyle	McCarthy was walking alone
345	Dracula	Bram Stoker	Lucy is more excitable than ever, but is otherwise well
345	Dracula	Bram Stoker	He is a philosopher and a metaphysician, and one of the most advanced scientists of his day; and he has, I believe, an absolutely open mind
1661	The Adventures of Sherlock Holmes	Arthur Conan Doyle	He was at work again
11	Alice's Adventures in Wonderland	Lewis Carroll	The three soldiers wandered about for a minute or two, looking for them, and then quietly marched off after the others
1342	Pride and Prejudice	Jane Austen	Your idea of the ponies is delightful
345	Dracula	Bram Stoker	We tried to make him talk of the subject of our previous conversation, but he would not attend
1342	Pride and Prejudice	Jane Austen	It is from my cousin, Mr
345	Dracula	Bram Stoker	Mina is well, and looks to be getting stronger; her colour is coming back
345	Dracula	Bram Stoker	The Professor seems tireless; all day he would not take any rest, though he made me sleep for a long spell
1661	The Adventures of Sherlock Holmes	Arthur Conan Doyle	I could not live there longer without some advice
345	Dracula	Bram Stoker	I dare not say anything of it; you will read for yourself and judge
345	Dracula	Bram Stoker	You shall be avenged in turn; for not one of them but shall minister to your needs
1342	Pride and Prejudice	Jane Austen	I have a warm unguarded temper, and I may perhaps have sometimes spoken my opinion _of_ him, and _to_ him, too freely
1661	The Adventures of Sherlock Holmes	Arthur Conan Doyle	As we entered he made neither sound nor motion
1661	The Adventures of Sherlock Holmes	Arthur Conan Doyle	She would rush to secure it
1661	The Adventures of Sherlock Holmes	Arthur Conan Doyle	In the pocket is a card-case
1661	The Adventures of Sherlock Holmes	Arthur Conan Doyle	I thought it as well to have Jones with us also
345	Dracula	Bram Stoker	When I got on the coach the driver had not taken his seat, and I saw him talking with the landlady
345	Dracula	Bram Stoker	First mate scowled, but said nothing
345	Dracula	Bram Stoker	But it may be that he will not attempt the place
345	Dracula	Bram Stoker	The wind was steady, and as we ran before it there was no yawing
1342	Pride and Prejudice	Jane Austen	[Illustration] CHAPTER XV
345	Dracula	Bram Stoker	You must have been at Bermondsey only a short time before him
1661	The Adventures of Sherlock Holmes	Arthur Conan Doyle	Gone, too, was the horrid scar which had seamed it across, and the twisted lip which had given the repulsive sneer to the face
345	Dracula	Bram Stoker	On a table in the hall was a great bunch of keys, with a time-yellowed label on each
345	Dracula	Bram Stoker	Each in his own way was solemn and overcome
1342	Pride and Prejudice	Jane Austen	They insist also on my seeing Mr
345	Dracula	Bram Stoker	How shall I describe what we saw
345	Dracula	Bram Stoker	Harker put my cylinders into type
345	Dracula	Bram Stoker	I go to bed now without any fear of sleep
1342	Pride and Prejudice	Jane Austen	Bennet joined them at supper, his voice and manner plainly showed how really happy he was
1342	Pride and Prejudice	Jane Austen	He has not an ill-natured look
1342	Pride and Prejudice	Jane Austen	My friend has an excellent understanding--though I am not certain that I consider her marrying Mr
345	Dracula	Bram Stoker	I have given orders to the night attendant merely to shut him in the padded room, when once he is quiet, until an hour before sunrise
1661	The Adventures of Sherlock Holmes	Arthur Conan Doyle	During two years I have had three consultations and one small job, and that is absolutely all that my profession has brought me
345	Dracula	Bram Stoker	She is grieved to lose Lucy as her very own, but she is rejoiced that she is soon to have some one to protect her
1661	The Adventures of Sherlock Holmes	Arthur Conan Doyle	This fellow, a Lascar, was well paid by me for his rooms, so that I knew that my secret was safe in his possession
1661	The Adventures of Sherlock Holmes	Arthur Conan Doyle	Then he tried the various keys in the lock, but without success
1342	Pride and Prejudice	Jane Austen	You were not by, when I told mamma, and the others, all about it
345	Dracula	Bram Stoker	The whole thing be only lies
1342	Pride and Prejudice	Jane Austen	Their visit did not continue long after the question and answer above mentioned; and while Mr
1342	Pride and Prejudice	Jane Austen	When I am in company with him, I will not be wishing
1661	The Adventures of Sherlock Holmes	Arthur Conan Doyle	Windibank sprang out of his chair and picked up his hat
1342	Pride and Prejudice	Jane Austen	Fitzwilliam Darcy formerly spoken of as a very proud, ill-natured boy
345	Dracula	Bram Stoker	I shrieked as I saw it shear through the throat; whilst at the same moment Mr
1342	Pride and Prejudice	Jane Austen	He now wished it more than ever
1342	Pride and Prejudice	Jane Austen	His apparent partiality had subsided, his attentions were over, he was the admirer of some one else
1342	Pride and Prejudice	Jane Austen	So he inquired who she was, and got introduced, and asked her for the two next
1342	Pride and Prejudice	Jane Austen	I am not particularly speaking of such a case as you have supposed about Mr
345	Dracula	Bram Stoker	I shall keep them, if I may; even you may not see them yet, but I shall keep them safe
1342	Pride and Prejudice	Jane Austen	And so would Anne, if her health had allowed her to apply
345	Dracula	Bram Stoker	I have asked Sister Agatha to beg the Superior to let our wedding be this afternoon, and am waiting her reply
345	Dracula	Bram Stoker	For a few moments he sat despondently
1342	Pride and Prejudice	Jane Austen	Happiness in marriage is entirely a matter of chance
11	Alice's Adventures in Wonderland	Lewis Carroll	I almost think I can remember feeling a little different
345	Dracula	Bram Stoker	Then it occurred to me that I had shut the window before I had come to bed
345	Dracula	Bram Stoker	It is long, but I have typewritten it out
345	Dracula	Bram Stoker	Expected fierce quarrel, but all was quiet
1342	Pride and Prejudice	Jane Austen	Hurst soon found even his open petition rejected
345	Dracula	Bram Stoker	There is work--wild work--to be done there, that her eyes may not see
345	Dracula	Bram Stoker	As the Count leaned over me and his hands touched me, I could not repress a shudder
1342	Pride and Prejudice	Jane Austen	They seemed each of them to have the happiest memories in the world
345	Dracula	Bram Stoker	You return home for to-night to your asylum, and see that all be well
1342	Pride and Prejudice	Jane Austen	I was only confused for the moment, because I felt that I _should_ be looked at
345	Dracula	Bram Stoker	I think he is one of the most resolute men I ever saw, and yet the most calm
1342	Pride and Prejudice	Jane Austen	The dinner was exceedingly handsome, and there were all the servants, and all the articles of plate which Mr
1661	The Adventures of Sherlock Holmes	Arthur Conan Doyle	At first it seemed to be impossible, but I soon devised a means
1661	The Adventures of Sherlock Holmes	Arthur Conan Doyle	Have you your cheque-book
1342	Pride and Prejudice	Jane Austen	But in what proportions it should be divided amongst the latter depended on the will of the parents
345	Dracula	Bram Stoker	I must ask the old man about this; he is coming this way
1342	Pride and Prejudice	Jane Austen	After playing some Italian songs, Miss Bingley varied the charm by a lively Scotch air; and soon afterwards Mr
1661	The Adventures of Sherlock Holmes	Arthur Conan Doyle	You fail, however, to reason from what you see
1342	Pride and Prejudice	Jane Austen	so genteel and so easy
345	Dracula	Bram Stoker	To be sure, there were certain small evidences, such as that my clothes were folded and laid by in a manner which was not my habit
1661	The Adventures of Sherlock Holmes	Arthur Conan Doyle	It is past ten, however, and quite time that we started
345	Dracula	Bram Stoker	Quincey Morris is with him, and that is much of a help, for he himself is a bubbling well of good spirits
1342	Pride and Prejudice	Jane Austen	Darcy, he stopped, with a bow of superior courtesy, to compliment him on his dancing and his partner
1661	The Adventures of Sherlock Holmes	Arthur Conan Doyle	I will leave the country, sir
1342	Pride and Prejudice	Jane Austen	With a renewal of tenderness, however, they repaired to her room on leaving the dining-parlour, and sat with her till summoned to coffee
345	Dracula	Bram Stoker	All the resolution has gone out of his dear eyes, and that quiet dignity which I told you was in his face has vanished
1342	Pride and Prejudice	Jane Austen	They could talk of nothing but officers; and Mr
1342	Pride and Prejudice	Jane Austen	I shall then give over every expectation, every wish of his constancy
345	Dracula	Bram Stoker	With strength and determination like his, he might have done wild work before he was caged
345	Dracula	Bram Stoker	Do you not see how, of late, this monster has been creeping into knowledge experimentally
345	Dracula	Bram Stoker	I slept till just before the dawn, and when I woke threw myself on my knees, for I determined that if Death came he should find me ready
1342	Pride and Prejudice	Jane Austen	He sat down for a few moments, and then getting up walked about the room
345	Dracula	Bram Stoker	He was already well ahead with his fly business; and he had just started in the spider line also; so he had not been of any trouble to me
1342	Pride and Prejudice	Jane Austen	If he no longer cares for me, why silent
345	Dracula	Bram Stoker	One of us will be here all night
345	Dracula	Bram Stoker	I do but say what we may do--what we must do
1342	Pride and Prejudice	Jane Austen	Forster, the delight of Mrs
345	Dracula	Bram Stoker	The criminal always work at one crime--that is the true criminal who seems predestinate to crime, and who will of none other
345	Dracula	Bram Stoker	But, oh, is he on land or sea
345	Dracula	Bram Stoker	He is confined within the limitations of his earthly envelope
1661	The Adventures of Sherlock Holmes	Arthur Conan Doyle	Some woman came talking something or other about Lord St
345	Dracula	Bram Stoker	At present I am going in my mind from point to point as a mad man, and not a sane one, follows an idea
1342	Pride and Prejudice	Jane Austen	Elizabeth merely courtesied to him, without saying a word
345	Dracula	Bram Stoker	You would help these men to hunt me and frustrate me in my designs
345	Dracula	Bram Stoker	We tried to be cheerful and encourage each other, and Mina was the brightest and most cheerful of us
345	Dracula	Bram Stoker	My child, believe me none of us shall lag behind or pause from any fear
345	Dracula	Bram Stoker	Van Helsing with restrained eagerness
1661	The Adventures of Sherlock Holmes	Arthur Conan Doyle	If you were asked to wear any dress which we might give you, you would not object to our little whim
1342	Pride and Prejudice	Jane Austen	Well, much good may it do them
1342	Pride and Prejudice	Jane Austen	But, to be sure, the good lady who showed us the house did give him a most flaming character
1661	The Adventures of Sherlock Holmes	Arthur Conan Doyle	I thought there might be some weapon or other trace
1661	The Adventures of Sherlock Holmes	Arthur Conan Doyle	He is small for his age, with a head which is quite disproportionately large
1342	Pride and Prejudice	Jane Austen	Bennet found, with amazement and horror, that her husband would not advance a guinea to buy clothes for his daughter
345	Dracula	Bram Stoker	We must obey, and silence is a part of obedience; and obedience is to bring you strong and well into loving arms that wait for you
345	Dracula	Bram Stoker	Everything had been carefully thought out, and done systematically and with precision
1661	The Adventures of Sherlock Holmes	Arthur Conan Doyle	Contact the Foundation as set forth in Section 3 below
345	Dracula	Bram Stoker	You are hunters of wild beast, and understand it so
1342	Pride and Prejudice	Jane Austen	But, Lizzy, you look as if you did not enjoy it
345	Dracula	Bram Stoker	I took it that the very mystery of the proceeding was in some way a counteractant to his grief
1342	Pride and Prejudice	Jane Austen	Jane will be quite an old maid soon, I declare
345	Dracula	Bram Stoker	God keep me, if only for the sake of those dear to me
1661	The Adventures of Sherlock Holmes	Arthur Conan Doyle	I am a dangerous man to fall foul of
345	Dracula	Bram Stoker	Do you remember, Art, when we had the pack after us at Tobolsk
345	Dracula	Bram Stoker	In fear I turned to the Professor; to my consternation, however, he was not there
345	Dracula	Bram Stoker	We are to meet here in my study in half an hour and decide on our course of action
1661	The Adventures of Sherlock Holmes	Arthur Conan Doyle	I love and am loved by a better man than he
1342	Pride and Prejudice	Jane Austen	Your Ladyship wants Mr
1661	The Adventures of Sherlock Holmes	Arthur Conan Doyle	The road is an important highway, and there are usually people there
1661	The Adventures of Sherlock Holmes	Arthur Conan Doyle	This note I had this morning marks my zero-point, I fancy
345	Dracula	Bram Stoker	We both know what those steps would have to be, though we do not mention our thoughts to each other
345	Dracula	Bram Stoker	Friend John, you come with me home, for I have much to consult about, and you can help me
345	Dracula	Bram Stoker	But to think that he keeps anything from me
1661	The Adventures of Sherlock Holmes	Arthur Conan Doyle	I surprised you by beating upon the pavement with my stick
345	Dracula	Bram Stoker	There is a sound of hammering; it is the box being nailed down
345	Dracula	Bram Stoker	It may be there is a soul at stake
345	Dracula	Bram Stoker	Poor fellow, I thought my own trouble was bad enough, but his----
1342	Pride and Prejudice	Jane Austen	Lady Catherine, I believe, did a great deal to it when Mr
1342	Pride and Prejudice	Jane Austen	Collins and Maria were gone on business into the village, when she was startled by a ring at the door, the certain signal of a visitor
1342	Pride and Prejudice	Jane Austen	She does not yet leave her dressing-room
1342	Pride and Prejudice	Jane Austen	They contained no actual complaint, nor was there any revival of past occurrences, or any communication of present suffering
345	Dracula	Bram Stoker	The strong air would soon restore Jonathan; it has quite restored me
345	Dracula	Bram Stoker	It seems to have affected Madam Mina; she has been so heavy of head all day that she was not like herself
1342	Pride and Prejudice	Jane Austen	Bingley was by no means deficient; but Darcy was clever
345	Dracula	Bram Stoker	Beyond the green swelling hills of the Mittel Land rose mighty slopes of forest up to the lofty steeps of the Carpathians themselves
1342	Pride and Prejudice	Jane Austen	But of every other neglect I can believe him capable
345	Dracula	Bram Stoker	As he fled back over the Danube, leaving his forces to be cut to pieces, so now he is intent on being safe, careless of all
1342	Pride and Prejudice	Jane Austen	I pity, though I cannot help blaming, her
345	Dracula	Bram Stoker	As the evening drew on, and the earth took its shadows from the sun sinking lower, the silence of the room grew more and more solemn to me
1342	Pride and Prejudice	Jane Austen	And there was my aunt, all the time I was dressing, preaching and talking away just as if she was reading a sermon
11	Alice's Adventures in Wonderland	Lewis Carroll	And how odd the directions will look
345	Dracula	Bram Stoker	Last of all was a little heap of keys of all sorts and sizes, probably those belonging to the other houses
345	Dracula	Bram Stoker	Be not afraid for Madam Mina; she will be my care, if I may
345	Dracula	Bram Stoker	This he finally handed to Lord Godalming, who took out his purse and gave him something
345	Dracula	Bram Stoker	If it be not true, then proof will be relief; at worst it will not harm
345	Dracula	Bram Stoker	Besides, I am glad to have anything to help to pass the time
345	Dracula	Bram Stoker	Then he pulled me quickly in with him and closed the door
1342	Pride and Prejudice	Jane Austen	Darcy in a most infamous manner
345	Dracula	Bram Stoker	And I suppose he might have broke his neck by falling out of bed, if he got in an awkward kink
345	Dracula	Bram Stoker	I dread coming up to London, as we must do the day after to-morrow; for poor Mr
345	Dracula	Bram Stoker	Vincent took the bandage from its throat, and showed us the punctures
1661	The Adventures of Sherlock Holmes	Arthur Conan Doyle	Within was a small, square room, in which the three of us could hardly get at one time
1661	The Adventures of Sherlock Holmes	Arthur Conan Doyle	We were to meet at the pool midway between our houses to talk it over
1342	Pride and Prejudice	Jane Austen	He sat with them above an hour, and was in remarkably good spirits
345	Dracula	Bram Stoker	All were covered up in thin wrapping paper to keep them from the dust
1661	The Adventures of Sherlock Holmes	Arthur Conan Doyle	He thought no more of the matter until he heard in the evening of the tragedy that had occurred
11	Alice's Adventures in Wonderland	Lewis Carroll	the Duchess, the Duchess
345	Dracula	Bram Stoker	At the same moment there came a sort of dull flapping or buffeting at the window
1342	Pride and Prejudice	Jane Austen	But at least it shows that _she_ was serious in the object of her journey
345	Dracula	Bram Stoker	The sense of sleep was upon me, and with it the obstinacy which sleep brings as outrider
345	Dracula	Bram Stoker	The life of an assistant schoolmistress is sometimes trying
345	Dracula	Bram Stoker	I do not know myself if I shall ever speak slang; I do not know if Arthur likes it, as I have never heard him use any as yet
1342	Pride and Prejudice	Jane Austen	She had not herself forgotten to feel that the marriage of her sister must bring them more frequently together
345	Dracula	Bram Stoker	Was it indeed a house of death to which I had come, too late
345	Dracula	Bram Stoker	One of the men who came up here often to look for the boats was followed by his dog
345	Dracula	Bram Stoker	I shall stay with you myself; but I shall first dress myself
345	Dracula	Bram Stoker	In him some vital principle have in strange way found their utmost; and as his body keep strong and grow and thrive, so his brain grow too
1342	Pride and Prejudice	Jane Austen	Collins to join his daughters in their walk; and Mr
345	Dracula	Bram Stoker	You know I am no light weight, and the others were both burly men
345	Dracula	Bram Stoker	They drew back before me, and laughed their low horrid laugh
1342	Pride and Prejudice	Jane Austen	Colonel Fitzwilliam, who led the way, was about thirty, not handsome, but in person and address most truly the gentleman
1342	Pride and Prejudice	Jane Austen	Bennet, who had persuaded herself that her husband regarded the affair as she wished, was excessively disappointed
345	Dracula	Bram Stoker	Harker has written with her typewriter all since she brought the MS
1661	The Adventures of Sherlock Holmes	Arthur Conan Doyle	Male costume is nothing new to me
345	Dracula	Bram Stoker	I am very sleepy and shall go to bed
1661	The Adventures of Sherlock Holmes	Arthur Conan Doyle	I could see that she was pretty, and from the gloss with which the light shone upon her dark dress I knew that it was a rich material
1661	The Adventures of Sherlock Holmes	Arthur Conan Doyle	Stoner, the young widow of Major-General Stoner, of the Bengal Artillery
1342	Pride and Prejudice	Jane Austen	Bennet, by talking in this way
1661	The Adventures of Sherlock Holmes	Arthur Conan Doyle	The ceiling was only a foot or two above my head, and with my hand upraised I could feel its hard, rough surface
1342	Pride and Prejudice	Jane Austen	I have been a disappointed man, and my spirits will not bear solitude
345	Dracula	Bram Stoker	I shall see him in the morning early
1342	Pride and Prejudice	Jane Austen	Bingley and Netherfield
345	Dracula	Bram Stoker	Van Helsing and I were a little alarmed about Mrs
1661	The Adventures of Sherlock Holmes	Arthur Conan Doyle	Windibank draws my interest every quarter and pays it over to mother, and I find that I can do pretty well with what I earn at typewriting
345	Dracula	Bram Stoker	He is safe now at any rate
1342	Pride and Prejudice	Jane Austen	My excellent father died about five years ago; and his attachment to Mr
1342	Pride and Prejudice	Jane Austen	She performed her part, indeed, without much graciousness, but Mrs
1661	The Adventures of Sherlock Holmes	Arthur Conan Doyle	Suddenly, however, he started, tapped me on the shoulder, and pointed over the meadows
345	Dracula	Bram Stoker	By the side of the box was its cover, pierced with holes here and there
1661	The Adventures of Sherlock Holmes	Arthur Conan Doyle	I tell you that he is a clever and dangerous man
1661	The Adventures of Sherlock Holmes	Arthur Conan Doyle	It is perhaps the best possible solution
345	Dracula	Bram Stoker	How am I to account for all these horrors when I get to port
1342	Pride and Prejudice	Jane Austen	He begged to know further particulars of what he was indebted to his brother; but was too angry with Lydia to send any message to her
1342	Pride and Prejudice	Jane Austen	Who would have thought of my meeting with--perhaps--a nephew of Lady Catherine de Bourgh in this assembly
1342	Pride and Prejudice	Jane Austen	And is it really true
1342	Pride and Prejudice	Jane Austen	Darcy, will readily comprehend how sincerely I must rejoice that he is wise enough to assume even the _appearance_ of what is right
345	Dracula	Bram Stoker	After dinner, when we had all gathered round the fire in the study--Mrs
345	Dracula	Bram Stoker	Van Helsing was as startled as I was
11	Alice's Adventures in Wonderland	Lewis Carroll	So they had to fall a long way
1342	Pride and Prejudice	Jane Austen	Could she have seen half as much love in Mr
345	Dracula	Bram Stoker	I looked at my companions, one after another, and saw from their flushed faces and damp brows that they were enduring equal torture
345	Dracula	Bram Stoker	Mina is fast asleep, and looks a little too pale; her eyes look as though she had been crying
345	Dracula	Bram Stoker	However, I must try to sleep; for there is to-morrow to think of, and there is no rest for me until
1342	Pride and Prejudice	Jane Austen	Having been frequently in company with him since her return, agitation was pretty well over; the agitations of former partiality entirely so
1342	Pride and Prejudice	Jane Austen	The gentlemen pronounced him to be a fine figure of a man, the ladies declared he was much handsomer than Mr
1661	The Adventures of Sherlock Holmes	Arthur Conan Doyle	See paragraph 1.C below
1661	The Adventures of Sherlock Holmes	Arthur Conan Doyle	It was twenty-five minutes past four
1342	Pride and Prejudice	Jane Austen	Poor Kitty has anger for having concealed their attachment; but as it was a matter of confidence, one cannot wonder
1661	The Adventures of Sherlock Holmes	Arthur Conan Doyle	McCarthy and his son, and that they appeared to be having a violent quarrel
345	Dracula	Bram Stoker	Marquand, of Wholeman, Sons, Marquand & Lidderdale
345	Dracula	Bram Stoker	the Professor is looking at you keenly; his look is a warning
345	Dracula	Bram Stoker	I suppose it is the reaction from the terrible excitement
345	Dracula	Bram Stoker	I am amaze, and not at ease then; but she is so bright and tender and thoughtful for me that I forget all fear
1661	The Adventures of Sherlock Holmes	Arthur Conan Doyle	In the case of the Darlington Substitution Scandal it was of use to me, and also in the Arnsworth Castle business
345	Dracula	Bram Stoker	You are going to be so good to me as to take me with you
1661	The Adventures of Sherlock Holmes	Arthur Conan Doyle	Sherlock Holmes sat for some time in silence, with his head sunk forward and his eyes bent upon the red glow of the fire
1342	Pride and Prejudice	Jane Austen	The same anxiety to get them by themselves was visible again in the evening
1342	Pride and Prejudice	Jane Austen	Elizabeth found herself quite equal to the scene, and could observe the three ladies before her composedly
345	Dracula	Bram Stoker	And the poor souls, I can pity them now and weep, as I think of them placid each in her full sleep of death for a short moment ere fading
345	Dracula	Bram Stoker	I must watch how he gets rid of his spiders
345	Dracula	Bram Stoker	Back, I tell you all
345	Dracula	Bram Stoker	But if the day come before he get on shore, then, unless he be carried he cannot escape
345	Dracula	Bram Stoker	I wonder if it was Mrs
1661	The Adventures of Sherlock Holmes	Arthur Conan Doyle	I could manage it better if I were alone
1661	The Adventures of Sherlock Holmes	Arthur Conan Doyle	Now I have told you all my adventures, Mr
345	Dracula	Bram Stoker	I can fancy what a wonderful power he must have over his patients
1661	The Adventures of Sherlock Holmes	Arthur Conan Doyle	I should be very much obliged if you would slip your revolver into your pocket
1661	The Adventures of Sherlock Holmes	Arthur Conan Doyle	It was as well for his resolution, perhaps, for her pleading face was one which it was hard to resist
1342	Pride and Prejudice	Jane Austen	Bingley had been a most delightful friend; so easily guided that his worth was invaluable; but she checked herself
1342	Pride and Prejudice	Jane Austen	Collins then returned to Elizabeth
1342	Pride and Prejudice	Jane Austen	I wonder that the very pride of this Mr
1342	Pride and Prejudice	Jane Austen	They are my old friends
345	Dracula	Bram Stoker	Then he paused, and a troubled look overspread his face
345	Dracula	Bram Stoker	that I of all who so reverence you should have said anything so forgetful
1661	The Adventures of Sherlock Holmes	Arthur Conan Doyle	It may only be used on or associated in any way with an electronic work by people who agree to be bound by the terms of this agreement
1661	The Adventures of Sherlock Holmes	Arthur Conan Doyle	The skylight above was open, and the prisoner gone
345	Dracula	Bram Stoker	It frightened and amazed me somewhat; and as for Arthur, he fell a-trembling, and finally was shaken with doubt as with an ague
1661	The Adventures of Sherlock Holmes	Arthur Conan Doyle	My heart is lightened already since I have confided my trouble to you
11	Alice's Adventures in Wonderland	Lewis Carroll	Alice looked up, and there stood the Queen in front of them, with her arms folded, frowning like a thunderstorm
345	Dracula	Bram Stoker	Stop; that way madness lies
345	Dracula	Bram Stoker	None of it that I noticed was less than three hundred years old
345	Dracula	Bram Stoker	She who is usual so alert, have done literally nothing all the day; she even have lost her appetite
1342	Pride and Prejudice	Jane Austen	They will then join his regiment, unless they are first invited to Longbourn; and I understand from Mrs
1661	The Adventures of Sherlock Holmes	Arthur Conan Doyle	There I parted from my old pals and determined to settle down to a quiet and respectable life
345	Dracula	Bram Stoker	Nor in the reading of thought
1342	Pride and Prejudice	Jane Austen	With a triumphant smile, they were told, that it was ten miles round
345	Dracula	Bram Stoker	The roses seem coming back already to her cheeks, though she is still sadly pale and wan-looking
345	Dracula	Bram Stoker	I was now myself looking out for the conveyance which was to take me to the Count
345	Dracula	Bram Stoker	It was in the bows, and looking out
345	Dracula	Bram Stoker	The rest of us followed, and he closed the door
1661	The Adventures of Sherlock Holmes	Arthur Conan Doyle	A lady dressed in black and heavily veiled, who had been sitting in the window, rose as we entered
1661	The Adventures of Sherlock Holmes	Arthur Conan Doyle	Her dress was brown, rather darker than coffee colour, with a little purple plush at the neck and sleeves
345	Dracula	Bram Stoker	Van Helsing insisted on my wearing round my neck, and tore it away from me
1661	The Adventures of Sherlock Holmes	Arthur Conan Doyle	I caught a glimpse of rushing figures, and a moment later the voice of Holmes from within assuring them that it was a false alarm
1661	The Adventures of Sherlock Holmes	Arthur Conan Doyle	He was, as the inspector had said, extremely dirty, but the grime which covered his face could not conceal its repulsive ugliness
1342	Pride and Prejudice	Jane Austen	Lizzy is not a bit better than the others: and I am sure she is not half so handsome as Jane, nor half so good-humoured as Lydia
1342	Pride and Prejudice	Jane Austen	He was as generous, she doubted not, as the most generous of his sex
345	Dracula	Bram Stoker	I have placed the crucifix over the head of my bed--I imagine that my rest is thus freer from dreams; and there it shall remain
1342	Pride and Prejudice	Jane Austen	No officer is ever to enter my house again, nor even to pass through the village
1342	Pride and Prejudice	Jane Austen	Let me hear from you very soon
1342	Pride and Prejudice	Jane Austen	It would be such a delicious scheme, and I dare say would hardly cost anything at all
1342	Pride and Prejudice	Jane Austen	I knew how it would be--I knew he would manage everything
345	Dracula	Bram Stoker	as yet I only know your tongue through books
1661	The Adventures of Sherlock Holmes	Arthur Conan Doyle	Most people start at our website which has the main PG search facility: www.gutenberg.org
345	Dracula	Bram Stoker	It is better to be disappointed and worried in such a way now than to have her nerve broken
1342	Pride and Prejudice	Jane Austen	Bingley himself, instead of a ceremonious card
345	Dracula	Bram Stoker	I called them, but got no answer, so I went to the dining-room to look for them
345	Dracula	Bram Stoker	m._--I went with the party to the search with an easy mind, for I think I never saw Mina so absolutely strong and well
1661	The Adventures of Sherlock Holmes	Arthur Conan Doyle	There was no place about the hotel where it would be safe
345	Dracula	Bram Stoker	How true the old proverbs are
345	Dracula	Bram Stoker	He is now seemingly quiet for a spell
345	Dracula	Bram Stoker	There were only twenty-nine left out of the fifty
345	Dracula	Bram Stoker	Harker and Harker; Quincey and Art are all out following up the clues as to the earth-boxes
1661	The Adventures of Sherlock Holmes	Arthur Conan Doyle	Presently he came to himself once more, very weary and pale-looking
1342	Pride and Prejudice	Jane Austen	But her commendation, though costing her some trouble, could by no means satisfy Mr
345	Dracula	Bram Stoker	Is it possible that the Professor can have done it himself
345	Dracula	Bram Stoker	Surely there is some horrible doom hanging over us that every possible accident should thwart us in all we try to do
1342	Pride and Prejudice	Jane Austen	Sir William, how can you tell such a story
345	Dracula	Bram Stoker	You are exhausted already; I am exhausted too
345	Dracula	Bram Stoker	When I got back Quincey was waiting for me
1661	The Adventures of Sherlock Holmes	Arthur Conan Doyle	How came the stone into the goose, and how came the goose into the open market
345	Dracula	Bram Stoker	So here I stay, and mind the helm, and write these notes
1342	Pride and Prejudice	Jane Austen	And even when it was settled that Lydia should go with Mrs
345	Dracula	Bram Stoker	I shall do what I can
345	Dracula	Bram Stoker	Until the _Czarina Catherine_ comes into port there will be no interest for me in anything in the wide world
1661	The Adventures of Sherlock Holmes	Arthur Conan Doyle	I put my pistol to the head of the wagon-driver, who was this very man McCarthy
1661	The Adventures of Sherlock Holmes	Arthur Conan Doyle	I had seen little of Holmes lately
1342	Pride and Prejudice	Jane Austen	Oh, _that_ abominable Mr
1661	The Adventures of Sherlock Holmes	Arthur Conan Doyle	I will read it to you, and in return you must turn over these papers and let me have whatever bears upon the matter
345	Dracula	Bram Stoker	We all felt a glad sense of relief when we saw the Professor calmly restoring the strings of putty to the edges of the door
345	Dracula	Bram Stoker	He is an experienced hand at the work, as he has had for years a launch of his own on the Thames, and another on the Norfolk Broads
1342	Pride and Prejudice	Jane Austen	They were ignorant, idle, and vain
345	Dracula	Bram Stoker	But the fact is that whilst the Professor was talking there came a big bat and sat on the window-sill
345	Dracula	Bram Stoker	As I looked, the eyes saw the sinking sun, and the look of hate in them turned to triumph
345	Dracula	Bram Stoker	Drive along with your questions
1342	Pride and Prejudice	Jane Austen	These are conditions which, considering everything, I had no hesitation in complying with, as far as I thought myself privileged, for you
1342	Pride and Prejudice	Jane Austen	Painful recollections will intrude, which cannot, which ought not to be repelled
11	Alice's Adventures in Wonderland	Lewis Carroll	In another moment down went Alice after it, never once considering how in the world she was to get out again
1661	The Adventures of Sherlock Holmes	Arthur Conan Doyle	I rang the bell and was shown up to the chamber which had formerly been in part my own
345	Dracula	Bram Stoker	These things do occur, you know
345	Dracula	Bram Stoker	It told me, in its very tones, the anguish of your heart
345	Dracula	Bram Stoker	I saw him leave for Whitby with as brave a face as I could, but I was sick with apprehension
345	Dracula	Bram Stoker	When I apologised and was concerned about it, she laughed and petted me, and said she did not even feel it
1661	The Adventures of Sherlock Holmes	Arthur Conan Doyle	Frank said that he would go and make his pile, too, and never come back to claim me until he had as much as Pa
345	Dracula	Bram Stoker	We have had only the rest needful for the horses; but we are both bearing it wonderfully
1342	Pride and Prejudice	Jane Austen	Four sides of paper were insufficient to contain all her delight, and all her earnest desire of being loved by her sister
1661	The Adventures of Sherlock Holmes	Arthur Conan Doyle	And now I will make the thing clear to you; it has been a long time in the acting, but will not take me long to tell
1342	Pride and Prejudice	Jane Austen	I see nothing in it but your own wilful ignorance and the malice of Mr
1661	The Adventures of Sherlock Holmes	Arthur Conan Doyle	It is the butt-end of the gun as the son stood listening
1342	Pride and Prejudice	Jane Austen	You must not suspect me
345	Dracula	Bram Stoker	Found Van Helsing in excellent spirits, and Lucy much better
345	Dracula	Bram Stoker	So I told him I would simply write an account of our visit, just as if I were doing a descriptive special article for _The Daily Telegraph_
1661	The Adventures of Sherlock Holmes	Arthur Conan Doyle	Holmes, how curious I became as to what the meaning of this extraordinary performance could possibly be
345	Dracula	Bram Stoker	He could not have lain there long, for the earthy smell would have passed away in a few hours
1342	Pride and Prejudice	Jane Austen	She could not help frequently glancing her eye at Mr
1342	Pride and Prejudice	Jane Austen	A great many changes have happened in the neighbourhood since you went away
345	Dracula	Bram Stoker	There be the steans around ye
345	Dracula	Bram Stoker	He has been shopping too, and has sent home such a wonderful lot of fur coats and wraps, and all sorts of warm things
345	Dracula	Bram Stoker	This was all so strange and uncanny that a dreadful fear came upon me, and I was afraid to speak or move
345	Dracula	Bram Stoker	All through there are signs of his advance; not only of his power, but of his knowledge of it
1342	Pride and Prejudice	Jane Austen	She had even learnt to detect, in the very gentleness which had first delighted her, an affectation and a sameness to disgust and weary
345	Dracula	Bram Stoker	Oh, the blissful rest of last night
345	Dracula	Bram Stoker	Far be it from me to arrogate to myself the attributes of the Deity
1661	The Adventures of Sherlock Holmes	Arthur Conan Doyle	I hardly noticed his appearance
345	Dracula	Bram Stoker	he is a king, and he come when and how he like
345	Dracula	Bram Stoker	Van Helsing motioned to me to come with him quietly
345	Dracula	Bram Stoker	At any rate it was only death and freedom beyond
345	Dracula	Bram Stoker	Tell me all about it, dear; tell me all about everything, for there is nothing which interests you which will not be dear to me
345	Dracula	Bram Stoker	I am only taking one change of dress; Lucy will bring my trunk to London and keep it till I send for it, for it may be that
345	Dracula	Bram Stoker	Then I braced myself again to my horrid task, and found by wrenching away tomb-tops one other of the sisters, the other dark one
345	Dracula	Bram Stoker	I found it so useful sometimes, that I always make a study of the time-tables now
345	Dracula	Bram Stoker	At that moment the remnant of my love passed into hate and loathing; had she then to be killed, I could have done it with savage delight
1342	Pride and Prejudice	Jane Austen	Oh, brother, how kind you are
1342	Pride and Prejudice	Jane Austen	Had I but explained some part of it only--some part of what I learnt, to my own family
345	Dracula	Bram Stoker	No sleep now, so I may as well write
345	Dracula	Bram Stoker	The table service is of gold, and so beautifully wrought that it must be of immense value
1661	The Adventures of Sherlock Holmes	Arthur Conan Doyle	I sent the housemaid for the police and put the investigation into their hands at once
345	Dracula	Bram Stoker	I knew--as he knew--that it was a stand-up fight with death, and in a pause told him so
345	Dracula	Bram Stoker	As there are no relations at all, Jonathan will have to be chief mourner
345	Dracula	Bram Stoker	Finally she went down on her knees and implored me not to go; at least to wait a day or two before starting
345	Dracula	Bram Stoker	I am not sleepy myself, though I am weary--weary to death
1342	Pride and Prejudice	Jane Austen	Daughters are never of so much consequence to a father
1342	Pride and Prejudice	Jane Austen	That she should have walked three miles so early in the day in such dirty weather, and by herself, was almost incredible to Mrs
345	Dracula	Bram Stoker	I could hardly speak; my heart was so full that even those words seemed to choke me
1342	Pride and Prejudice	Jane Austen	The formality, the under-breeding, the meanness, are there; but the portrait is only half alive, and is felt to be even a little unnatural
345	Dracula	Bram Stoker	To my left the view is cut off by a black line of roof of the old house next the abbey
1661	The Adventures of Sherlock Holmes	Arthur Conan Doyle	Clair through the window, there is no human eye which could have seen the deed
1661	The Adventures of Sherlock Holmes	Arthur Conan Doyle	Of her I could see nothing
345	Dracula	Bram Stoker	Even had we not the proof of our own unhappy experience, the teachings and the records of the past give proof enough for sane peoples
1342	Pride and Prejudice	Jane Austen	I would not trust you so near it as Eastbourne, for fifty pounds
345	Dracula	Bram Stoker	I told him, and the effect was as I expected
345	Dracula	Bram Stoker	His energy is still intact; in fact, he is like a living flame
1342	Pride and Prejudice	Jane Austen	Wickham in and near Brighton with assurances of speedy payment, for which I have pledged myself
1342	Pride and Prejudice	Jane Austen	Gardiner was a sensible, gentlemanlike man, greatly superior to his sister, as well by nature as education
345	Dracula	Bram Stoker	I have grave reasons
345	Dracula	Bram Stoker	I wish I could remember them
345	Dracula	Bram Stoker	But the young ladies
1342	Pride and Prejudice	Jane Austen	Her coming there was the most unfortunate, the most ill-judged thing in the world
1342	Pride and Prejudice	Jane Austen	But that is not the case _here_
1661	The Adventures of Sherlock Holmes	Arthur Conan Doyle	However, I shall write two letters, which should settle the matter
345	Dracula	Bram Stoker	So he gulped down the rest of his tea and stood up, saying that he was going to begin the search then and there
345	Dracula	Bram Stoker	The Professor stood up and, after laying his golden crucifix on the table, held out his hand on either side
345	Dracula	Bram Stoker	He could mark his face like that by beating his own head on the floor
1661	The Adventures of Sherlock Holmes	Arthur Conan Doyle	Simon, then, returned from the wedding in a less cheerful frame of mind than she had gone to it
1342	Pride and Prejudice	Jane Austen	Kitty and Lydia take his defection much more to heart than I do
1342	Pride and Prejudice	Jane Austen	I thank you for explaining it so fully
1342	Pride and Prejudice	Jane Austen	Pray do not talk of that odious man
1342	Pride and Prejudice	Jane Austen	When they get to our age, I dare say they will not think about officers any more than we do
1342	Pride and Prejudice	Jane Austen	[Illustration] CHAPTER XVI
1661	The Adventures of Sherlock Holmes	Arthur Conan Doyle	The son, as far as he knew, was in Bristol
345	Dracula	Bram Stoker	He is only nine-and-twenty, and he has an immense lunatic asylum all under his own care
345	Dracula	Bram Stoker	He study new tongues
345	Dracula	Bram Stoker	I have been busy, for I come here to stay if need be
1342	Pride and Prejudice	Jane Austen	At such an assembly as this, it would be insupportable
1342	Pride and Prejudice	Jane Austen	Reynolds could interest her on no other point
1342	Pride and Prejudice	Jane Austen	Darcy is uncommonly kind to Mr
1661	The Adventures of Sherlock Holmes	Arthur Conan Doyle	All my medical instincts rose up against that laugh
345	Dracula	Bram Stoker	As for me, I am not worthy in His sight
1342	Pride and Prejudice	Jane Austen	Were the whole arrangement complete, my disappointment would be certain
345	Dracula	Bram Stoker	Then he fumbled in his bag, and taking out a matchbox and a piece of candle, proceeded to make a light
345	Dracula	Bram Stoker	I would have taken him with me to see the patient, only I thought that after his last repulse he might not care to go again
1342	Pride and Prejudice	Jane Austen	Bennet the next morning, but the post came in without bringing a single line from him
345	Dracula	Bram Stoker	The blush that rose to my own cheeks somehow set us both at ease, for it was a tacit answer to her own
1342	Pride and Prejudice	Jane Austen	She felt anew the justice of Mr
345	Dracula	Bram Stoker	_He_ is close to land: he has left his earth-chest
1661	The Adventures of Sherlock Holmes	Arthur Conan Doyle	Simon, I think that I have nearly all my data
1661	The Adventures of Sherlock Holmes	Arthur Conan Doyle	I ask you not merely because my friend Dr
1342	Pride and Prejudice	Jane Austen	Bingley; and the train of agreeable reflections which her observations gave birth to made her perhaps almost as happy as Jane
345	Dracula	Bram Stoker	Shortly afterwards, I heard the cracking of their whips die away in the distance
1661	The Adventures of Sherlock Holmes	Arthur Conan Doyle	I threw open the window, reopening by my violence a small cut which I had inflicted upon myself in the bedroom that morning
345	Dracula	Bram Stoker	At three to-morrow the diligence will start for Bukovina; a place on it is kept for you
1342	Pride and Prejudice	Jane Austen	To all the objections I have already urged I have still another to add
345	Dracula	Bram Stoker	Seward to prescribe something for me which would make me sleep, only that I fear to alarm them
1342	Pride and Prejudice	Jane Austen	He is perfectly amiable
1342	Pride and Prejudice	Jane Austen	She had once or twice suggested to Elizabeth the possibility of his being partial to her, but Elizabeth always laughed at the idea; and Mrs
1661	The Adventures of Sherlock Holmes	Arthur Conan Doyle	She dropped her bouquet as we went towards the vestry
1342	Pride and Prejudice	Jane Austen	We shall have no peace at Longbourn if Lydia does not go to Brighton
1342	Pride and Prejudice	Jane Austen	If your feelings are still what they were last April, tell me so at once
1342	Pride and Prejudice	Jane Austen	Five thousand pounds was settled by marriage articles on Mrs
345	Dracula	Bram Stoker	Lord Godalming has just returned
345	Dracula	Bram Stoker	God shield me from harm this night
345	Dracula	Bram Stoker	It beats, though but feebly
345	Dracula	Bram Stoker	After a little bit his sobs ceased, and he raised himself with an apology, though he made no disguise of his emotion
1342	Pride and Prejudice	Jane Austen	Jenkinson were sitting
345	Dracula	Bram Stoker	I went to bed as usual, taking care that the flowers were placed as Dr
1661	The Adventures of Sherlock Holmes	Arthur Conan Doyle	Let the weight of the matter rest upon me now, and do not let your mind dwell upon it further
1342	Pride and Prejudice	Jane Austen	They followed her into the dining-parlour
1661	The Adventures of Sherlock Holmes	Arthur Conan Doyle	It grew worse as Alice grew up, for he soon saw I was more afraid of her knowing my past than of the police
345	Dracula	Bram Stoker	It may have been that the need of natural sleep, and the strange oppression of the air were beginning to overcome me
1661	The Adventures of Sherlock Holmes	Arthur Conan Doyle	I saw that he was too hardened for any words of mine to influence him
1342	Pride and Prejudice	Jane Austen	I never heard of such a thing
345	Dracula	Bram Stoker	He was very cool outwardly, but was nervous all the same
345	Dracula	Bram Stoker	Now I shall learn something pleasant, I am sure; for it will tell me the other side of a true love episode of which I know one side already
345	Dracula	Bram Stoker	I am back in the room with mother
1342	Pride and Prejudice	Jane Austen	You must give me leave to judge for myself, and pay me the compliment of believing what I say
1342	Pride and Prejudice	Jane Austen	I shall not sport with your impatience by reading what he says on that point
345	Dracula	Bram Stoker	Presently, with an excuse, he left me, asking me to put all my papers together
1342	Pride and Prejudice	Jane Austen	Bingley, she could not make a very favourable answer
1661	The Adventures of Sherlock Holmes	Arthur Conan Doyle	A shock of very bright red hair grew low over his eyes and forehead
345	Dracula	Bram Stoker	As to the tall, curly-haired man, I suppose it was the one who was with me at the last Pop
1661	The Adventures of Sherlock Holmes	Arthur Conan Doyle	When I saw how many were waiting, I would have given it up in despair; but Spaulding would not hear of it
345	Dracula	Bram Stoker	I dared not wait to see him return, for I feared to see those weird sisters
1342	Pride and Prejudice	Jane Austen	Miss Lucas called soon after breakfast, and in a private conference with Elizabeth related the event of the day before
345	Dracula	Bram Stoker	It seems brutally selfish to me to have slept so long, and let him watch all night; but he was quite right
345	Dracula	Bram Stoker	Jonathan and I stood hand in hand, and we felt that our best and dearest friend was gone from us
345	Dracula	Bram Stoker	It will doubtless please your friends to know that you are well, and that you look forward to getting home to them
1661	The Adventures of Sherlock Holmes	Arthur Conan Doyle	The Adventure of the Blue Carbuncle VIII
1342	Pride and Prejudice	Jane Austen	When Darcy returned to the saloon, Miss Bingley could not help repeating to him some part of what she had been saying to his sister
1342	Pride and Prejudice	Jane Austen	They were to be off as soon as possible
345	Dracula	Bram Stoker	Why not advance science in its most difficult and vital aspect--the knowledge of the brain
345	Dracula	Bram Stoker	A little after midnight came a strange sound from over the sea, and high overhead the air began to carry a strange, faint, hollow booming
1342	Pride and Prejudice	Jane Austen	or, why did he thus come a day before he was expected
345	Dracula	Bram Stoker	With such allies as these at his command, I could do nothing
345	Dracula	Bram Stoker	There is no evidence to adduce; and whether or not the man himself committed the murders there is now none to say
1342	Pride and Prejudice	Jane Austen	She had no fear of its spreading farther, through his means
1661	The Adventures of Sherlock Holmes	Arthur Conan Doyle	Sir George Burnwell has been several times lately
345	Dracula	Bram Stoker	Morris are getting on
345	Dracula	Bram Stoker	She make no entry into her little diary, she who write so faithful at every pause
345	Dracula	Bram Stoker	With this stake came a heavy hammer, such as in households is used in the coal-cellar for breaking the lumps
345	Dracula	Bram Stoker	As we came to the door we heard the lunatic within singing gaily, as he used to do in the time which now seems so long ago
1342	Pride and Prejudice	Jane Austen	Bingley, if he _had been_ imposed on, would have much to suffer when the affair became public
1661	The Adventures of Sherlock Holmes	Arthur Conan Doyle	Do you think that you could perform one more feat
345	Dracula	Bram Stoker	It would shock and frighten her to death were I to expose my heart to her
1342	Pride and Prejudice	Jane Austen	I ask only a comfortable home; and, considering Mr
1661	The Adventures of Sherlock Holmes	Arthur Conan Doyle	The shutters cut off the least ray of light, and we waited in absolute darkness
1342	Pride and Prejudice	Jane Austen	What a contrast between him and his friend
345	Dracula	Bram Stoker	He is discreet and silent, and has grown into manhood in my service
1342	Pride and Prejudice	Jane Austen	And a special licence--you must and shall be married by a special licence
345	Dracula	Bram Stoker	Do not fear any of us, we are all devoted to this cause, and to-day shall see the end
345	Dracula	Bram Stoker	In fact, so far as our powers extend, they are unfettered, and we are free to use them
345	Dracula	Bram Stoker	Rejoiced we are nearing England
1661	The Adventures of Sherlock Holmes	Arthur Conan Doyle	I hate to meet her, Watson, when I have no news of her husband
345	Dracula	Bram Stoker	He cheerfully acquiesced in this, and I gave him the same time as before for reduction
1342	Pride and Prejudice	Jane Austen	And yet, upon my honour, I believed what I said of myself to be true, and I believe it at this moment
1342	Pride and Prejudice	Jane Austen	The elopement of Lydia and Wickham is not, like that of Crawford and Mrs
345	Dracula	Bram Stoker	I had done my part, and now my next duty was to keep up my strength
1342	Pride and Prejudice	Jane Austen	He is rich, to be sure, and you may have more fine clothes and fine carriages than Jane
1661	The Adventures of Sherlock Holmes	Arthur Conan Doyle	It looked as if the pair might take an immediate departure, and so necessitate very prompt and energetic measures on my part
345	Dracula	Bram Stoker	All is ready; we are off shortly
345	Dracula	Bram Stoker	Even the Almighty shuns my polluted flesh
1342	Pride and Prejudice	Jane Austen	[Illustration] CHAPTER XLIV
345	Dracula	Bram Stoker	I lay a while, but could not quite sleep, so I got out and looked out of the window again
1342	Pride and Prejudice	Jane Austen	It is evident that you belong to the first circles
1342	Pride and Prejudice	Jane Austen	I have not a doubt of your doing very well together
345	Dracula	Bram Stoker	There was no place for words in his sublime misery
1661	The Adventures of Sherlock Holmes	Arthur Conan Doyle	Clair had last been seen
345	Dracula	Bram Stoker	I shall have much to ask him of other things
345	Dracula	Bram Stoker	I sat down by her, and presently she moved uneasily
345	Dracula	Bram Stoker	A heavy sea-wall runs along outside of it
1661	The Adventures of Sherlock Holmes	Arthur Conan Doyle	He wanted her to sign a paper, so that whether she married or not, he could use her money
345	Dracula	Bram Stoker	We should have written long ago, but we knew nothing of his friends, and there was on him nothing that any one could understand
345	Dracula	Bram Stoker	I was too excited to sleep, but this diary has quieted me, and I feel I shall get some sleep to-night
1342	Pride and Prejudice	Jane Austen	But before they heard again from Mr
345	Dracula	Bram Stoker	However, to-night she is more _vif_
1342	Pride and Prejudice	Jane Austen	This is the estimation in which you hold me
1661	The Adventures of Sherlock Holmes	Arthur Conan Doyle	The Duke, his father, was at one time Secretary for Foreign Affairs
345	Dracula	Bram Stoker	I pitied the others, especially Arthur
1342	Pride and Prejudice	Jane Austen	The good news quickly spread through the house; and with proportionate speed through the neighbourhood
1661	The Adventures of Sherlock Holmes	Arthur Conan Doyle	I ran to her and threw my arms round her, but at that moment her knees seemed to give way and she fell to the ground
1342	Pride and Prejudice	Jane Austen	_I_ shall not be able to keep you--and so I warn you
1661	The Adventures of Sherlock Holmes	Arthur Conan Doyle	There could be no doubt that, as it was a national possession, a horrible scandal would ensue if any misfortune should occur to it
345	Dracula	Bram Stoker	Hawkins to communicate with her
1661	The Adventures of Sherlock Holmes	Arthur Conan Doyle	Sherlock Holmes was well known to the force, and the two constables at the door saluted him
345	Dracula	Bram Stoker	So far as I can see, my only plan will be to keep my knowledge and my fears to myself, and my eyes open
345	Dracula	Bram Stoker	Lucy Westenra, but yet how changed
1661	The Adventures of Sherlock Holmes	Arthur Conan Doyle	Holmes; you have learned something
1342	Pride and Prejudice	Jane Austen	But are you pleased, Jane
1661	The Adventures of Sherlock Holmes	Arthur Conan Doyle	It will end in my being conveyed into the house
1661	The Adventures of Sherlock Holmes	Arthur Conan Doyle	I rapidly threw on my clothes and was ready in a few minutes to accompany my friend down to the sitting-room
345	Dracula	Bram Stoker	I really believe his purpose is to be able to pray alone
345	Dracula	Bram Stoker	That, so far, his plans were successful we know
345	Dracula	Bram Stoker	but we cannot; the engines are throbbing and doing their utmost
345	Dracula	Bram Stoker	Why mutilate her poor body without need
1342	Pride and Prejudice	Jane Austen	Perhaps this concealment, this disguise, was beneath me
345	Dracula	Bram Stoker	The opiate worked itself off towards dusk, and she waked naturally; she looked a different being from what she had been before the operation
1661	The Adventures of Sherlock Holmes	Arthur Conan Doyle	Well, I have no doubt that this small matter will fall into the same innocent category
345	Dracula	Bram Stoker	You, whom I have seen with no tremble of hand or heart, do operations of life and death that make the rest shudder
1661	The Adventures of Sherlock Holmes	Arthur Conan Doyle	He was pacing the room swiftly, eagerly, with his head sunk upon his chest and his hands clasped behind him
1661	The Adventures of Sherlock Holmes	Arthur Conan Doyle	It was a curious way of managing it, but, really, it would be difficult to suggest a better
345	Dracula	Bram Stoker	He looked very sad at this, so I said that he must clear out some of them, at all events
345	Dracula	Bram Stoker	Good-bye, dear Arthur, if I should not survive this night
345	Dracula	Bram Stoker	I felt all over the body, but no sign could I find of the key
345	Dracula	Bram Stoker	I was glad to see her paleness and her illness, for my mind was full of the fresh horror of that ruddy vampire sleep
1342	Pride and Prejudice	Jane Austen	He seldom appeared really animated
345	Dracula	Bram Stoker	The first of us to speak was the Professor, as, realising the difficulty of following him through the stable, we moved toward the hall
345	Dracula	Bram Stoker	John Seward, the lunatic-asylum man, with the strong jaw and the good forehead
1661	The Adventures of Sherlock Holmes	Arthur Conan Doyle	Finally he walked over to the bed and spent some time in staring at it and in running his eye up and down the wall
345	Dracula	Bram Stoker	It was like the intolerable, tingling sweetness of water-glasses when played on by a cunning hand
1661	The Adventures of Sherlock Holmes	Arthur Conan Doyle	But what could it indicate
345	Dracula	Bram Stoker	He has told me all about you, and that you are shortly to be his wife
345	Dracula	Bram Stoker	It may be that it was frightened and made its way on to the moors, where it is still hiding in terror
1342	Pride and Prejudice	Jane Austen	How could she deny that credit to his assertions, in one instance, which she had been obliged to give in the other
1342	Pride and Prejudice	Jane Austen	His regiment is there; for I suppose you have heard of his leaving the ----shire, and of his being gone into the Regulars
1342	Pride and Prejudice	Jane Austen	She is quite a little creature
1661	The Adventures of Sherlock Holmes	Arthur Conan Doyle	She watched us with a sardonic eye as we stepped from the brougham
1661	The Adventures of Sherlock Holmes	Arthur Conan Doyle	Then I called at the offices round, but none of them seemed to know anything about it
345	Dracula	Bram Stoker	If I was shocked when I saw her yesterday, I was horrified when I saw her to-day
345	Dracula	Bram Stoker	On his face, as there might well be, was a look of wild amazement
1342	Pride and Prejudice	Jane Austen	Have a little compassion on my nerves
1342	Pride and Prejudice	Jane Austen	On entering the room, he seemed to hesitate; but Jane happened to look round, and happened to smile: it was decided
345	Dracula	Bram Stoker	He knew not then but that must be so
345	Dracula	Bram Stoker	I felt very weak, and in the weakness lost something of the amazement at what had occurred
1342	Pride and Prejudice	Jane Austen	My mother means well; but she does not know, no one can know, how much I suffer from what she says
345	Dracula	Bram Stoker	He has now so far quieted that there are spells of cessation from his passion
11	Alice's Adventures in Wonderland	Lewis Carroll	The Cat only grinned when it saw Alice
1342	Pride and Prejudice	Jane Austen	Mamma would like to go, too, of all things
345	Dracula	Bram Stoker	You keep watch all night; see that she is well fed, and that nothing disturbs her
11	Alice's Adventures in Wonderland	Lewis Carroll	However, it was over at last, and they sat down again in a ring, and begged the Mouse to tell them something more
345	Dracula	Bram Stoker	The coming night might see my own body a banquet in a similar way to those horrid three
345	Dracula	Bram Stoker	It does not read like him, and yet it is his writing
1661	The Adventures of Sherlock Holmes	Arthur Conan Doyle	Clair had been deluded when, with a cry, she sprang at a small deal box which lay upon the table and tore the lid from it
1342	Pride and Prejudice	Jane Austen	Collins has no instrument, she is very welcome, as I have often told her, to come to Rosings every day, and play on the pianoforte in Mrs
345	Dracula	Bram Stoker	well, then all men shall know that I have been true to my trust
1661	The Adventures of Sherlock Holmes	Arthur Conan Doyle	Pray take the basket-chair
1661	The Adventures of Sherlock Holmes	Arthur Conan Doyle	These are the more patent facts which are to be deduced from his hat
345	Dracula	Bram Stoker	I thought and thought what should be my next move, but my brain seemed on fire, and I waited with a despairing feeling growing over me
345	Dracula	Bram Stoker	The Professor watched me critically
345	Dracula	Bram Stoker	Hawkins left in his will that he was to be buried in the grave with his father
1661	The Adventures of Sherlock Holmes	Arthur Conan Doyle	The photograph is in a recess behind a sliding panel just above the right bell-pull
1342	Pride and Prejudice	Jane Austen	She certainly did not hate him
345	Dracula	Bram Stoker	It was all very ridiculous but I did not feel comfortable
1661	The Adventures of Sherlock Holmes	Arthur Conan Doyle	Set the pips on McCauley, Paramore, and John Swain of St
345	Dracula	Bram Stoker	Was it not for these causes that you send for me when the great trouble came
345	Dracula	Bram Stoker	The coastguard said the man must have tied up his own hands, fastening the knots with his teeth
345	Dracula	Bram Stoker	In due time we arrived
345	Dracula	Bram Stoker	He has closed the account most accurately, and to-day begun a new record
1342	Pride and Prejudice	Jane Austen	But vanity, not love, has been my folly
1661	The Adventures of Sherlock Holmes	Arthur Conan Doyle	When a woman thinks that her house is on fire, her instinct is at once to rush to the thing which she values most
1661	The Adventures of Sherlock Holmes	Arthur Conan Doyle	Then I, rather imprudently, wished you good-night, and started for the Temple to see my husband
1661	The Adventures of Sherlock Holmes	Arthur Conan Doyle	In front of him he saw, in the gaslight, a tallish man, walking with a slight stagger, and carrying a white goose slung over his shoulder
1342	Pride and Prejudice	Jane Austen	[Illustration] CHAPTER XIV [Illustration] During dinner, Mr
345	Dracula	Bram Stoker	You tell me that Lord Godalming and Mr
345	Dracula	Bram Stoker	Already a hand short, and entering on the Bay of Biscay with wild weather ahead, and yet last night another man lost--disappeared
345	Dracula	Bram Stoker	Mate cheerful again, and all on good terms
1342	Pride and Prejudice	Jane Austen	Bennet, in equal silence, was enjoying the scene
345	Dracula	Bram Stoker	He went at once and sat down on the edge of the bed, with Godalming beside him; we all watched in patience
345	Dracula	Bram Stoker	The Count again excused himself, as he had dined out on his being away from home
345	Dracula	Bram Stoker	And believe me, friend John, that he is good to come, and kind
1342	Pride and Prejudice	Jane Austen	Bennet was firm: it soon led to another; and Mrs
345	Dracula	Bram Stoker	And I have read your diary that you have so goodly written for me, and which breathes out truth in every line
345	Dracula	Bram Stoker	And I can die, if need be, as well as younger men
345	Dracula	Bram Stoker	So true, so sweet, so noble, so little an egoist--and that, let me tell you, is much in this age, so sceptical and selfish
1342	Pride and Prejudice	Jane Austen	It was very little less
345	Dracula	Bram Stoker	Of course it is about Lucy
1342	Pride and Prejudice	Jane Austen	Is there one among the sex who would not protest against such a weakness as a second proposal to the same woman
1661	The Adventures of Sherlock Holmes	Arthur Conan Doyle	Then, when I flash a light upon them, close in swiftly
1342	Pride and Prejudice	Jane Austen	It was a subject, in short, on which reflection would be long indulged, and must be unavailing
1661	The Adventures of Sherlock Holmes	Arthur Conan Doyle	I began to laugh at this, but the laugh was struck from my lips at the sight of his face
1661	The Adventures of Sherlock Holmes	Arthur Conan Doyle	Lucy Parr, who had brought in the coffee, had, I am sure, left the room; but I cannot swear that the door was closed
1661	The Adventures of Sherlock Holmes	Arthur Conan Doyle	His brain is as cunning as his fingers, and though we meet signs of him at every turn, we never know where to find the man himself
1342	Pride and Prejudice	Jane Austen	By supposing such an affection, you make everybody acting unnaturally and wrong, and me most unhappy
345	Dracula	Bram Stoker	Hildesheim cleared the box, took it off, and gave it to Skinsky
11	Alice's Adventures in Wonderland	Lewis Carroll	Alice sighed wearily
1661	The Adventures of Sherlock Holmes	Arthur Conan Doyle	During all the years that he lived at Horsham, I doubt if ever he set foot in the town
345	Dracula	Bram Stoker	Morris found me alone
345	Dracula	Bram Stoker	By good fortune I can leave just at once, without wrong to any of those who have trusted me
1661	The Adventures of Sherlock Holmes	Arthur Conan Doyle	William Morris or Mr
1661	The Adventures of Sherlock Holmes	Arthur Conan Doyle	I would not have missed it for worlds
1342	Pride and Prejudice	Jane Austen	Tease calmness of temper and presence of mind
345	Dracula	Bram Stoker	Whilst still asleep she took the paper from her breast and tore it in two
1661	The Adventures of Sherlock Holmes	Arthur Conan Doyle	this, I suppose, is he
1342	Pride and Prejudice	Jane Austen	Darcy had been standing near enough for her to overhear a conversation between him and Mr
1661	The Adventures of Sherlock Holmes	Arthur Conan Doyle	About 1869 or 1870 he came back to Europe and took a small estate in Sussex, near Horsham
345	Dracula	Bram Stoker	Thank God, for His great mercy
345	Dracula	Bram Stoker	Manlike, they had told me to go to bed and sleep; as if a woman can sleep when those she loves are in danger
1342	Pride and Prejudice	Jane Austen	dear Lizzy, only consider what he must have suffered
1342	Pride and Prejudice	Jane Austen	In what imaginary act of friendship can you here defend yourself
1342	Pride and Prejudice	Jane Austen	I grieve to find, however, that Colonel F
1342	Pride and Prejudice	Jane Austen	I cannot find out that I hate her at all, or that I am in the least unwilling to think her a very good sort of girl
1342	Pride and Prejudice	Jane Austen	That is the place to get husbands
345	Dracula	Bram Stoker	Your police must indeed be zealous men and clever--oh, so clever!--in reading the heart, that they trouble themselves in such matter
1661	The Adventures of Sherlock Holmes	Arthur Conan Doyle	And, first, as to how it came here
1661	The Adventures of Sherlock Holmes	Arthur Conan Doyle	Old as is the idea, however, there were one or two details which were new to me
345	Dracula	Bram Stoker	There are certainly odd deficiencies in the house, considering the extraordinary evidences of wealth which are round me
345	Dracula	Bram Stoker	I did not see the face, but I knew the man by the neck and the movement of his back and arms
1661	The Adventures of Sherlock Holmes	Arthur Conan Doyle	He was a man of about fifty, tall, portly, and imposing, with a massive, strongly marked face and a commanding figure
1342	Pride and Prejudice	Jane Austen	Bingley, it is very hard to have her taken away from me
1661	The Adventures of Sherlock Holmes	Arthur Conan Doyle	I have just been looking through all the recent papers in order to master the particulars
345	Dracula	Bram Stoker	A thin mist began to creep up from the river, and it grew, and grew; till soon a dense fog enveloped the ship and all around her
1342	Pride and Prejudice	Jane Austen	All was joy and kindness
1342	Pride and Prejudice	Jane Austen	I could hardly keep my countenance
345	Dracula	Bram Stoker	I suppose one ought to pity any thing so hunted as is the Count
1342	Pride and Prejudice	Jane Austen	[Illustration] Elizabeth related to Jane, the next day, what had passed between Mr
345	Dracula	Bram Stoker	His face fell, and I could see a warning of danger in it, for there was a sudden fierce, sidelong look which meant killing
1342	Pride and Prejudice	Jane Austen	Gardiner did--a question which she could not answer without confusion--said scarcely anything
1661	The Adventures of Sherlock Holmes	Arthur Conan Doyle	That is what makes me uneasy
1661	The Adventures of Sherlock Holmes	Arthur Conan Doyle	It was pierced in the brim for a hat-securer, but the elastic was missing
1661	The Adventures of Sherlock Holmes	Arthur Conan Doyle	If she were ill-used, then at any risks I was determined to go back to her assistance
1342	Pride and Prejudice	Jane Austen	As a child, she was affectionate and pleasing, and extremely fond of me; and I have devoted hours and hours to her amusement
1342	Pride and Prejudice	Jane Austen	it was gratifying to have inspired unconsciously so strong an affection
1342	Pride and Prejudice	Jane Austen	They all paint tables, cover screens, and net purses
345	Dracula	Bram Stoker	I have made my fire and have seen the horses, they are all dead
345	Dracula	Bram Stoker	She is still too pale, but does not look so haggard as she did this morning
1342	Pride and Prejudice	Jane Austen	Darcy, a most intimate, confidential friend
1661	The Adventures of Sherlock Holmes	Arthur Conan Doyle	And that was how a great scandal threatened to affect the kingdom of Bohemia, and how the best plans of Mr
345	Dracula	Bram Stoker	She never stirred, but slept on and on in a deep, tranquil, life-giving, health-giving sleep
1661	The Adventures of Sherlock Holmes	Arthur Conan Doyle	A loud thudding noise came from somewhere downstairs
345	Dracula	Bram Stoker	The whole scene was an unutterable mixture of comedy and pathos
345	Dracula	Bram Stoker	We got to the Borgo Pass just after sunrise yesterday morning
1661	The Adventures of Sherlock Holmes	Arthur Conan Doyle	His whole life appears to be spent in an alternation between savage fits of passion and gloomy intervals of sulking
345	Dracula	Bram Stoker	The good God fashioned her for a purpose, believe me, when He made that so good combination
1342	Pride and Prejudice	Jane Austen	It is what everybody says
1661	The Adventures of Sherlock Holmes	Arthur Conan Doyle	There are several singular points about the case
1661	The Adventures of Sherlock Holmes	Arthur Conan Doyle	THE ADVENTURE OF THE NOBLE BACHELOR The Lord St
1661	The Adventures of Sherlock Holmes	Arthur Conan Doyle	We found him, when we went to search for him, face downward in a little green-scummed pool, which lay at the foot of the garden
345	Dracula	Bram Stoker	Nor in astral bodies
1342	Pride and Prejudice	Jane Austen	An airing would do me a great deal of good, I am sure
1342	Pride and Prejudice	Jane Austen	Everybody said how well she looked; and Mr
1342	Pride and Prejudice	Jane Austen	Her father was walking about the room, looking grave and anxious
1342	Pride and Prejudice	Jane Austen	My father bears it better
345	Dracula	Bram Stoker	I too have seen the need of putting down at present everything, however trivial; but there is little in this except what is personal
345	Dracula	Bram Stoker	He evidently did not know that there was a leaden coffin, or, at any rate, had not thought of it
1661	The Adventures of Sherlock Holmes	Arthur Conan Doyle	After all, I thought, we are not injuring her
1342	Pride and Prejudice	Jane Austen	Bennet could not have chosen better
345	Dracula	Bram Stoker	In the morning come the Szgany, who have some labours of their own here, and also come some Slovaks
1342	Pride and Prejudice	Jane Austen	she can have no idea of the pain she gives me by her continual reflections on him
345	Dracula	Bram Stoker	I tried to get him to talk about the past few days, for any clue to his thoughts would be of immense help to me; but he would not rise
345	Dracula	Bram Stoker	Here was a rare interview; I shall try to record it _verbatim_
345	Dracula	Bram Stoker	So I said farewell to Mina, a parting which neither of us shall forget to our dying day; and we set out
1661	The Adventures of Sherlock Holmes	Arthur Conan Doyle	Suddenly, to my surprise, the three at the altar faced round to me, and Godfrey Norton came running as hard as he could towards me
1342	Pride and Prejudice	Jane Austen	I cannot blame myself for having done thus much
1342	Pride and Prejudice	Jane Austen	In vain did she entreat him to stand up with somebody else, and offered to introduce him to any young lady in the room
345	Dracula	Bram Stoker	I am longing to hear all his news
345	Dracula	Bram Stoker	What a good thing that Mrs
345	Dracula	Bram Stoker	Had it but been for myself the choice had been easy, the maw of the wolf were better to rest in than the grave of the Vampire
1342	Pride and Prejudice	Jane Austen	My child, let me not have the grief of seeing _you_ unable to respect your partner in life
1661	The Adventures of Sherlock Holmes	Arthur Conan Doyle	A chair had been placed close to the central window, with its back turned towards it
345	Dracula	Bram Stoker	We only know that the box is somewhere on the water, moving along
345	Dracula	Bram Stoker	Here comes the coach
1342	Pride and Prejudice	Jane Austen	But do not deceive yourself into a belief that I will ever recede
345	Dracula	Bram Stoker	The letter that he has seen and touched must comfort me till we meet
1342	Pride and Prejudice	Jane Austen	But she would not allow herself to stay with her sister, or say half that remained to be said, for the present
1661	The Adventures of Sherlock Holmes	Arthur Conan Doyle	I know I ought to have spoken to Lord St
345	Dracula	Bram Stoker	They have now gone off to Carfax, with means to get into the house
345	Dracula	Bram Stoker	I feared to go very far from the station, as we had arrived late and would start as near the correct time as possible
345	Dracula	Bram Stoker	No word shall be lost; and in the good time I shall give them back to you
345	Dracula	Bram Stoker	So, sobbing and crying, they went about their way, half clad as they were, and prepared fire and water
1342	Pride and Prejudice	Jane Austen	Not that I care about it, though
1661	The Adventures of Sherlock Holmes	Arthur Conan Doyle	One day my editor wished to have a series of articles upon begging in the metropolis, and I volunteered to supply them
345	Dracula	Bram Stoker	His stronger nature seems to have worked inwardly against himself
345	Dracula	Bram Stoker	There was nobody about, and I made search for any further outlet, but there was none
345	Dracula	Bram Stoker	I make myself the wreath that you are to wear
1661	The Adventures of Sherlock Holmes	Arthur Conan Doyle	His appearance, you see, is so remarkable that no one can pass him without observing him
345	Dracula	Bram Stoker	I had for dinner, or rather supper, a chicken done up some way with red pepper, which was very good but thirsty
1342	Pride and Prejudice	Jane Austen	Darcy!--and so it does, I vow
1661	The Adventures of Sherlock Holmes	Arthur Conan Doyle	Toller lets him loose every night, and God help the trespasser whom he lays his fangs upon
345	Dracula	Bram Stoker	You shall kiss her once before it is done, but then you must go; and you must leave at my sign
1342	Pride and Prejudice	Jane Austen	and if he does, Colonel Forster will hire him
345	Dracula	Bram Stoker	Dressing-gown and dress were both in their places
1661	The Adventures of Sherlock Holmes	Arthur Conan Doyle	Willows says that he is a wreck and that his nervous system is shattered
345	Dracula	Bram Stoker	I have been quite touched by the change in the poor old man
345	Dracula	Bram Stoker	I was in doubt, and then everything took a hue of unreality, and I did not know what to trust, even the evidence of my own senses
1342	Pride and Prejudice	Jane Austen	There is nothing like dancing, after all
345	Dracula	Bram Stoker	it sickens me to think of it
345	Dracula	Bram Stoker	I rushed to the window, and throwing it up, peered out between the bars
1342	Pride and Prejudice	Jane Austen	I never met with anybody who delighted me so much
1342	Pride and Prejudice	Jane Austen	He has been accused of many faults at different times; but _this_ is the true one
1342	Pride and Prejudice	Jane Austen	I was sure you could not be so beautiful for nothing
1661	The Adventures of Sherlock Holmes	Arthur Conan Doyle	You have been looking a little pale lately
1342	Pride and Prejudice	Jane Austen	I thought Miss Elizabeth Bennet looked remarkably well when she came into the room this morning
1661	The Adventures of Sherlock Holmes	Arthur Conan Doyle	Clair, I was arrested as his murderer
345	Dracula	Bram Stoker	I cannot but think of Lucy, and how different things might have been
345	Dracula	Bram Stoker	He mumbled out that the money had been sent in a letter, and that was all he knew
1342	Pride and Prejudice	Jane Austen	She must own that she was tired of great houses: after going over so many, she really had no pleasure in fine carpets or satin curtains
1661	The Adventures of Sherlock Holmes	Arthur Conan Doyle	To me at least there was a strange contrast between the sweet promise of the spring and this sinister quest upon which we were engaged
345	Dracula	Bram Stoker	Then there came the sound of many feet tramping and dying away in some passage which sent up a clanging echo
345	Dracula	Bram Stoker	We opened the door, and went out
345	Dracula	Bram Stoker	One thing I know: that if my instinct be true regarding poor Mrs
1661	The Adventures of Sherlock Holmes	Arthur Conan Doyle	Chance has put in our way a most singular and whimsical problem, and its solution is its own reward
345	Dracula	Bram Stoker	Remember, my friend, that knowledge is stronger than memory, and we should not trust the weaker
1342	Pride and Prejudice	Jane Austen	Their fortune on both sides is splendid
1661	The Adventures of Sherlock Holmes	Arthur Conan Doyle	Roylott was in India he married my mother, Mrs
1342	Pride and Prejudice	Jane Austen	There is in everything a most remarkable resemblance of character and ideas between us
345	Dracula	Bram Stoker	My revenge is just begun
345	Dracula	Bram Stoker	Never, even in the midst of our despair about poor Lucy, had he looked more stern
345	Dracula	Bram Stoker	Notwithstanding his brave words, he fears us; he fear time, he fear want
1342	Pride and Prejudice	Jane Austen	How much of good or evil must be done by him
345	Dracula	Bram Stoker	Mina gazed at him fixedly for a few minutes, during which my own heart beat like a trip hammer, for I felt that some crisis was at hand
345	Dracula	Bram Stoker	It was a brave struggle; and was, I think and believe, not without its reward
345	Dracula	Bram Stoker	She ought to be here by now
1342	Pride and Prejudice	Jane Austen	She was sure they should be married some time or other, and it did not much signify when
345	Dracula	Bram Stoker	We said nothing at the time, however
345	Dracula	Bram Stoker	Perhaps it is the change of air, or getting home again
345	Dracula	Bram Stoker	The two men might be Dr
345	Dracula	Bram Stoker	I cannot sleep, so I make this entry
345	Dracula	Bram Stoker	Her forehead is puckered up into little wrinkles, as though she thinks even in her sleep
1342	Pride and Prejudice	Jane Austen	I have the greatest dislike in the world to that sort of thing
1342	Pride and Prejudice	Jane Austen	Collins knew not what to make of him
1661	The Adventures of Sherlock Holmes	Arthur Conan Doyle	I should not stay here
345	Dracula	Bram Stoker	As far as the eye can reach is a sea of green tree tops, with occasionally a deep rift where there is a chasm
1661	The Adventures of Sherlock Holmes	Arthur Conan Doyle	At last, when nothing else would do, he went off to France upon the business of the firm, but we went, mother and I, with Mr
345	Dracula	Bram Stoker	And Arthur and my friend Quincey, they are with you, too
345	Dracula	Bram Stoker	I seem to feel his presence warm about me
345	Dracula	Bram Stoker	You are to stay with your dear Madam Mina
1342	Pride and Prejudice	Jane Austen	Bennet, as he folded up the letter
1661	The Adventures of Sherlock Holmes	Arthur Conan Doyle	She told him of the coronet
345	Dracula	Bram Stoker	I keep the key of our door always fastened to my wrist at night, but she gets up and walks about the room, and sits at the open window
1342	Pride and Prejudice	Jane Austen	If I were not afraid of judging harshly, I should be almost tempted to say, that there is a strong appearance of duplicity in all this
345	Dracula	Bram Stoker	By this time the gypsies, seeing themselves covered by the Winchesters, and at the mercy of Lord Godalming and Dr
1342	Pride and Prejudice	Jane Austen	I thought him very sly; he hardly ever mentioned your name
1661	The Adventures of Sherlock Holmes	Arthur Conan Doyle	Was she his client, his friend, or his mistress
345	Dracula	Bram Stoker	I took the papers from the safe where they had been ever since our return so long ago
345	Dracula	Bram Stoker	The castle is a veritable prison, and I am a prisoner
345	Dracula	Bram Stoker	Quincey Morris said nothing about his intention, but I knew that all night long he patrolled round and round the house
345	Dracula	Bram Stoker	It was quite evident that he feared, or was jealous of, some interference
345	Dracula	Bram Stoker	We ride to death of some one
1661	The Adventures of Sherlock Holmes	Arthur Conan Doyle	Square, too, quite unusual boots
345	Dracula	Bram Stoker	We go off now to find what ship, and whither bound; when we have discover that, we come back and tell you all
345	Dracula	Bram Stoker	What did that poor, sweet girl do that you should want to cast such dishonour on her grave
1342	Pride and Prejudice	Jane Austen	I am always glad to get a young person well placed out
1342	Pride and Prejudice	Jane Austen	I am sick of them all
1342	Pride and Prejudice	Jane Austen	Gardiner, and Miss Bennet, to dinner at Pemberley, before they left the country
345	Dracula	Bram Stoker	He kept staring; a man came out of the shop with a small parcel, and gave it to the lady, who then drove off
345	Dracula	Bram Stoker	Lord, help me, and those to whom I am dear
1661	The Adventures of Sherlock Holmes	Arthur Conan Doyle	You cannot imagine how comical he was, and I laughed until I was quite weary
1661	The Adventures of Sherlock Holmes	Arthur Conan Doyle	Then I do not think that I need to detain you longer
345	Dracula	Bram Stoker	You shudder; and well may it be
345	Dracula	Bram Stoker	His means of taming is simple, for already the spiders have diminished
1661	The Adventures of Sherlock Holmes	Arthur Conan Doyle	Two hansoms were standing at the door, and as I entered the passage I heard the sound of voices from above
1342	Pride and Prejudice	Jane Austen	You have done all this
1342	Pride and Prejudice	Jane Austen	Darcy found, on further inquiry, that your father was still with him, but would quit town the next morning
345	Dracula	Bram Stoker	I am writing up this part of the diary whilst I am waiting for the coach, which is, of course, late; and the crucifix is still round my neck
345	Dracula	Bram Stoker	I sympathise with poor Desdemona when she had such a dangerous stream poured in her ear, even by a black man
345	Dracula	Bram Stoker	Our bird when he found the cage open would not fly, so all our subtle arrangements were for nought
345	Dracula	Bram Stoker	So be it that he has gone elsewhere
345	Dracula	Bram Stoker	That is the reason of his coming; it is concerning Lucy and her sleep-walking, and not about Jonathan
1342	Pride and Prejudice	Jane Austen	On this subject, what can you have to say
345	Dracula	Bram Stoker	Lucy turned her head and looked at us, but said nothing
1661	The Adventures of Sherlock Holmes	Arthur Conan Doyle	He shrugged his shoulders
345	Dracula	Bram Stoker	Some may not think it so sad for us, but we had both come to so love him that it really seems as though we had lost a father
345	Dracula	Bram Stoker	It seemingly had driven the snow clouds from us, for, with only occasional bursts, the snow fell
345	Dracula	Bram Stoker	Every trace of all that had been was blotted out
1661	The Adventures of Sherlock Holmes	Arthur Conan Doyle	It is this infernal St
345	Dracula	Bram Stoker	As for me, my own affairs are regulate; and as I have nothing else to do, I shall go make arrangements for the travel
1661	The Adventures of Sherlock Holmes	Arthur Conan Doyle	I have a caseful of cigarettes here which need smoking, and the sofa is very much superior to the usual country hotel abomination
345	Dracula	Bram Stoker	The whole motor area seems affected
345	Dracula	Bram Stoker	Van Helsing motioned me to pull up the blind
1342	Pride and Prejudice	Jane Austen	Could he have Colonel Fitzwilliam in his thoughts
345	Dracula	Bram Stoker	I shall fear to doubt what he may say
345	Dracula	Bram Stoker	I may find a way from this dreadful place
345	Dracula	Bram Stoker	She wants blood, and blood she must have or die
11	Alice's Adventures in Wonderland	Lewis Carroll	There was exactly one a-piece, all round
1661	The Adventures of Sherlock Holmes	Arthur Conan Doyle	And now I must fly to my dear boy to apologise to him for the wrong which I have done him
345	Dracula	Bram Stoker	I must not ask him, for fear I shall do more harm than good; but I must somehow learn the facts of his journey abroad
345	Dracula	Bram Stoker	Time presses, and in our implied agreement with the old scytheman it is of the essence of the contract
1661	The Adventures of Sherlock Holmes	Arthur Conan Doyle	His face set hard, and a baleful light sprang up in his grey eyes
345	Dracula	Bram Stoker	Morris looking out of a window
1661	The Adventures of Sherlock Holmes	Arthur Conan Doyle	The lamp still stood upon the floor where I had placed it when examining the trough
345	Dracula	Bram Stoker	Just as I had finished, Quincey and Godalming knocked at the door
1342	Pride and Prejudice	Jane Austen	She attracted him more than he liked; and Miss Bingley was uncivil to _her_ and more teasing than usual to himself
345	Dracula	Bram Stoker	This is the more natural as the favourite game of the little ones at present is luring each other away by wiles
1342	Pride and Prejudice	Jane Austen	But Elizabeth had sources of uneasiness which could not yet be suspected by Jane, to whom she had never yet had courage to show Mrs
1342	Pride and Prejudice	Jane Austen	Her Ladyship was highly incensed
1342	Pride and Prejudice	Jane Austen	Bennet, to whom they then turned, was not quite so cordial
345	Dracula	Bram Stoker	I think that none of us were surprised when we were asked to see Mrs
1342	Pride and Prejudice	Jane Austen	Elizabeth was determined; nor did Sir William at all shake her purpose by his attempt at persuasion
345	Dracula	Bram Stoker	Now this criminal of ours is predestinate to crime also; he, too, have child-brain, and it is of the child to do what he have done
1661	The Adventures of Sherlock Holmes	Arthur Conan Doyle	It appears that she was formerly a _danseuse_ at the Allegro, and that she has known the bridegroom for some years
1342	Pride and Prejudice	Jane Austen	Nonsense, how can you talk so
345	Dracula	Bram Stoker	_By Road._--There are endless difficulties, especially in leaving the city
345	Dracula	Bram Stoker	There will not be any chance of our being cold
345	Dracula	Bram Stoker	I put the forked metal to my ears and listened
345	Dracula	Bram Stoker	To my intense surprise, there was no one with him
345	Dracula	Bram Stoker	I could not but admire, even at such a moment, the way in which a dominant spirit asserted itself
345	Dracula	Bram Stoker	Inured as I was to sick beds and death, this suspense grew, and grew upon me
1661	The Adventures of Sherlock Holmes	Arthur Conan Doyle	I think it was before your time, Watson
1661	The Adventures of Sherlock Holmes	Arthur Conan Doyle	In the scuffle, your son struck Sir George and cut him over the eye
1661	The Adventures of Sherlock Holmes	Arthur Conan Doyle	Holmes cut the cord and removed the transverse bar
345	Dracula	Bram Stoker	Just then, the moonlight crept round an angle of the building, and the light fell on the window
1661	The Adventures of Sherlock Holmes	Arthur Conan Doyle	Besides, it is the season of forgiveness
1342	Pride and Prejudice	Jane Austen	Lydia, my love, though you _are_ the youngest, I dare say Mr
345	Dracula	Bram Stoker	The sweetness was turned to adamantine, heartless cruelty, and the purity to voluptuous wantonness
345	Dracula	Bram Stoker	It was almost impossible to believe that the things which we had seen with our own eyes and heard with our own ears were living truths
1342	Pride and Prejudice	Jane Austen	Darcy of Pemberley, and Lady Anne, could not have appeared with propriety in a different manner
11	Alice's Adventures in Wonderland	Lewis Carroll	The Mock Turtle went on
1661	The Adventures of Sherlock Holmes	Arthur Conan Doyle	A month ago, however, a dear friend, whom I have known for many years, has done me the honour to ask my hand in marriage
1661	The Adventures of Sherlock Holmes	Arthur Conan Doyle	You see how quickly the deed followed the sign when it came from Dundee
1661	The Adventures of Sherlock Holmes	Arthur Conan Doyle	And in practice again, I observe
1342	Pride and Prejudice	Jane Austen	They agreed that Mrs
1342	Pride and Prejudice	Jane Austen	If I were to go through the world, I could not meet with a better
345	Dracula	Bram Stoker	I took the cover off my typewriter, and said to Dr
345	Dracula	Bram Stoker	What can it not do when it is properly applied; and what might it do when basely used
345	Dracula	Bram Stoker	I have a great task to do, and at the beginning it is to know
1342	Pride and Prejudice	Jane Austen	I am perfectly serious in my refusal
1661	The Adventures of Sherlock Holmes	Arthur Conan Doyle	Must I call you a liar as well as a thief
1342	Pride and Prejudice	Jane Austen	When the gentlemen rose to go away, Mrs
1342	Pride and Prejudice	Jane Austen	It was painful, exceedingly painful, to know that they were under obligations to a person who could never receive a return
345	Dracula	Bram Stoker	Wait you with me outside, unseen and unheard, and things much stranger are yet to be
345	Dracula	Bram Stoker	This turned out to be simple but important
1342	Pride and Prejudice	Jane Austen	He was my godfather, and excessively attached to me
1661	The Adventures of Sherlock Holmes	Arthur Conan Doyle	Holmes, that you can see deeply into the manifold wickedness of the human heart
1661	The Adventures of Sherlock Holmes	Arthur Conan Doyle	I stared at it horror-stricken, not knowing what was about to issue from it
345	Dracula	Bram Stoker	From him we inquire of the goings of the _Czarina Catherine_
1342	Pride and Prejudice	Jane Austen	Bennet soon assured her that he was rising every hour in his esteem
345	Dracula	Bram Stoker	I can feel that my strength and energy are coming back to me
345	Dracula	Bram Stoker	The castle stood as before, reared high above a waste of desolation
345	Dracula	Bram Stoker	I must touch him or kiss him no more
345	Dracula	Bram Stoker	The view was magnificent, and from where I stood there was every opportunity of seeing it
345	Dracula	Bram Stoker	She is young as Un-Dead, and will heed
345	Dracula	Bram Stoker	Before the Professor left the room I cautioned him against getting any false impression from my patient
1661	The Adventures of Sherlock Holmes	Arthur Conan Doyle	Then I walked to the other end, which was a hundred yards or more down the lane
1661	The Adventures of Sherlock Holmes	Arthur Conan Doyle	I observe that there is a good deal of German music on the programme, which is rather more to my taste than Italian or French
1661	The Adventures of Sherlock Holmes	Arthur Conan Doyle	I found Sherlock Holmes alone, however, half asleep, with his long, thin form curled up in the recesses of his armchair
345	Dracula	Bram Stoker	Holmwood introduced him to me, and he called here to see us, and often comes now
345	Dracula	Bram Stoker	But first I shall have much to say, so that you may know what is to do and to dread
1342	Pride and Prejudice	Jane Austen	He cannot know what Mr
1342	Pride and Prejudice	Jane Austen	It is an advantage to have it so far from this part of the kingdom
1661	The Adventures of Sherlock Holmes	Arthur Conan Doyle	We have already a clue
1342	Pride and Prejudice	Jane Austen	He had never had the slightest suspicion
1342	Pride and Prejudice	Jane Austen	But another_ Spectator _letter--that of the damsel of fourteen who wishes to marry Mr
1342	Pride and Prejudice	Jane Austen	Pursuing her way along the lane, she then began it
345	Dracula	Bram Stoker	I looked for the key, but it was not in the lock, and I could not find it anywhere
1342	Pride and Prejudice	Jane Austen	Bingley was obliged to be in town the following day, and consequently unable to accept the honour of their invitation, etc
1661	The Adventures of Sherlock Holmes	Arthur Conan Doyle	Grimesby Roylott which tend to make the matter even more terrible than the truth
1661	The Adventures of Sherlock Holmes	Arthur Conan Doyle	Rucastle to find her eyes fixed upon me with a most searching gaze
345	Dracula	Bram Stoker	I spoke to him as cheerfully as I could, and with such a measure of respect as I could assume
1342	Pride and Prejudice	Jane Austen	Collins came up to them, and told her with great exultation, that he had just been so fortunate as to make a most important discovery
345	Dracula	Bram Stoker	Here am I, who shall be twenty in September, and yet I never had a proposal till to-day, not a real proposal, and to-day I have had three
345	Dracula	Bram Stoker	It is to her an agony to tell us so much as she has done; but it is most right, and we are warned in time
345	Dracula	Bram Stoker	We shall drive ourselves, for we have no one whom we can trust in the matter
345	Dracula	Bram Stoker	I fear to trust those women, even if they would have courage to submit
1342	Pride and Prejudice	Jane Austen	They had frequently been staying with her in town
345	Dracula	Bram Stoker	The dear fellow has been ill; that is why he did not write
1342	Pride and Prejudice	Jane Austen	The compliment to herself and her sister was not unfelt
1342	Pride and Prejudice	Jane Austen	Collins, you must marry
1342	Pride and Prejudice	Jane Austen	I do not think it is very pretty; but I thought I might as well buy it as not
1342	Pride and Prejudice	Jane Austen	How can they suit each other
1661	The Adventures of Sherlock Holmes	Arthur Conan Doyle	The little which I had yet to learn of the case was told me by Sherlock Holmes as we travelled back next day
1661	The Adventures of Sherlock Holmes	Arthur Conan Doyle	As if a man bent on felony would slam his door so as to wake a household
1661	The Adventures of Sherlock Holmes	Arthur Conan Doyle	When he came to the high road at the other end, I found that the pavement had been cleared, so there was an end to that clue
1342	Pride and Prejudice	Jane Austen	The account of his connection with the Pemberley family was exactly what he had related himself; and the kindness of the late Mr
345	Dracula	Bram Stoker	The sight touched me
1661	The Adventures of Sherlock Holmes	Arthur Conan Doyle	Only one man knew my secret
345	Dracula	Bram Stoker	Even now, when I am gravely revolving the matter, it is almost impossible to realise that the cause of all our trouble is still existent
345	Dracula	Bram Stoker	I have not the heart to go through with the details
1661	The Adventures of Sherlock Holmes	Arthur Conan Doyle	There was no sign of a place whence it had been taken
1342	Pride and Prejudice	Jane Austen	For, though elated by his rank, it did not render him supercilious; on the contrary, he was all attention to everybody
1661	The Adventures of Sherlock Holmes	Arthur Conan Doyle	If you received the work on a physical medium, you must return the medium with your written explanation
345	Dracula	Bram Stoker	I am unhappy about Lucy and about Jonathan
1661	The Adventures of Sherlock Holmes	Arthur Conan Doyle	She impressed me neither favourably nor the reverse
1342	Pride and Prejudice	Jane Austen	And, my dear Jane, I never saw you look in greater beauty
1342	Pride and Prejudice	Jane Austen	The supposition did not pain her
345	Dracula	Bram Stoker	As we wound on our endless way, and the sun sank lower and lower behind us, the shadows of the evening began to creep round us
1342	Pride and Prejudice	Jane Austen	The subject was pursued no further, and the gentlemen soon afterwards went away
1342	Pride and Prejudice	Jane Austen	Almost as soon as I entered the house I singled you out as the companion of my future life
345	Dracula	Bram Stoker	That fearful Count was coming to London
345	Dracula	Bram Stoker	The Professor carefully tried the lock, lest we might not be able to open it from within should we be in a hurry making our exit
345	Dracula	Bram Stoker	What ought they to be in China
1342	Pride and Prejudice	Jane Austen	[Illustration] CHAPTER XXXIV
1342	Pride and Prejudice	Jane Austen	Your father would depend on _your_ resolution and good conduct, I am sure
1661	The Adventures of Sherlock Holmes	Arthur Conan Doyle	As he ran he jerked his hands up and down, waggled his head, and writhed his face into the most extraordinary contortions
1661	The Adventures of Sherlock Holmes	Arthur Conan Doyle	The double line a little above the wrist, where the typewritist presses against the table, was beautifully defined
1342	Pride and Prejudice	Jane Austen	All Meryton seemed striving to blacken the man who, but three months before, had been almost an angel of light
345	Dracula	Bram Stoker	He may have intend to bury them deep in the ground
1342	Pride and Prejudice	Jane Austen	Kitty and me were to spend the day there, and Mrs
1342	Pride and Prejudice	Jane Austen	Gardiner abused her stupidity
345	Dracula	Bram Stoker	All we can do just now is done; and we can there, at least, protect her
1661	The Adventures of Sherlock Holmes	Arthur Conan Doyle	This also was opened, and led down a flight of winding stone steps, which terminated at another formidable gate
1342	Pride and Prejudice	Jane Austen	So far each recital confirmed the other; but when she came to the will, the difference was great
1342	Pride and Prejudice	Jane Austen	I am the happiest creature in the world
345	Dracula	Bram Stoker	Accurate note was made of the state of things, and a doctor--Surgeon J
345	Dracula	Bram Stoker	The women closed round, whilst I was aghast with horror; but as I looked they disappeared, and with them the dreadful bag
345	Dracula	Bram Stoker	If we could only go faster
1661	The Adventures of Sherlock Holmes	Arthur Conan Doyle	He started me off upon the letter A, and then he left me; but he would drop in from time to time to see that all was right with me
1661	The Adventures of Sherlock Holmes	Arthur Conan Doyle	I am sorry to have interrupted you
345	Dracula	Bram Stoker	The time did not seem long, but very, very awful, till I recovered consciousness again
1342	Pride and Prejudice	Jane Austen	Wickham had resolved on quitting the militia
345	Dracula	Bram Stoker	It was a pity that we had not some better organised plan of attack, for even at the moment I wondered what we were to do
345	Dracula	Bram Stoker	The men were scared every time we turned our electric lamp on them, and fell on their knees and prayed
1342	Pride and Prejudice	Jane Austen	_They_ will take care not to outrun their income
1342	Pride and Prejudice	Jane Austen	It was a fortnight since Mrs
345	Dracula	Bram Stoker	Hawkins says it would not be a bad thing if we were to be married out there
1661	The Adventures of Sherlock Holmes	Arthur Conan Doyle	The Lascar was known to be a man of the vilest antecedents, but as, by Mrs
345	Dracula	Bram Stoker	It is too great a strain for a woman to bear
1661	The Adventures of Sherlock Holmes	Arthur Conan Doyle	He begged my father to let me live with him and he was very kind to me in his way
1342	Pride and Prejudice	Jane Austen	It was not in her nature, however, to increase her vexations by dwelling on them
1342	Pride and Prejudice	Jane Austen	Neither could anything be urged against my father, who, though with some peculiarities, has abilities which Mr
345	Dracula	Bram Stoker	Oh, what a strange meeting, and how it all makes my head whirl round
345	Dracula	Bram Stoker	Raised outcry, and all came on deck
1661	The Adventures of Sherlock Holmes	Arthur Conan Doyle	We will talk about that
1342	Pride and Prejudice	Jane Austen	They were hopeless of remedy
345	Dracula	Bram Stoker	It seemed that the time had been very short indeed, but there was Van Helsing back in the study
345	Dracula	Bram Stoker	I feel that in saying this I am doing what my dear one would have approved
1661	The Adventures of Sherlock Holmes	Arthur Conan Doyle	Suddenly, to my horror, there was a distinct sound of footsteps moving softly in the next room
1342	Pride and Prejudice	Jane Austen	As for their mother, Mr
1661	The Adventures of Sherlock Holmes	Arthur Conan Doyle	McCarthy came running up to the lodge to say that he had found his father dead in the wood, and to ask for the help of the lodge-keeper
345	Dracula	Bram Stoker	Now I can hear the heavy feet tramping again along the hall, with many other idle feet coming behind them
345	Dracula	Bram Stoker	The wind came now with fiercer and more bitter sweeps, and more steadily from the north
1342	Pride and Prejudice	Jane Austen	You give me fresh life and vigour
345	Dracula	Bram Stoker	He is making straight for me, and I can see, by the way he lifts his hat, that he wants to talk
11	Alice's Adventures in Wonderland	Lewis Carroll	Alice looked all round the table, but there was nothing on it but tea
1661	The Adventures of Sherlock Holmes	Arthur Conan Doyle	It is a pity, because in other respects you would really have done very nicely
1342	Pride and Prejudice	Jane Austen	First of all, he asked Miss Lucas
345	Dracula	Bram Stoker	She was still sleeping, and the Professor seemingly had not moved from his seat at her side
345	Dracula	Bram Stoker	how beautiful she was
345	Dracula	Bram Stoker	But, alas!-- * * * * * _Later._--Dr
1342	Pride and Prejudice	Jane Austen	He was not seated by her: perhaps that was the reason of his silence; but it had not been so in Derbyshire
1342	Pride and Prejudice	Jane Austen	The park paling was still the boundary on one side, and she soon passed one of the gates into the ground
1342	Pride and Prejudice	Jane Austen	Darcy were by no means over
345	Dracula	Bram Stoker	The sun was almost down on the mountain tops, and the shadows of the whole group fell long upon the snow
1342	Pride and Prejudice	Jane Austen	Darcy had been, was much relieved by discerning such different feelings
345	Dracula	Bram Stoker	Morris have half a dozen good horses, well appointed
345	Dracula	Bram Stoker	there is more to tell if you will
345	Dracula	Bram Stoker	The passengers drew back with a sigh of gladness, which seemed to mock my own disappointment
1342	Pride and Prejudice	Jane Austen	Bingley is most unaffectedly modest
345	Dracula	Bram Stoker	I have just had a few hurried lines from Jonathan from Transylvania
345	Dracula	Bram Stoker	Somehow Arthur feels very, very close to me
1661	The Adventures of Sherlock Holmes	Arthur Conan Doyle	There was no slit through which a knife could be passed to raise the bar
1661	The Adventures of Sherlock Holmes	Arthur Conan Doyle	Flora was a dear little thing, but exceedingly hot-headed and devotedly attached to me
345	Dracula	Bram Stoker	I must only pray to God for patience
1661	The Adventures of Sherlock Holmes	Arthur Conan Doyle	Still, that little may as well be cleared up to make the case complete
1342	Pride and Prejudice	Jane Austen	Elizabeth was now to see Mr
345	Dracula	Bram Stoker	She lay quite still, and I looked round the room to see that all was as it should be
1661	The Adventures of Sherlock Holmes	Arthur Conan Doyle	Rucastle came down just after breakfast and whispered something to her husband
1342	Pride and Prejudice	Jane Austen	Her figure was elegant, and she walked well; but Darcy, at whom it was all aimed, was still inflexibly studious
345	Dracula	Bram Stoker	Perhaps he had seen Death with his dying eyes
345	Dracula	Bram Stoker	At such a time I myself might be--nay
345	Dracula	Bram Stoker	I shall make an excuse and try
345	Dracula	Bram Stoker	I must tell you beforehand that Mr
345	Dracula	Bram Stoker	I shall put a bold face on, and if I do feel weepy, he shall never see it
1661	The Adventures of Sherlock Holmes	Arthur Conan Doyle	We both sprang in, and away we dashed down the London Road
1661	The Adventures of Sherlock Holmes	Arthur Conan Doyle	As I strolled up and down, glancing at them occasionally, Mr
1661	The Adventures of Sherlock Holmes	Arthur Conan Doyle	Yet I have a vague impression that as I ran forward something lay upon the ground to the left of me
1342	Pride and Prejudice	Jane Austen	At length she spoke again
345	Dracula	Bram Stoker	The sight seemed to paralyse me, and the shovel turned in my hand and glanced from the face, merely making a deep gash above the forehead
345	Dracula	Bram Stoker	At present he want her not
1342	Pride and Prejudice	Jane Austen	The expression of his face changed gradually from indignant contempt to a composed and steady gravity
1342	Pride and Prejudice	Jane Austen	Hill and the two housemaids
345	Dracula	Bram Stoker	We beg, with regard to the desire of your Lordship, expressed by Mr
1342	Pride and Prejudice	Jane Austen	They met again on Sunday, and then _I_ saw him too
345	Dracula	Bram Stoker	I shall hide this paper in my breast, where they shall find it when they come to lay me out
345	Dracula	Bram Stoker	When he comes to-morrow I shall ask him about Jonathan; and then, please God, all this sorrow and anxiety may lead to a good end
1342	Pride and Prejudice	Jane Austen	Lady Catherine might see him in her way through town; and his engagement to Bingley of coming again to Netherfield must give way
1661	The Adventures of Sherlock Holmes	Arthur Conan Doyle	The others are Finns and Germans
1342	Pride and Prejudice	Jane Austen	[Illustration] The two gentlemen left Rosings the next morning; and Mr
1342	Pride and Prejudice	Jane Austen	But what was your mother
345	Dracula	Bram Stoker	We shall get to the Pass in daylight; we do not want to arrive before
1342	Pride and Prejudice	Jane Austen	It was over at last, however
345	Dracula	Bram Stoker	He saw that with but one earth-box left, and a pack of men following like dogs after a fox, this London was no place for him
1342	Pride and Prejudice	Jane Austen	Darcy, he concluded his speech, which had been spoken so loud as to be heard by half the room
1342	Pride and Prejudice	Jane Austen	So high and so conceited, that there was no enduring him
1661	The Adventures of Sherlock Holmes	Arthur Conan Doyle	I could not dream of sacrificing it in this offhand fashion
1342	Pride and Prejudice	Jane Austen	Elizabeth had never been more at a loss to make her feelings appear what they were not
1342	Pride and Prejudice	Jane Austen	Every kind of pride must revolt from the connection
1342	Pride and Prejudice	Jane Austen	Bennet had not found Miss Bennet worse than she expected
1342	Pride and Prejudice	Jane Austen	I cannot forget the follies and vices of others so soon as I ought, nor their offences against myself
345	Dracula	Bram Stoker	Then there was the sound of a struggle, and I knew that the attendants were dealing with him
1342	Pride and Prejudice	Jane Austen	But no such happy marriage could now teach the admiring multitude what connubial felicity really was
1661	The Adventures of Sherlock Holmes	Arthur Conan Doyle	The Red-Headed League III
1661	The Adventures of Sherlock Holmes	Arthur Conan Doyle	Ah, Watson, you have just come at the right time
345	Dracula	Bram Stoker	I want to operate, but not as you think
1661	The Adventures of Sherlock Holmes	Arthur Conan Doyle	My sister asked me what was the matter, and why I was so pale; but I told her that I had been upset by the jewel robbery at the hotel
1342	Pride and Prejudice	Jane Austen	Wickham was sure to be one; and on these occasions Mrs
1342	Pride and Prejudice	Jane Austen	Gardiner added, in his letter, that they might expect to see their father at home on the following day, which was Saturday
345	Dracula	Bram Stoker	I should come to Exeter to see you at once if you tell me I am privilege to come, and where and when
1661	The Adventures of Sherlock Holmes	Arthur Conan Doyle	James Windibank running at the top of his speed down the road
1342	Pride and Prejudice	Jane Austen	Bennet was stirring the fire
1661	The Adventures of Sherlock Holmes	Arthur Conan Doyle	Rucastle let me out when he came back before he went up to you
345	Dracula	Bram Stoker	I shall send for Arthur to come too, and also that so fine young man of America that gave his blood
345	Dracula	Bram Stoker	Van Helsing was searching about that he was trying to seek some strategic point, where we would be less exposed in case of attack
1661	The Adventures of Sherlock Holmes	Arthur Conan Doyle	Is that your hat, Mr
345	Dracula	Bram Stoker	I put it down myself to her making a violent effort at the earliest instant she could do so
1661	The Adventures of Sherlock Holmes	Arthur Conan Doyle	He answered that the name was new to him
345	Dracula	Bram Stoker	I think they must originally have had something to do with the abbey
1661	The Adventures of Sherlock Holmes	Arthur Conan Doyle	Twenty-four geese at 7_s_
1342	Pride and Prejudice	Jane Austen	Gardiner were engaged with their children, was now put an end to by the approach of the whole party
345	Dracula	Bram Stoker	The nails were long and fine, and cut to a sharp point
1342	Pride and Prejudice	Jane Austen	She is well, and begs to be dutifully remembered to you and her mother.--Yours, etc
1661	The Adventures of Sherlock Holmes	Arthur Conan Doyle	But that is a mere detail
1342	Pride and Prejudice	Jane Austen	Darcy, and her resolution to be civil to him only as Mr
1342	Pride and Prejudice	Jane Austen	Who should suffer but myself
345	Dracula	Bram Stoker	The place was not so gruesome as last night, but oh, how unutterably mean-looking when the sunshine streamed in
1342	Pride and Prejudice	Jane Austen	I might, perhaps, wish to be informed why, with so little _endeavour_ at civility, I am thus rejected
345	Dracula	Bram Stoker	In fine, let us consider the limitations of the vampire in general, and of this one in particular
345	Dracula	Bram Stoker	Will you let me be your friend, and will you come to me for comfort if you need it
345	Dracula	Bram Stoker	There is grim purpose in all I do; and I warn you that you do not thwart me
1661	The Adventures of Sherlock Holmes	Arthur Conan Doyle	A ventilator is made, a cord is hung, and a lady who sleeps in the bed dies
1661	The Adventures of Sherlock Holmes	Arthur Conan Doyle	You may set your mind at rest about that
1661	The Adventures of Sherlock Holmes	Arthur Conan Doyle	As evening drew in, the storm grew higher and louder, and the wind cried and sobbed like a child in the chimney
1342	Pride and Prejudice	Jane Austen	The idea lasted while a turning in the walk concealed him from their view; the turning past, he was immediately before them
345	Dracula	Bram Stoker	God knows that I do not want that you be pained; but it is need that we know all
345	Dracula	Bram Stoker	Flick them in the face with a wet towel, and flick them hard
345	Dracula	Bram Stoker	At any rate, we have proved one thing; that the spells of quietness last a reasonable time
1342	Pride and Prejudice	Jane Austen	Hurst and Miss Bingley, and the lady with whom she lived in London
345	Dracula	Bram Stoker	How he must have suffered
1661	The Adventures of Sherlock Holmes	Arthur Conan Doyle	I entered my consulting-room and found a gentleman seated by the table
345	Dracula	Bram Stoker	I felt in my heart a wicked, burning desire that they would kiss me with those red lips
1342	Pride and Prejudice	Jane Austen	The possibility of meeting Mr
345	Dracula	Bram Stoker	Before I could get up to him the patient rushed at them, and pulling one of them off the cart, began to knock his head against the ground
1661	The Adventures of Sherlock Holmes	Arthur Conan Doyle	I have heard of you before
345	Dracula	Bram Stoker	Then when I return to the fire she have my supper ready
1342	Pride and Prejudice	Jane Austen	Wickham is by no means a respectable young man
1342	Pride and Prejudice	Jane Austen	Bennet indeed said little; but the ladies were ready enough to talk, and Mr
1342	Pride and Prejudice	Jane Austen	With such rivals for the notice of the fair as Mr
345	Dracula	Bram Stoker	Westenra, seal all her papers, and write him to-night
345	Dracula	Bram Stoker	Had hoped when in the English Channel to be able to signal for help or get in somewhere
345	Dracula	Bram Stoker	Wherever he may be in the Black Sea, the Count is hurrying to his destination
1342	Pride and Prejudice	Jane Austen	But Jane knows, as well as I do, what Wickham really is
345	Dracula	Bram Stoker	So I breakfasted alone
1661	The Adventures of Sherlock Holmes	Arthur Conan Doyle	More than once I have surprised her in tears
345	Dracula	Bram Stoker	Finally, she threw herself forward, and, though I could not see her, I could hear the beating of her naked hands against the door
345	Dracula	Bram Stoker	My legs are not so quick to run as once; and I am not used to ride so long or to pursue as need be, or to fight with lethal weapons
1342	Pride and Prejudice	Jane Austen	was not a man to be trusted
345	Dracula	Bram Stoker	Just then a heavy cloud passed across the face of the moon, so that we were again in darkness
345	Dracula	Bram Stoker	Then I ran to the window and cried to them
11	Alice's Adventures in Wonderland	Lewis Carroll	Oh, how I wish I could shut up like a telescope
1661	The Adventures of Sherlock Holmes	Arthur Conan Doyle	I would send you a wire
1342	Pride and Prejudice	Jane Austen	In that county there was enough to be seen to occupy the chief of their three weeks; and to Mrs
345	Dracula	Bram Stoker	Between the two piers there is a narrow opening into the harbour, which then suddenly widens
345	Dracula	Bram Stoker	This was all the information Mr
345	Dracula	Bram Stoker	Van Helsing, and he has got me all the papers that I have not yet seen
345	Dracula	Bram Stoker	If you only knew what an effort it is to me to tell of this fearful thing at all, you would understand how much I need your help
1661	The Adventures of Sherlock Holmes	Arthur Conan Doyle	I should not dream of doing so were it not absolutely certain that I should be able in four days to reclaim it
1661	The Adventures of Sherlock Holmes	Arthur Conan Doyle	Disregarding my presence, she went straight to her uncle and passed her hand over his head with a sweet womanly caress
1661	The Adventures of Sherlock Holmes	Arthur Conan Doyle	Fairbank was a good-sized square house of white stone, standing back a little from the road
345	Dracula	Bram Stoker	Arthur by direction remained outside
345	Dracula	Bram Stoker	She and I were like sisters; and now she is gone, will you not let me be like a sister to you in your trouble
345	Dracula	Bram Stoker	Quincey seemed to understand; he nodded, and her face lit up
345	Dracula	Bram Stoker	Mate and I agreed to go armed henceforth and wait for any sign of cause
345	Dracula	Bram Stoker	My wrist bled freely, and quite a little pool trickled on to the carpet
1342	Pride and Prejudice	Jane Austen	I wish you had been there, my dear, to have given him one of your set-downs
345	Dracula	Bram Stoker	The groove ceased to avail me, and I mistrusted myself
1661	The Adventures of Sherlock Holmes	Arthur Conan Doyle	I think that we may gain that by means of the law; but we have our web to weave, while theirs is already woven
1661	The Adventures of Sherlock Holmes	Arthur Conan Doyle	Therefore he used a holder
1661	The Adventures of Sherlock Holmes	Arthur Conan Doyle	She has the face of the most beautiful of women, and the mind of the most resolute of men
345	Dracula	Bram Stoker	As it is, I am darkly suspicious
345	Dracula	Bram Stoker	He lay like a filthy leech, exhausted with his repletion
345	Dracula	Bram Stoker	I knew it had something to do with the church
11	Alice's Adventures in Wonderland	Lewis Carroll	He sent them word I had not gone (We know it to be true): If she should push the matter on, What would become of you
345	Dracula	Bram Stoker	I knew at all events that neither of them was Jonathan
345	Dracula	Bram Stoker	Closer and closer they drew
1342	Pride and Prejudice	Jane Austen	Though Lydia had never been a favourite with them, Mr
345	Dracula	Bram Stoker	Forget it for the present
345	Dracula	Bram Stoker	I shall be at hand all the night from sunset till after the sunrise, and if there be aught that may be learned I shall learn it
345	Dracula	Bram Stoker	I felt so thankful that Lord Godalming is rich, and that both he and Mr
1661	The Adventures of Sherlock Holmes	Arthur Conan Doyle	The front room was plainly furnished as a sitting-room and led into a small bedroom, which looked out upon the back of one of the wharves
345	Dracula	Bram Stoker	What have I done to you that you should torture me so
345	Dracula	Bram Stoker	God and the Blessed Virgin and the saints help a poor ignorant soul trying to do his duty
1661	The Adventures of Sherlock Holmes	Arthur Conan Doyle	There was the case, and of course there was but one way out of it
1342	Pride and Prejudice	Jane Austen	Adieu to disappointment and spleen
1661	The Adventures of Sherlock Holmes	Arthur Conan Doyle	It is a subject to which I have devoted some little attention
1342	Pride and Prejudice	Jane Austen	If he did shrug his shoulders, it was not till Sir William was out of sight
1661	The Adventures of Sherlock Holmes	Arthur Conan Doyle	But among them was Sir George Burnwell
345	Dracula	Bram Stoker	God be thanked she was not, yet, of them
1342	Pride and Prejudice	Jane Austen	Her aunt now called her to look at a picture
1661	The Adventures of Sherlock Holmes	Arthur Conan Doyle	I shall stand behind this crate, and do you conceal yourselves behind those
1342	Pride and Prejudice	Jane Austen	How differently did everything now appear in which he was concerned
1342	Pride and Prejudice	Jane Austen	How it could occur a second time, therefore, was very odd
1342	Pride and Prejudice	Jane Austen	And how impossible in others
1342	Pride and Prejudice	Jane Austen	I am sure you neglect nothing that can add to the beauties of that noble place
345	Dracula	Bram Stoker	After a little while, not hearing any sound, I came out and went up the stone stair to where I could look out towards the South
1342	Pride and Prejudice	Jane Austen	Gardiner, who was not a great walker, could go no farther, and thought only of returning to the carriage as quickly as possible
11	Alice's Adventures in Wonderland	Lewis Carroll	She was walking by the White Rabbit, who was peeping anxiously into her face
1342	Pride and Prejudice	Jane Austen	Instead of viewing them as a stranger, I might have rejoiced in them as my own, and welcomed to them as visitors my uncle and aunt
1342	Pride and Prejudice	Jane Austen	Soon after you left me on Saturday, I was fortunate enough to find out in what part of London they were
345	Dracula	Bram Stoker	As I appeared they all joined in a horrible laugh, and ran away
345	Dracula	Bram Stoker	I think he understood my look; I hope he did
345	Dracula	Bram Stoker	And then insensibly there came the strange change which I had noticed in the night
345	Dracula	Bram Stoker	You deal with the madmen
345	Dracula	Bram Stoker	Westenra died five days ago, and that Lucy died the day before yesterday
345	Dracula	Bram Stoker	This seemed to pique general curiosity, and quite a number of people began to run
1342	Pride and Prejudice	Jane Austen	The far and the near must be relative, and depend on many varying circumstances
1661	The Adventures of Sherlock Holmes	Arthur Conan Doyle	Was it not extraordinary
1661	The Adventures of Sherlock Holmes	Arthur Conan Doyle	I tried to puzzle it out, but gave it up in despair and set the matter aside until night should bring an explanation
1661	The Adventures of Sherlock Holmes	Arthur Conan Doyle	Two attempts of the sort have already been made
345	Dracula	Bram Stoker	Till then good-bye, my friend John
345	Dracula	Bram Stoker	On the bed lay two women, Lucy and her mother
1342	Pride and Prejudice	Jane Austen	Haggerston has our directions, and all will be completed in a week
345	Dracula	Bram Stoker	And so we remained till the red of the dawn to fall through the snow-gloom
345	Dracula	Bram Stoker	Morris paid the cabman, who touched his hat and drove away
345	Dracula	Bram Stoker	We are truly in the hands of God
345	Dracula	Bram Stoker	All was dark and silent, the black shadows thrown by the moonlight seeming full of a silent mystery of their own
1661	The Adventures of Sherlock Holmes	Arthur Conan Doyle	Rucastle, walking up and down on the other side of the room, began to tell me a series of the funniest stories that I have ever listened to
345	Dracula	Bram Stoker	I feared he might take it ill, he looked so fierce and nasty
1661	The Adventures of Sherlock Holmes	Arthur Conan Doyle	Holmes, especially Thursday and Friday evening, which is just before pay-day; so it would suit me very well to earn a little in the mornings
345	Dracula	Bram Stoker	He was a smart enough fellow, though rough of speech and bearing
345	Dracula	Bram Stoker	I trust your poor father is rallying
1342	Pride and Prejudice	Jane Austen	She stood several minutes before the picture, in earnest contemplation, and returned to it again before they quitted the gallery
345	Dracula	Bram Stoker	If we do not act properly and wisely, there may be an inquest, and that paper would have to be produced
345	Dracula	Bram Stoker	Then a thought struck me, and I went back to the room where Lucy now was
345	Dracula	Bram Stoker	How good and thoughtful he is; the world seems full of good men--even if there _are_ monsters in it
1661	The Adventures of Sherlock Holmes	Arthur Conan Doyle	Then I thought of the whistle
345	Dracula	Bram Stoker	Swales was found dead this morning on our seat, his neck being broken
1342	Pride and Prejudice	Jane Austen	You have widely mistaken my character, if you think I can be worked on by such persuasions as these
345	Dracula	Bram Stoker	Then he struck with all his might
1661	The Adventures of Sherlock Holmes	Arthur Conan Doyle	So accustomed was I to his invariable success that the very possibility of his failing had ceased to enter into my head
345	Dracula	Bram Stoker	He went to Exeter yesterday, and stayed there all night
345	Dracula	Bram Stoker	There are days for us, in which we can make ready our plan
345	Dracula	Bram Stoker	We have over-hauled every boat, big and little
345	Dracula	Bram Stoker	I am unclean to His eyes, and shall be until He may deign to let me stand forth in His sight as one of those who have not incurred His wrath
1661	The Adventures of Sherlock Holmes	Arthur Conan Doyle	Then I saw him scribble on a piece of paper, and I knew that he was writing me a note
345	Dracula	Bram Stoker	Tell him what I think, if you can guess it, if you will
345	Dracula	Bram Stoker	It would have to take its chance of being delayed; and delay would be fatal, with enemies on the track
11	Alice's Adventures in Wonderland	Lewis Carroll	How puzzling all these changes are
345	Dracula	Bram Stoker	Arthur had then fallen into a doze, and he mercifully let him sleep on
345	Dracula	Bram Stoker	As she must pass the Dardanelles we are sure to have some report
345	Dracula	Bram Stoker	Arthur has gone back to Ring, and has taken Quincey Morris with him
345	Dracula	Bram Stoker	We think that we shall not have much trouble with officials or the seamen
345	Dracula	Bram Stoker	I held my door open as he went away, and watched him go into his room and close the door
1342	Pride and Prejudice	Jane Austen	Her feelings as she read were scarcely to be defined
1661	The Adventures of Sherlock Holmes	Arthur Conan Doyle	I had been warned against you months ago
1342	Pride and Prejudice	Jane Austen	But I am at his disposal
1661	The Adventures of Sherlock Holmes	Arthur Conan Doyle	The sight of the safe, the saucer of milk, and the loop of whipcord were enough to finally dispel any doubts which may have remained
345	Dracula	Bram Stoker	I took them before we knew that all was yours, so that no strange hand might touch them--no strange eye look through words into her soul
1661	The Adventures of Sherlock Holmes	Arthur Conan Doyle	My wife is fond of a particular shade of electric blue and would like you to wear such a dress indoors in the morning
345	Dracula	Bram Stoker	So he came to London to invade a new land
1342	Pride and Prejudice	Jane Austen	[Illustration] After a week spent in professions of love and schemes of felicity, Mr
1342	Pride and Prejudice	Jane Austen	She mentioned this to her friend, Miss Lucas
1661	The Adventures of Sherlock Holmes	Arthur Conan Doyle	One sorrow comes close upon the heels of another
345	Dracula	Bram Stoker	We broke house at Carfax, but we had night and a walled park to protect us
1661	The Adventures of Sherlock Holmes	Arthur Conan Doyle	I had said to her last night, in sorrow and not in anger, that if she had married my boy all might have been well with him
1342	Pride and Prejudice	Jane Austen	Elizabeth, to whom Jane very soon communicated the chief of all this, heard it in silent indignation
345	Dracula	Bram Stoker	Quincey went off to meet him at the station
345	Dracula	Bram Stoker	He must have come off by himself, for none notice him
1661	The Adventures of Sherlock Holmes	Arthur Conan Doyle	I can hardly see how the lady could have acted otherwise, though her abrupt method of doing it was undoubtedly to be regretted
345	Dracula	Bram Stoker	More than once as we sat around the table, my eyes opened in wonder whether the whole of the past days had not been a dream
1661	The Adventures of Sherlock Holmes	Arthur Conan Doyle	As you may observe, Mr
1661	The Adventures of Sherlock Holmes	Arthur Conan Doyle	If you can enjoy it in peace, well and good
345	Dracula	Bram Stoker	Hush, there is no time now
1661	The Adventures of Sherlock Holmes	Arthur Conan Doyle	That is why I was so out of breath, for I am a man who takes very little exercise
345	Dracula	Bram Stoker	Where ends the war without a brain and heart to conduct it
1342	Pride and Prejudice	Jane Austen	I am prodigiously proud of him
1661	The Adventures of Sherlock Holmes	Arthur Conan Doyle	You have dishonoured me forever
1661	The Adventures of Sherlock Holmes	Arthur Conan Doyle	With this intention, I called a cab and drove out to my house at Streatham, carrying the jewel with me
1342	Pride and Prejudice	Jane Austen	People do not die of little trifling colds
1342	Pride and Prejudice	Jane Austen	But I can assure the young ladies that I come prepared to admire them
1342	Pride and Prejudice	Jane Austen	But her conclusion was false; for on the very morning after their own arrival at Lambton these visitors came
1342	Pride and Prejudice	Jane Austen	With these rooms I might have now been familiarly acquainted
345	Dracula	Bram Stoker	To my astonishment, he did not break out into a fury, as I expected, but took the matter in simple seriousness
345	Dracula	Bram Stoker	The real God taketh heed lest a sparrow fall; but the God created from human vanity sees no difference between an eagle and a sparrow
345	Dracula	Bram Stoker	Van Helsing if I am not right; if he disagrees you may do as you will
345	Dracula	Bram Stoker	I am not even concerned in His especially spiritual doings
345	Dracula	Bram Stoker	And there is also something about the shorthand symbols that makes it different from writing
345	Dracula	Bram Stoker	It will be much difference, mark me, whether she dies conscious or in her sleep
1342	Pride and Prejudice	Jane Austen	There was no one, therefore, who could be pointed out as likely to give any news of him
1342	Pride and Prejudice	Jane Austen	Bennet, whose dislike of his general behaviour was sharpened into particular resentment by his having slighted one of her daughters
345	Dracula	Bram Stoker	If I could, I would take on myself the burden that you do bear
1342	Pride and Prejudice	Jane Austen	I told you in the library, you know, that I should never speak to you again, and you will find me as good as my word
1342	Pride and Prejudice	Jane Austen	There was no help for it, however
345	Dracula	Bram Stoker	Unconscious cerebration was doing its work, even with the lunatic
1661	The Adventures of Sherlock Holmes	Arthur Conan Doyle	If you show us what is wrong we shall soon set it right ourselves
345	Dracula	Bram Stoker	I look at that last letter of his, but somehow it does not satisfy me
1661	The Adventures of Sherlock Holmes	Arthur Conan Doyle	By a curious chance you came upon her tresses
345	Dracula	Bram Stoker	When we got home the fresh breeze had braced her up, and her pale cheeks were really more rosy
345	Dracula	Bram Stoker	Then, when she is coffined ready for the next day, you and I shall come when all sleep
345	Dracula	Bram Stoker	In my manner of doing it there was, I now see, something of cruelty
1342	Pride and Prejudice	Jane Austen	so much the man of fashion
345	Dracula	Bram Stoker	We must, therefore, guard ourselves from his touch
345	Dracula	Bram Stoker	At first she did not respond; but gradually she became more and more uneasy in her sleep, moaning and sighing occasionally
345	Dracula	Bram Stoker	We found out that this was all the Captain knew; so with thanks we came away
345	Dracula	Bram Stoker	The driver saw it at the same moment; he at once checked the horses, and, jumping to the ground, disappeared into the darkness
1342	Pride and Prejudice	Jane Austen	Though she dared not depend upon the consequence, she yet received pleasure from observing his behaviour
345	Dracula	Bram Stoker	Van Helsing took some things from his bag and laid them on a little table out of sight
345	Dracula	Bram Stoker	At the same moment Dr
345	Dracula	Bram Stoker	I sent word for the attendants to follow
345	Dracula	Bram Stoker	I suppose it must have come in the night, and matured without my knowing it
345	Dracula	Bram Stoker	Seward was in the next room--as Dr
345	Dracula	Bram Stoker	A gun is fired somewhere; the echo of it seems far away
1661	The Adventures of Sherlock Holmes	Arthur Conan Doyle	But if it were the maids, why should your son allow himself to be accused in their place
1661	The Adventures of Sherlock Holmes	Arthur Conan Doyle	Obviously something had occurred during the morning, then, to cause her to change her mind
1661	The Adventures of Sherlock Holmes	Arthur Conan Doyle	There it is in a nutshell
1661	The Adventures of Sherlock Holmes	Arthur Conan Doyle	I told my pal what I had done, for he was a man that it was easy to tell a thing like that to
1661	The Adventures of Sherlock Holmes	Arthur Conan Doyle	In a word, I turned over a new leaf and did my best to make up for the past
1342	Pride and Prejudice	Jane Austen	They walked on without knowing in what direction
1342	Pride and Prejudice	Jane Austen	I wish you very happy and very rich, and by refusing your hand, do all in my power to prevent your being otherwise
345	Dracula	Bram Stoker	Let me not think of it
1661	The Adventures of Sherlock Holmes	Arthur Conan Doyle	You must assert that in such words as will carry conviction with them
345	Dracula	Bram Stoker	The attendant was struck by his manner, and knowing my interest in him, encouraged him to talk
345	Dracula	Bram Stoker	A., which is very strong in Whitby, have tried to befriend the animal
345	Dracula	Bram Stoker	He certainly did seem earnest, though
345	Dracula	Bram Stoker	The carriage ordered from the hotel was waiting
345	Dracula	Bram Stoker	Her husband flung himself on his knees beside her, and putting his arms round her, hid his face in the folds of her dress
345	Dracula	Bram Stoker	I noticed that Van Helsing tied a soft silk handkerchief round her throat
345	Dracula	Bram Stoker	God bless and keep him
345	Dracula	Bram Stoker	I could not speak; my emotion was too great for even the relief of tears
1661	The Adventures of Sherlock Holmes	Arthur Conan Doyle	I was just balancing whether I should run for it, or whether I should perch behind her landau when a cab came through the street
1661	The Adventures of Sherlock Holmes	Arthur Conan Doyle	Holmes; and I know very well that he could better himself and earn twice what I am able to give him
1342	Pride and Prejudice	Jane Austen	Here, Sarah, come to Miss Bennet this moment, and help her on with her gown
1661	The Adventures of Sherlock Holmes	Arthur Conan Doyle	By degrees he made friends in the neighbourhood, and in 1887 he married the daughter of a local brewer, by whom he now has two children
1342	Pride and Prejudice	Jane Austen	What can he mean by being so tiresome as to be always coming here
345	Dracula	Bram Stoker	He came back full of life and hope and determination; we have got everything in order for to-night
1661	The Adventures of Sherlock Holmes	Arthur Conan Doyle	It was a smart little landau which rattled up to the door of Briony Lodge
345	Dracula	Bram Stoker	I have a kind of belief in a Winchester when there is any trouble of that sort around
1661	The Adventures of Sherlock Holmes	Arthur Conan Doyle	He could not explain the true state of affairs without betraying one who certainly deserved little enough consideration at his hands
345	Dracula	Bram Stoker	As he did so we heard Mr
345	Dracula	Bram Stoker	He was, in fact, commanding destiny--subjectively
345	Dracula	Bram Stoker	Present: Professor Van Helsing, Lord Godalming, Dr
345	Dracula	Bram Stoker	At last I pulled open a heavy door which stood ajar, and found myself in an old, ruined chapel, which had evidently been used as a graveyard
345	Dracula	Bram Stoker	Men all in a panic of fear; sent a round robin, asking to have double watch, as they fear to be alone
345	Dracula	Bram Stoker	Then will come our time
1342	Pride and Prejudice	Jane Austen	It was really a very handsome thought
345	Dracula	Bram Stoker	I had a letter from Arthur, written on Sunday, and from it I gather that he is bearing up wonderfully well
345	Dracula	Bram Stoker	There are, I pray God and St
1342	Pride and Prejudice	Jane Austen	Bennet, all amazement, though flattered by having a guest of such high importance, received her with the utmost politeness
1661	The Adventures of Sherlock Holmes	Arthur Conan Doyle	And no later than this morning
1342	Pride and Prejudice	Jane Austen	Well, he certainly is very agreeable, and I give you leave to like him
1661	The Adventures of Sherlock Holmes	Arthur Conan Doyle	Every morning I was there at ten, and every afternoon I left at two
1342	Pride and Prejudice	Jane Austen	They called at various times of the morning, sometimes separately, sometimes together, and now and then accompanied by their aunt
345	Dracula	Bram Stoker	We got a bath and carried Lucy out as she was and placed her in it
1342	Pride and Prejudice	Jane Austen	That his two sisters and Mr
1661	The Adventures of Sherlock Holmes	Arthur Conan Doyle	She had hardly said the words when young Mr
1661	The Adventures of Sherlock Holmes	Arthur Conan Doyle	It may well have been cause and effect
345	Dracula	Bram Stoker	you will have to give the wall to your conscious brother
345	Dracula	Bram Stoker	So I make my choice to go on with my work
1661	The Adventures of Sherlock Holmes	Arthur Conan Doyle	I expect that within an hour matters will come to a head
1661	The Adventures of Sherlock Holmes	Arthur Conan Doyle	What could it be, once more
1342	Pride and Prejudice	Jane Austen	The conversation soon turned upon fishing; and she heard Mr
345	Dracula	Bram Stoker	Somehow, although the reality seems greater each time, the pain and the fear seem less
345	Dracula	Bram Stoker	I was somewhat puzzled at this, and being close, asked him what it was that he was doing
1342	Pride and Prejudice	Jane Austen	Bingley by a housemaid, and some time afterwards from the two elegant ladies who waited on his sisters
345	Dracula	Bram Stoker	It was no wonder that the coastguard was surprised, or even awed, for not often can such a sight have been seen
1342	Pride and Prejudice	Jane Austen	Their table was superlatively stupid
1342	Pride and Prejudice	Jane Austen	Darcy should hear the first raptures of her joy, than the first vehemence of her disapprobation
1661	The Adventures of Sherlock Holmes	Arthur Conan Doyle	Merryweather, striking his stick upon the flags which lined the floor
345	Dracula	Bram Stoker	It may be that this strange night-existence is telling on me; but would that that were all
345	Dracula	Bram Stoker	Hawkins has died very suddenly
345	Dracula	Bram Stoker	_By Rail._--There is no one in charge of the box
345	Dracula	Bram Stoker	I sat down and simply cried
345	Dracula	Bram Stoker	Oh, God, how it made me shudder to see it
1661	The Adventures of Sherlock Holmes	Arthur Conan Doyle	She became restive, insisted upon her rights, and finally announced her positive intention of going to a certain ball
1661	The Adventures of Sherlock Holmes	Arthur Conan Doyle	We had occasion some months ago to strengthen our resources and borrowed for that purpose 30,000 napoleons from the Bank of France
345	Dracula	Bram Stoker	The next day we came here in day-time, and she lay there
